,group_5497_363_T->G,truD_1~~~truD~~~truD_2_526_C->A,group_6510_7_A->G,label,group_9359,amr_rmtB-cluster1,group_4214,amr_sul1_5-cluster1,amr_msr(E)-cluster1,group_11160,amr_armA-cluster1,group_4945,group_3312,group_12888,group_2424
GN183243,0.0,0.0,0.0,0,0,0,0,0,0,0,0,0,0,0,0
GN180953,1.0,0.0,0.0,0,0,0,0,0,0,0,0,0,0,0,0
GN132173,1.0,0.0,0.0,0,0,0,0,0,0,0,0,0,0,0,0
GN100673,1.0,0.0,0.0,0,0,0,0,0,0,0,0,0,0,0,0
GN130225,1.0,0.0,0.0,0,0,0,0,0,0,0,0,0,0,0,0
GN193674,1.0,0.0,0.0,0,0,0,0,1,0,0,0,0,0,0,0
GCA_022070625,1.0,0.0,0.0,0,0,0,0,1,0,0,0,0,0,0,0
GN070813,1.0,0.0,0.0,0,0,0,0,0,0,0,0,0,0,0,0
GCA_022078385,1.0,0.0,0.0,0,0,0,0,1,0,0,0,0,0,0,0
GCA_022063565,1.0,0.0,0.0,0,0,0,0,0,0,0,0,0,0,0,0
GN203397,1.0,0.0,0.0,0,0,0,0,0,0,0,0,0,0,0,0
GN132184,0.0,0.0,0.0,0,0,0,0,1,0,0,0,0,0,0,0
GN180948,1.0,0.0,0.0,0,0,0,0,0,0,0,0,0,0,0,0
GCA_003571745,0.0,0.0,0.0,0,0,0,0,1,0,0,0,0,0,0,0
GN130789,1.0,0.0,0.0,0,0,0,0,1,0,0,0,0,0,0,0
GCA_022078965,1.0,0.0,0.0,0,0,0,0,0,0,0,0,0,0,0,0
GN120450,1.0,0.0,0.0,0,0,0,0,0,0,0,0,0,0,0,0
GN181211,1.0,0.0,0.0,0,0,0,0,1,0,0,0,0,0,0,0
GCA_022065285,1.0,0.0,0.0,0,0,0,0,0,0,0,0,0,0,0,0
GCA_022080895,1.0,0.0,0.0,0,0,0,0,0,0,0,0,0,0,0,0
GN111124,1.0,0.0,0.0,0,0,0,0,0,0,0,0,0,0,0,0
GN183047,0.0,0.0,0.0,0,0,0,0,1,0,0,0,0,0,0,0
GN071209,0.0,1.0,0.0,0,0,0,0,0,0,0,0,1,0,0,0
GCA_022074525,1.0,0.0,0.0,0,0,0,0,1,0,0,0,0,0,0,0
GCA_022068505,1.0,0.0,0.0,0,0,0,0,0,0,0,0,0,0,0,0
GN111266,0.0,0.0,0.0,0,0,0,0,0,0,0,0,0,0,0,0
GCA_022061625,1.0,0.0,0.0,0,0,0,0,0,0,0,0,0,0,0,0
GN192430,0.0,1.0,0.0,1,1,0,1,1,1,0,1,1,1,1,1
GCA_000567605,1.0,0.0,0.0,0,0,0,0,1,0,0,0,0,0,0,0
GCA_022070865,0.0,0.0,0.0,0,0,0,0,0,0,0,0,0,0,0,0
GN132002,0.0,1.0,0.0,0,0,0,0,1,0,0,0,1,0,0,0
GCA_022082215,1.0,0.0,0.0,0,0,0,0,0,0,0,0,0,0,0,0
GN165009,1.0,0.0,0.0,0,0,0,0,0,0,0,0,0,0,0,0
GN200976,1.0,0.0,0.0,0,0,0,0,0,0,0,0,0,0,0,0
GN130363,0.0,0.0,0.0,0,0,0,0,0,0,0,0,0,0,0,0
GN203761,1.0,0.0,0.0,0,0,0,0,0,0,0,0,0,0,0,0
GCA_022065165,1.0,0.0,0.0,0,0,0,0,0,0,0,0,0,0,0,0
GN165017,1.0,0.0,0.0,0,0,0,0,0,0,0,0,0,0,0,0
GCA_022081395,1.0,0.0,0.0,0,0,0,0,1,0,0,0,0,0,0,0
GN180133,1.0,0.0,0.0,0,0,0,0,0,0,0,0,0,0,0,0
GN192373,1.0,0.0,0.0,0,0,0,0,0,0,0,0,0,0,0,0
GCA_022068325,0.0,1.0,0.0,0,0,0,0,0,0,1,0,1,0,0,0
GN202656,0.0,1.0,0.0,1,0,1,0,0,0,0,0,1,0,0,0
GN121888,0.0,0.0,0.0,1,1,0,1,1,1,0,1,0,1,1,1
GN141322,1.0,0.0,0.0,0,0,0,0,0,0,0,0,0,0,0,0
GN100310,0.0,0.0,0.0,0,0,0,0,1,0,0,0,0,0,0,0
GN100643,0.0,1.0,0.0,1,0,1,0,1,0,0,0,1,0,0,0
GCA_022078555,1.0,0.0,0.0,0,0,0,0,0,0,0,0,0,0,0,0
GN121308,1.0,0.0,0.0,0,0,0,0,1,0,1,0,0,0,0,0
GCA_002192375,0.0,0.0,0.0,1,0,0,0,1,0,0,0,0,0,0,0
GN201457,1.0,0.0,0.0,0,0,0,0,0,0,0,0,0,0,0,0
GN192410,1.0,0.0,0.0,0,0,0,0,0,0,0,0,0,0,0,0
GN190552,1.0,0.0,0.0,0,0,0,0,0,0,0,0,0,0,0,0
GN132213,1.0,0.0,0.0,0,0,0,0,1,0,0,0,0,0,0,0
GN101479,0.0,0.0,0.0,1,1,0,1,1,1,0,1,0,1,1,1
GCA_022081335,0.0,1.0,0.0,0,0,0,0,1,0,1,0,1,0,0,0
GN060284,0.0,0.0,0.0,0,0,0,0,1,0,0,0,1,0,0,0
GCA_022059225,1.0,0.0,0.0,0,0,0,0,0,0,0,0,0,0,0,0
GN060971,1.0,0.0,0.0,1,0,0,0,0,0,0,0,0,0,0,0
GN203610,1.0,0.0,0.0,0,0,0,0,0,0,0,0,0,0,0,0
GCA_022075265,0.0,0.0,0.0,0,0,0,0,1,0,0,0,0,0,0,0
GN131532,0.0,0.0,0.0,0,0,0,0,1,0,0,0,0,0,0,0
GCA_022071325,0.0,1.0,0.0,1,0,0,0,1,0,1,0,1,0,0,0
GN120356,0.0,0.0,0.0,1,0,1,0,0,0,0,0,0,0,0,0
GCA_022075705,1.0,0.0,0.0,0,0,0,0,0,0,0,0,0,0,0,0
GN130749,0.0,0.0,0.0,0,0,0,0,1,0,0,0,0,0,0,0
GCA_022068605,1.0,0.0,0.0,0,0,0,0,0,0,0,0,0,0,0,0
GN193714,1.0,0.0,0.0,0,0,0,0,0,0,0,0,0,0,0,0
GCA_022080115,0.0,1.0,0.0,1,0,0,0,1,0,1,0,1,0,0,0
GN130953,1.0,0.0,0.0,0,0,0,0,0,0,0,0,0,0,0,0
GN131382,1.0,0.0,0.0,0,0,0,0,0,0,0,0,0,0,0,0
GN163500,1.0,0.0,0.0,0,0,0,0,0,0,0,0,0,0,0,0
GN121782,1.0,0.0,0.0,0,0,0,0,1,0,0,0,0,0,0,0
GCA_022071505,0.0,0.0,0.0,0,0,0,0,1,0,0,0,0,0,0,0
GCA_022073105,0.0,1.0,0.0,1,0,0,0,1,0,1,0,1,0,0,0
GCA_022061565,1.0,0.0,0.0,0,0,0,0,0,0,0,0,0,0,0,0
GN101475,1.0,0.0,0.0,0,0,0,0,1,0,0,0,0,0,0,0
GN151533,1.0,0.0,0.0,0,0,0,0,0,0,0,0,0,0,0,0
GN203591,1.0,0.0,0.0,0,0,0,0,0,0,0,0,0,0,0,0
GN091261,1.0,0.0,0.0,1,0,0,0,0,0,0,0,0,0,0,0
GN081020,0.0,0.0,0.0,1,1,0,1,1,1,0,1,0,1,1,1
GN201667,1.0,0.0,0.0,0,0,0,0,0,0,0,0,0,0,0,0
GCA_022066845,0.0,1.0,0.0,1,0,0,0,1,0,1,0,1,0,0,0
GCA_022081815,1.0,0.0,0.0,0,0,0,0,0,0,0,0,0,0,0,0
GN071236,1.0,0.0,0.0,0,0,0,0,1,0,0,0,0,0,0,0
GN201611,1.0,0.0,0.0,0,0,0,0,0,0,0,0,0,0,0,0
GN132512,1.0,0.0,0.0,0,0,0,0,0,0,0,0,0,0,0,0
GN130625,1.0,0.0,0.0,0,0,0,0,0,0,0,0,0,0,0,0
GN201284,0.0,0.0,0.0,0,0,0,0,1,1,0,0,0,0,0,0
GN181924,1.0,0.0,0.0,0,0,0,0,0,0,0,0,0,0,0,0
GN183042,1.0,0.0,0.0,0,0,0,0,1,0,0,0,0,0,0,0
GN060952,1.0,0.0,0.0,1,0,0,0,1,0,0,0,0,0,0,0
GN201541,1.0,0.0,0.0,0,0,0,0,0,0,0,0,0,0,0,0
GN172582,1.0,0.0,0.0,0,0,0,0,1,0,0,0,0,0,0,0
GCA_022064245,1.0,0.0,0.0,0,0,0,0,0,0,0,0,0,0,0,0
GN193461,1.0,0.0,0.0,0,0,0,0,0,0,0,0,0,0,0,0
GN100670,0.0,1.0,0.0,0,0,0,0,1,0,0,0,1,0,0,0
GN121358,1.0,0.0,0.0,0,0,0,0,0,0,0,0,0,0,0,0
GCA_022062525,0.0,1.0,0.0,0,0,0,0,0,0,0,0,1,0,0,0
GN081316,1.0,0.0,0.0,0,0,0,0,0,0,0,0,0,0,0,0
GCA_022081275,1.0,0.0,0.0,0,0,0,0,0,0,0,0,0,0,0,0
GCA_000567625,0.0,0.0,0.0,0,0,0,0,0,0,0,0,0,0,0,0
GN180339,1.0,0.0,0.0,0,0,0,0,0,0,0,0,0,0,0,0
GN122553,1.0,0.0,0.0,0,0,0,0,0,0,0,0,0,0,0,0
GN201008,0.0,0.0,0.0,0,0,0,0,1,0,0,0,0,0,0,0
GCA_022066765,0.0,0.0,0.0,0,0,0,0,0,0,0,0,0,0,0,0
GN132287,1.0,0.0,0.0,0,0,0,0,0,0,0,0,0,0,0,0
GN131065,1.0,0.0,0.0,0,0,0,0,0,0,0,0,0,0,0,0
GN060650,1.0,0.0,0.0,0,0,0,0,1,0,0,0,0,0,0,0
GN091242,0.0,0.0,0.0,1,0,0,0,1,0,0,0,0,0,0,0
GN122362,1.0,0.0,0.0,0,0,0,0,1,0,0,0,0,0,0,0
GN132039,1.0,0.0,0.0,0,0,0,0,0,0,0,0,0,0,0,0
GN122743,0.0,0.0,0.0,0,0,0,0,1,0,0,0,0,0,0,0
GCA_022081075,1.0,0.0,0.0,0,0,0,0,0,0,0,0,0,0,0,0
GN120832,0.0,0.0,0.0,0,0,0,0,1,0,0,0,0,0,0,0
GN171441,1.0,0.0,0.0,0,0,0,0,0,0,0,0,0,0,0,0
GN183034,0.0,1.0,0.0,0,0,0,0,0,0,0,0,0,0,0,0
GN122831,0.0,1.0,0.0,0,0,0,0,1,0,0,0,1,0,0,0
GN181681,1.0,0.0,0.0,0,0,0,0,0,0,0,0,0,0,0,0
GCA_022062785,1.0,0.0,0.0,0,0,0,0,0,0,0,0,0,0,0,0
GCA_022084675,0.0,0.0,0.0,0,0,0,0,0,0,0,0,0,0,0,0
GN120970,1.0,0.0,0.0,0,0,0,0,1,0,0,0,0,0,0,0
GCA_022066725,1.0,0.0,0.0,0,0,0,0,0,0,0,0,0,0,0,0
GN201139,0.0,0.0,0.0,0,0,0,0,1,0,0,0,0,0,0,0
GN132294,1.0,0.0,0.0,0,0,0,0,0,0,0,0,0,0,0,0
GN191725,1.0,0.0,0.0,0,0,0,0,1,0,0,0,0,0,0,0
GN141425,1.0,0.0,0.0,0,0,0,0,0,0,0,0,0,0,0,0
GN120987,1.0,0.0,0.0,0,0,0,0,0,0,0,0,0,0,0,0
GN090499,0.0,0.0,0.0,0,0,0,0,1,0,0,0,0,0,0,0
GN132137,0.0,0.0,0.0,1,1,0,1,1,1,0,1,0,1,1,1
GN200855,0.0,0.0,0.0,0,0,0,0,1,0,0,0,0,0,0,0
GN121857,1.0,0.0,0.0,0,0,0,0,0,0,0,0,0,0,0,0
GN141983,1.0,0.0,0.0,0,0,0,0,0,0,0,0,0,0,0,0
GN173054,0.0,1.0,0.0,1,1,0,1,1,1,0,1,1,1,1,1
GN120664,1.0,0.0,0.0,0,0,0,0,0,0,0,0,0,0,0,0
GN180720,0.0,1.0,0.0,1,1,0,1,1,1,0,1,1,1,1,1
GCA_022087105,1.0,0.0,0.0,0,0,0,0,0,0,0,0,0,0,0,0
GN121220,0.0,0.0,0.0,0,0,0,0,1,0,0,0,0,0,0,0
GN201542,1.0,0.0,0.0,0,0,0,0,0,0,0,0,0,0,0,0
GN140463,1.0,0.0,0.0,0,0,0,0,0,0,0,0,0,0,0,0
GN101684,1.0,0.0,0.0,0,0,0,0,0,0,0,0,1,0,0,0
GN141432,1.0,0.0,0.0,0,0,0,0,0,0,0,0,0,0,0,0
GN091257,1.0,0.0,0.0,0,0,0,0,1,0,0,0,0,0,0,0
GN183054,1.0,0.0,0.0,0,0,0,0,1,0,0,0,0,0,0,0
GCA_022082635,0.0,0.0,0.0,0,1,0,0,0,0,0,0,0,0,0,0
GCA_022075025,1.0,0.0,0.0,0,0,0,0,1,0,0,0,0,0,0,0
GCA_022062505,0.0,0.0,0.0,0,1,0,0,0,0,0,0,0,0,0,0
GN191815,1.0,0.0,0.0,0,0,0,0,0,0,0,0,0,0,0,0
GCA_022069265,1.0,0.0,0.0,0,0,0,0,0,0,0,0,0,0,0,0
GN141518,1.0,0.0,0.0,0,0,0,0,0,0,0,0,0,0,0,0
GN203458,1.0,0.0,0.0,0,0,0,0,0,0,0,0,0,0,0,0
GCA_022067405,1.0,0.0,0.0,0,0,0,0,1,0,0,0,0,0,0,0
GN120743,1.0,0.0,0.0,0,0,0,0,0,0,0,0,0,0,0,0
GCA_022058925,1.0,0.0,0.0,0,0,0,0,0,0,0,0,0,0,0,0
GCA_022058505,0.0,1.0,0.0,0,0,0,0,1,0,0,0,0,0,0,0
GN162070,1.0,0.0,0.0,0,0,0,0,0,0,0,0,0,0,0,0
GN122499,1.0,0.0,0.0,0,0,0,0,0,0,0,0,0,0,0,0
GN091113,1.0,0.0,0.0,0,0,0,0,0,0,0,0,0,0,0,0
GN080030,1.0,0.0,0.0,0,0,0,0,0,0,0,0,0,0,0,0
GCA_022062745,1.0,0.0,0.0,0,0,0,0,1,0,0,0,0,0,0,0
GN070331,1.0,0.0,0.0,0,0,0,0,0,0,0,0,0,0,0,0
GCA_022067485,1.0,0.0,0.0,0,0,0,0,0,0,0,0,0,0,0,0
GN203728,1.0,0.0,0.0,0,0,0,0,1,0,0,0,0,0,0,0
GN122564,1.0,0.0,0.0,0,0,0,0,0,0,0,0,0,0,0,0
GN080469,0.0,0.0,0.0,0,0,0,0,1,0,0,0,0,0,0,0
GN121570,1.0,0.0,0.0,0,0,0,0,0,0,0,0,0,0,0,0
GCA_022058705,0.0,0.0,0.0,0,0,0,0,0,0,0,0,0,0,0,0
GCA_022071565,1.0,0.0,0.0,0,0,0,0,0,0,0,0,0,0,0,0
GN130811,1.0,0.0,0.0,0,0,0,0,0,0,0,0,0,0,0,0
GN201248,0.0,0.0,0.0,0,0,0,0,1,0,0,0,0,0,0,0
GN193463,0.0,1.0,0.0,0,0,0,0,1,0,0,0,1,0,0,0
GN200059,1.0,0.0,0.0,0,0,0,0,1,0,0,0,0,0,0,0
GN080446,1.0,0.0,0.0,0,0,0,0,0,0,0,0,0,0,0,0
GN171217,1.0,0.0,0.0,0,0,0,0,1,0,0,0,0,0,0,0
GCA_022076165,0.0,1.0,0.0,1,0,0,0,1,0,1,0,1,0,0,0
GCA_022084635,0.0,1.0,0.0,0,0,0,0,0,0,1,0,1,0,0,0
GN160965,0.0,0.0,0.0,0,0,0,0,0,0,0,0,0,0,0,0
GN172516,1.0,0.0,0.0,1,0,0,0,0,0,0,0,0,0,0,0
GCA_022064025,1.0,0.0,0.0,0,0,0,0,0,0,0,0,0,0,0,0
GCA_022084255,1.0,0.0,0.0,0,0,0,0,0,0,0,0,0,0,0,0
GN120483,1.0,0.0,0.0,0,0,0,0,0,0,0,0,0,0,0,0
GN110447,0.0,0.0,0.0,0,0,0,0,0,0,0,0,0,0,0,0
GN201584,0.0,1.0,0.0,0,0,0,0,1,0,0,0,1,0,0,0
GCA_022058485,1.0,0.0,0.0,0,0,0,0,0,0,0,0,0,0,0,0
GN180721,0.0,1.0,0.0,0,0,0,0,1,0,0,0,1,0,0,0
GN111436,0.0,0.0,0.0,0,0,0,0,0,0,0,0,0,0,0,0
GCA_022060665,1.0,0.0,0.0,0,0,0,0,0,0,0,0,0,0,0,0
GN090124,0.0,0.0,0.0,0,0,0,0,1,0,0,0,0,0,0,0
GN192364,1.0,0.0,0.0,1,0,0,0,1,0,0,0,0,0,0,0
GN201832,0.0,0.0,0.0,1,1,0,1,1,1,0,1,0,1,0,0
GN165002,0.0,0.0,0.0,0,0,0,0,1,0,0,0,0,0,0,0
GCA_022063745,1.0,0.0,0.0,0,0,0,0,0,0,0,0,0,0,0,0
GN090415,1.0,0.0,0.0,0,0,0,0,0,0,0,0,0,0,0,0
GN080856,1.0,0.0,0.0,0,0,0,0,0,0,0,0,0,0,0,0
GN142468,1.0,0.0,0.0,0,0,0,0,0,0,0,0,0,0,0,0
GN071124,1.0,0.0,0.0,0,0,0,0,1,0,0,0,0,0,0,0
GCA_022082255,1.0,0.0,0.0,0,0,0,0,0,0,0,0,0,0,0,0
GN180722,0.0,0.0,0.0,0,0,0,0,1,0,0,0,0,0,0,0
GCA_022086715,1.0,0.0,0.0,0,0,0,0,0,0,0,0,0,0,0,0
GN183028,1.0,0.0,0.0,0,0,0,0,1,0,0,0,0,0,0,0
GN110525,1.0,0.0,0.0,0,0,0,0,1,0,0,0,0,0,0,0
GN091566,1.0,0.0,0.0,0,0,0,0,1,0,0,0,0,0,0,0
GN122625,0.0,1.0,0.0,0,0,0,0,1,0,0,0,1,0,0,0
GN122866,0.0,1.0,0.0,1,1,0,0,0,1,0,1,1,1,1,1
GN203271,0.0,0.0,0.0,0,0,0,0,1,0,0,0,0,0,0,0
GN110949,0.0,0.0,0.0,0,0,0,0,0,0,0,0,0,0,0,0
GN171625,0.0,1.0,0.0,0,0,0,0,1,0,0,0,1,0,0,0
GN172853,1.0,0.0,0.0,0,0,0,0,1,0,0,0,0,0,0,0
GN132061,1.0,0.0,0.0,0,0,0,0,0,0,0,0,0,0,0,0
GN171903,0.0,1.0,0.0,1,1,0,1,1,1,0,1,1,1,1,1
GCA_022072905,1.0,0.0,0.0,0,0,0,0,0,0,0,0,0,0,0,0
GN131678,1.0,0.0,0.0,0,0,0,0,1,0,0,0,0,0,0,0
GN122502,1.0,0.0,0.0,0,0,0,0,0,0,0,0,0,0,0,0
GCA_022066785,0.0,0.0,0.0,0,0,0,0,0,0,0,0,0,0,0,0
GN190447,0.0,1.0,0.0,1,0,1,0,0,0,0,0,1,0,0,0
GN121600,1.0,0.0,0.0,0,0,0,0,0,0,0,0,0,0,0,0
GCA_022078285,1.0,0.0,0.0,0,0,0,0,0,0,0,0,0,0,0,0
GN203992,1.0,0.0,0.0,0,0,0,0,0,0,0,0,0,0,0,0
GN191038,1.0,0.0,0.0,0,0,0,0,0,0,0,0,0,0,0,0
GN191959,1.0,0.0,0.0,0,0,0,0,0,0,0,0,0,0,0,0
GN132116,1.0,0.0,0.0,0,0,0,0,0,0,0,0,0,0,0,0
GN070868,1.0,0.0,0.0,0,0,0,0,1,0,0,0,0,0,0,0
GN130649,1.0,0.0,0.0,0,0,0,0,1,0,0,0,0,0,0,0
GCA_022077465,0.0,1.0,0.0,1,0,0,0,1,0,1,0,1,0,0,0
GN070364,1.0,0.0,0.0,0,0,0,0,1,0,0,0,0,0,0,0
GN070771,0.0,1.0,0.0,1,0,1,0,1,0,0,0,1,0,0,0
GN101698,0.0,0.0,0.0,0,0,0,0,0,0,0,0,0,0,0,0
GN204192,0.0,0.0,0.0,0,0,0,0,1,0,0,0,0,0,0,0
GCA_022071605,0.0,1.0,0.0,0,0,0,0,0,0,1,0,1,0,0,0
GN081073,1.0,0.0,0.0,0,0,0,0,0,0,0,0,0,0,0,0
GN132189,1.0,0.0,0.0,0,0,0,0,0,0,0,0,0,0,0,0
GCA_022074705,1.0,0.0,0.0,0,0,0,0,1,0,0,0,0,0,0,0
GN121225,0.0,0.0,0.0,1,0,0,0,1,0,0,0,0,0,0,0
GN121812,0.0,1.0,0.0,0,0,0,0,1,0,0,0,1,0,0,0
GN202154,1.0,0.0,0.0,0,0,0,0,1,0,0,0,0,0,0,0
GN091235,0.0,0.0,0.0,1,1,0,0,1,1,0,1,0,1,1,1
GN110543,0.0,0.0,0.0,0,0,0,0,1,0,0,0,0,0,0,0
GCA_022083895,1.0,0.0,0.0,0,0,0,0,0,0,0,0,0,0,0,0
GN183274,0.0,0.0,0.0,0,0,0,0,1,0,0,0,0,0,0,0
GN122160,1.0,0.0,0.0,0,0,0,0,1,0,0,0,0,0,0,0
GN183206,0.0,0.0,0.0,0,0,0,0,1,0,0,0,0,0,0,0
GN131318,0.0,1.0,0.0,0,0,0,0,1,0,0,0,1,0,0,0
GN181918,0.0,1.0,0.0,1,1,1,1,1,1,0,1,1,1,0,0
GCA_022068005,0.0,0.0,0.0,0,0,0,0,0,0,0,0,0,0,0,0
GCA_022091195,0.0,1.0,0.0,1,0,0,0,0,0,1,0,1,0,0,0
GN150358,0.0,0.0,0.0,1,1,0,1,1,1,0,1,0,1,1,1
GN142479,1.0,0.0,0.0,0,0,0,0,1,0,0,0,0,0,0,0
GN071400,0.0,0.0,0.0,0,0,0,0,0,0,0,0,0,0,0,0
GN173065,1.0,0.0,0.0,0,0,0,0,1,0,0,0,0,0,0,0
GN122861,1.0,0.0,0.0,0,0,0,0,1,0,0,0,0,0,0,0
GN131137,1.0,0.0,0.0,0,0,0,0,0,0,0,0,0,0,0,0
GN122011,1.0,0.0,0.0,0,0,0,0,0,0,0,0,0,0,0,0
GN173166,1.0,0.0,0.0,0,0,0,0,0,0,0,0,0,0,0,0
GN192720,1.0,0.0,0.0,0,0,0,0,0,0,0,0,0,0,0,0
GN121084,1.0,0.0,0.0,0,0,0,0,1,0,0,0,0,0,0,0
GN101681,1.0,0.0,0.0,0,0,0,0,0,0,0,0,0,0,0,0
GCA_003074015,0.0,0.0,0.0,0,0,0,0,0,0,0,0,0,0,0,0
GN182212,1.0,0.0,0.0,1,0,0,0,1,0,0,0,0,0,0,0
GCA_022072985,1.0,0.0,0.0,0,0,0,0,0,0,0,0,0,0,0,0
GN200008,1.0,0.0,0.0,0,0,0,0,0,0,0,0,0,0,0,0
GCA_022077965,1.0,0.0,0.0,0,0,0,0,0,0,0,0,0,0,0,0
GN172662,1.0,0.0,0.0,0,0,0,0,0,0,0,0,0,0,0,0
GN181343,1.0,0.0,0.0,1,0,0,0,0,0,0,0,0,0,0,0
GCA_022068925,1.0,0.0,0.0,0,0,0,0,0,0,0,0,0,0,0,0
GCA_022091615,0.0,1.0,0.0,0,0,0,0,1,0,1,0,1,0,0,0
GN091454,1.0,0.0,0.0,1,0,1,0,0,0,0,0,0,0,0,0
GCA_022077265,1.0,0.0,0.0,0,0,0,0,0,0,0,0,0,0,0,0
GCA_022062105,0.0,0.0,0.0,0,1,0,0,0,0,0,0,0,0,0,0
GN201372,1.0,0.0,0.0,0,0,0,0,0,0,0,0,0,0,0,0
GCA_022067365,1.0,0.0,0.0,0,0,0,0,0,0,0,0,0,0,0,0
GCA_022059775,1.0,0.0,0.0,0,0,0,0,0,0,0,0,0,0,0,0
GN132236,0.0,0.0,0.0,0,0,0,0,0,0,0,0,0,0,0,0
GCA_022069105,0.0,1.0,0.0,0,0,0,0,1,0,1,0,1,0,0,0
GN122764,1.0,0.0,0.0,0,0,0,0,0,0,0,0,1,0,0,0
GCA_000693215,0.0,1.0,0.0,1,0,0,0,1,0,1,0,1,0,0,0
GN161210,1.0,0.0,0.0,0,0,0,0,1,0,0,0,0,0,0,0
GN122842,0.0,0.0,0.0,0,0,0,0,0,0,0,0,0,0,0,0
GN140434,0.0,0.0,0.0,0,0,0,0,1,0,0,0,0,0,0,0
GCA_002192315,1.0,0.0,0.0,0,0,0,0,1,0,0,0,0,0,0,0
GN121173,0.0,1.0,0.0,0,0,0,0,0,0,0,0,1,0,0,0
GN060477,0.0,0.0,0.0,1,1,0,1,1,1,0,1,0,1,1,1
GN182889,0.0,1.0,0.0,0,0,0,0,1,0,0,0,1,0,0,0
GN110545,1.0,0.0,0.0,0,0,0,0,0,0,0,0,0,0,0,0
GN192079,0.0,1.0,0.0,1,1,0,1,1,1,0,1,1,1,1,1
GN165029,0.0,0.0,0.0,0,0,0,0,1,0,0,0,1,0,0,0
GCA_000693955,0.0,1.0,0.0,1,0,0,0,1,0,1,0,1,0,0,0
GN201658,1.0,0.0,0.0,0,0,0,0,0,0,0,0,0,0,0,0
GCA_022081375,0.0,1.0,0.0,0,0,0,0,1,0,1,0,1,0,0,0
GN142466,1.0,0.0,0.0,0,0,0,0,0,0,0,0,0,0,0,0
GN203653,0.0,0.0,0.0,0,0,0,0,0,0,0,0,0,0,0,0
GCA_022063725,0.0,1.0,0.0,1,0,0,0,1,0,1,0,1,0,0,0
GN191126,1.0,0.0,0.0,0,0,0,0,0,0,0,0,0,0,0,0
GN120940,0.0,0.0,0.0,0,0,0,0,1,0,0,0,0,0,0,0
GN121305,0.0,1.0,0.0,0,0,0,1,1,0,0,0,0,0,0,0
GCA_022086775,1.0,0.0,0.0,0,0,0,0,0,0,0,0,0,0,0,0
GN191203,0.0,1.0,0.0,1,0,1,0,0,0,0,0,1,0,0,0
GN180955,1.0,0.0,0.0,0,0,0,0,1,0,0,0,0,0,0,0
GCA_022067305,1.0,0.0,0.0,0,0,0,0,1,0,0,0,0,0,0,0
GN120403,1.0,0.0,0.0,0,0,0,0,1,0,0,0,0,0,0,0
GCA_022079695,1.0,0.0,0.0,0,0,0,0,0,0,0,0,0,0,0,0
GN090810,1.0,0.0,0.0,0,0,0,0,0,0,0,0,0,0,0,0
GCA_022077595,1.0,0.0,0.0,0,0,0,0,0,0,0,0,0,0,0,0
GN120637,1.0,0.0,0.0,0,0,0,0,0,0,0,0,0,0,0,0
GN165005,1.0,0.0,0.0,0,0,0,0,0,0,0,0,0,0,0,0
GN122574,1.0,0.0,0.0,0,0,0,0,0,0,0,0,0,0,0,0
GN142465,1.0,0.0,0.0,0,0,0,0,1,0,0,0,0,0,0,0
GN202318,0.0,0.0,0.0,0,0,0,0,0,0,0,0,0,0,0,0
GN060006,1.0,0.0,0.0,0,0,0,0,1,0,0,0,0,0,0,0
GN180468,0.0,0.0,0.0,0,0,0,0,0,0,0,0,0,0,0,0
GN200999,0.0,0.0,0.0,0,0,0,0,0,0,0,0,0,0,0,0
GCA_022064285,0.0,0.0,0.0,0,0,0,0,1,0,0,0,0,0,0,0
GN183029,1.0,0.0,0.0,0,0,0,0,0,0,0,0,0,0,0,0
GN120750,1.0,0.0,0.0,0,0,0,0,0,0,0,0,0,0,0,0
GN070784,1.0,0.0,0.0,0,0,0,0,1,0,0,0,0,0,0,0
GCA_022086205,1.0,0.0,0.0,0,0,0,0,1,0,0,0,0,0,0,0
GN201654,1.0,0.0,0.0,0,0,0,0,0,0,0,0,0,0,0,0
GN191103,1.0,0.0,0.0,0,0,0,0,1,0,0,0,0,0,0,0
GN121338,1.0,0.0,0.0,0,0,0,0,1,0,0,0,0,0,0,0
GN101700,0.0,0.0,0.0,0,0,0,0,1,0,0,0,0,0,0,0
GN180518,0.0,1.0,0.0,1,0,0,0,0,0,0,0,1,0,0,0
GCA_022074765,1.0,0.0,0.0,0,0,0,0,0,0,0,0,0,0,0,0
GCA_022064685,0.0,0.0,0.0,0,0,0,0,1,0,0,0,0,0,0,0
GN172573,1.0,0.0,0.0,0,0,0,0,0,0,0,0,0,0,0,0
GN121177,0.0,0.0,0.0,0,0,0,0,1,0,0,0,1,0,0,0
GCA_022081615,0.0,1.0,0.0,0,0,0,0,1,0,1,0,1,0,0,0
GN181706,1.0,0.0,0.0,0,0,0,0,1,0,0,0,0,0,0,0
GCA_000694015,0.0,1.0,0.0,1,0,0,0,1,0,1,0,1,0,0,0
GN132165,1.0,0.0,0.0,0,0,0,0,0,0,0,0,0,0,0,0
GN091044,0.0,1.0,0.0,1,0,0,0,1,0,0,0,1,0,0,0
GN101693,0.0,0.0,0.0,1,0,0,0,0,0,0,0,0,0,0,0
GN202207,0.0,1.0,0.0,1,1,0,1,1,1,0,1,1,1,1,1
GN122116,1.0,0.0,0.0,0,0,0,0,0,0,0,0,0,0,0,0
GN151044,1.0,0.0,0.0,0,0,0,0,1,0,0,0,0,0,0,0
GCA_022077825,0.0,1.0,0.0,1,0,0,0,1,0,1,0,1,0,0,0
GCA_022071745,1.0,0.0,0.0,0,0,0,0,0,0,0,0,0,0,0,0
GN201525,0.0,1.0,0.0,0,0,0,0,1,0,0,0,1,0,0,0
GN122435,1.0,0.0,0.0,0,0,0,0,0,0,0,0,0,0,0,0
GN200783,1.0,0.0,0.0,0,0,0,0,0,0,0,0,0,0,0,0
GN122060,1.0,0.0,0.0,0,0,0,0,1,0,0,0,0,0,0,0
GN122863,1.0,0.0,0.0,0,0,0,0,0,0,0,0,1,0,0,0
GN131893,1.0,0.0,0.0,0,0,0,0,1,0,0,0,0,0,0,0
GCA_022059635,1.0,0.0,0.0,0,0,0,0,0,0,0,0,0,0,0,0
GN193735,0.0,0.0,0.0,0,0,0,0,1,0,0,0,0,0,0,0
GCA_003073675,0.0,1.0,0.0,0,0,0,0,1,0,1,0,1,0,0,0
GN141021,1.0,0.0,0.0,0,0,0,0,0,0,0,0,0,0,0,0
GN204013,0.0,1.0,0.0,0,0,0,0,0,0,0,0,1,0,0,0
GN130979,1.0,0.0,0.0,0,0,0,0,1,0,0,0,0,0,0,0
GN192673,1.0,0.0,0.0,0,0,0,0,0,0,0,0,0,0,0,0
GCA_022074185,1.0,0.0,0.0,0,0,0,0,1,0,0,0,0,0,0,0
GN142472,0.0,0.0,0.0,0,0,0,0,1,0,0,0,0,0,0,0
GN140404,1.0,0.0,0.0,0,0,0,0,0,0,0,0,0,0,0,0
GN070407,1.0,0.0,0.0,0,0,0,0,0,0,0,0,0,0,0,0
GN171443,1.0,0.0,0.0,0,0,0,0,0,0,0,0,0,0,0,0
GN163391,1.0,0.0,0.0,0,0,0,0,0,0,0,0,0,0,0,0
GN141353,1.0,0.0,0.0,0,0,0,0,0,0,0,0,0,0,0,0
GN091531,1.0,0.0,0.0,0,0,0,0,0,0,0,0,0,0,0,0
GN163485,1.0,0.0,0.0,0,0,0,0,0,0,0,0,0,0,0,0
GN110836,1.0,0.0,0.0,0,0,0,0,0,0,0,0,0,0,0,0
GCA_022086265,1.0,0.0,0.0,0,0,0,0,1,0,0,0,0,0,0,0
GN193440,1.0,0.0,0.0,0,0,0,0,1,0,0,0,0,0,0,0
GN173191,1.0,0.0,0.0,0,0,0,0,1,0,0,0,0,0,0,0
GN101082,0.0,0.0,0.0,0,0,0,0,1,0,0,0,0,0,0,0
GN182147,0.0,1.0,0.0,1,0,1,0,1,0,0,0,1,0,0,0
GN191324,0.0,1.0,0.0,1,0,0,1,0,0,0,0,1,0,0,0
GN193379,0.0,1.0,0.0,0,0,0,0,0,0,0,0,1,0,0,0
GN180021,0.0,0.0,0.0,0,0,0,0,1,0,0,0,0,0,0,0
GN201601,1.0,0.0,0.0,0,0,0,0,0,0,0,0,0,0,0,0
GCA_022085885,1.0,0.0,0.0,0,0,0,0,0,0,0,0,0,0,0,0
GN120730,1.0,0.0,0.0,0,0,0,0,0,0,0,0,0,0,0,0
GN203756,1.0,0.0,0.0,0,0,0,0,0,0,0,0,0,0,0,0
GN182149,1.0,0.0,0.0,0,0,0,0,1,0,0,0,0,0,0,0
GCA_022067205,1.0,0.0,0.0,0,0,0,0,0,0,0,0,0,0,0,0
GN131536,1.0,0.0,0.0,0,0,0,0,0,0,0,0,0,0,0,0
GN191104,1.0,0.0,0.0,0,0,0,0,1,0,0,0,0,0,0,0
GN181653,1.0,0.0,0.0,0,0,0,0,0,0,0,0,0,0,0,0
GN110395,1.0,0.0,0.0,1,1,0,1,1,1,0,1,0,1,1,1
GN122529,1.0,0.0,0.0,0,0,0,0,0,0,0,0,0,0,0,0
GN201565,1.0,0.0,0.0,0,0,0,0,0,0,0,0,0,0,0,0
GN121304,1.0,0.0,0.0,0,0,0,0,0,0,0,0,0,0,0,0
GCA_000693455,0.0,1.0,0.0,0,0,0,0,0,0,0,0,1,0,0,0
GN070479,0.0,0.0,0.0,1,1,0,1,0,1,0,1,0,1,1,1
GN182872,1.0,0.0,0.0,0,0,0,0,0,0,0,0,1,0,0,0
GCA_022078885,0.0,1.0,0.0,1,0,0,0,1,0,1,0,1,0,0,0
GN110567,1.0,0.0,0.0,0,0,0,0,0,0,0,0,0,0,0,0
GN172646,0.0,1.0,0.0,1,0,0,0,0,0,0,0,1,0,0,0
GCA_022079855,0.0,0.0,1.0,0,0,0,0,1,0,0,0,0,0,0,0
GN122113,1.0,0.0,0.0,0,0,0,0,0,0,0,0,0,0,0,0
GN141840,0.0,1.0,0.0,0,0,0,0,0,0,0,0,1,0,0,0
GN201576,1.0,0.0,0.0,0,0,0,0,1,0,0,0,0,0,0,0
GCA_022060745,1.0,0.0,0.0,0,0,0,0,1,0,0,0,0,0,0,0
GN193499,1.0,0.0,0.0,0,0,0,0,1,0,0,0,0,0,0,0
GCA_022081055,1.0,0.0,0.0,0,0,0,0,0,0,0,0,0,0,0,0
GN201307,0.0,0.0,0.0,0,0,0,0,1,0,0,0,0,0,0,0
GN130980,1.0,0.0,0.0,0,0,0,0,0,0,0,0,0,0,0,0
GN110299,0.0,0.0,0.0,1,0,0,0,1,0,0,0,0,0,0,0
GN120979,0.0,1.0,0.0,0,0,0,0,1,0,0,0,1,0,0,0
GN131166,1.0,0.0,0.0,0,0,0,0,0,0,0,0,0,0,0,0
GN121108,1.0,0.0,0.0,0,0,0,0,0,0,0,0,0,0,0,0
GN081321,0.0,1.0,0.0,0,0,0,0,1,0,0,0,0,0,0,0
GN131348,1.0,0.0,0.0,0,0,0,0,0,0,0,0,0,0,0,0
GN122670,1.0,0.0,0.0,0,0,0,0,1,0,0,0,0,0,0,0
GN081212,0.0,0.0,0.0,1,1,0,1,1,1,0,1,0,1,1,1
GN100655,1.0,0.0,0.0,0,0,0,0,1,0,0,0,0,0,0,0
GCA_022078825,0.0,1.0,0.0,1,0,0,0,1,0,1,0,1,0,0,0
GN172833,1.0,0.0,0.0,0,0,0,0,1,0,0,0,0,0,0,0
GN171900,1.0,0.0,0.0,0,0,0,0,1,0,0,0,0,0,0,0
GN191567,0.0,0.0,0.0,1,0,0,0,0,0,0,0,0,0,0,0
GN110733,1.0,0.0,0.0,0,0,0,0,0,0,0,0,0,0,0,0
GCA_022084855,0.0,1.0,0.0,0,0,0,0,1,0,1,0,1,0,0,0
GN193745,1.0,0.0,0.0,0,0,0,0,0,0,0,0,0,0,0,0
GN181120,1.0,0.0,0.0,0,0,0,0,1,0,0,0,0,0,0,0
GCA_022085645,1.0,0.0,0.0,0,0,0,0,1,0,0,0,0,0,0,0
GN122433,0.0,1.0,0.0,0,0,0,0,1,0,0,0,1,0,0,0
GN110707,1.0,0.0,0.0,0,0,0,0,1,0,0,0,0,0,0,0
GN111302,1.0,0.0,0.0,0,0,0,0,1,0,0,0,0,0,0,0
GN100847,1.0,0.0,0.0,0,0,0,0,1,0,0,0,0,0,0,0
GN122838,1.0,0.0,0.0,0,0,0,0,1,0,0,0,0,0,0,0
GN111180,1.0,0.0,0.0,0,0,0,0,1,0,0,0,0,0,0,0
GN191034,0.0,0.0,1.0,1,1,0,1,1,1,0,1,0,1,1,1
GN130646,1.0,0.0,0.0,0,0,0,0,0,0,0,0,0,0,0,0
GN192725,1.0,0.0,0.0,0,0,0,0,0,0,0,0,0,0,0,0
GN110076,1.0,0.0,0.0,0,0,0,0,1,0,0,0,0,0,0,0
GCA_022058625,1.0,0.0,0.0,0,0,0,0,0,0,0,0,0,0,0,0
GCA_022089005,1.0,0.0,0.0,0,0,0,0,0,0,0,0,0,0,0,0
GCA_022077945,0.0,0.0,0.0,0,0,0,0,1,0,0,0,0,0,0,0
GCA_022061845,0.0,1.0,0.0,0,0,0,0,0,0,1,0,1,0,0,0
GN131117,1.0,0.0,0.0,0,0,0,0,1,0,0,0,0,0,0,0
GN060174,1.0,0.0,0.0,0,0,0,0,0,0,0,0,0,0,0,0
GCA_022087945,1.0,0.0,0.0,0,0,0,0,0,0,0,0,0,0,0,0
GCA_022059265,1.0,0.0,0.0,0,0,0,0,1,0,0,0,0,0,0,0
GN181204,1.0,0.0,0.0,0,0,0,0,0,0,0,0,0,0,0,0
GN110478,0.0,0.0,0.0,0,0,0,0,1,0,0,0,0,0,0,0
GCA_022083955,0.0,1.0,0.0,1,0,0,0,0,0,1,0,1,0,0,0
GCA_022077705,1.0,0.0,0.0,0,0,0,0,0,0,0,0,0,0,0,0
GN132263,1.0,0.0,0.0,0,0,0,0,0,0,0,0,0,0,0,0
GN120903,1.0,0.0,0.0,0,0,0,0,1,0,0,0,1,0,0,0
GN122845,1.0,0.0,0.0,0,0,0,0,1,0,0,0,0,0,0,0
GN090168,0.0,1.0,0.0,1,1,0,1,1,1,0,1,1,1,1,1
GCA_022067185,1.0,0.0,0.0,0,0,0,0,0,0,0,0,0,0,0,0
GN101087,1.0,0.0,0.0,0,0,0,0,0,0,0,0,0,0,0,0
GCA_022081415,1.0,0.0,0.0,0,0,0,0,0,0,0,0,0,0,0,0
GCA_022074045,1.0,0.0,0.0,0,0,0,0,0,0,0,0,0,0,0,0
GN151764,1.0,0.0,0.0,0,0,0,0,1,0,0,0,0,0,0,0
GN131133,1.0,0.0,0.0,0,0,0,0,1,0,0,0,0,0,0,0
GCA_022078925,1.0,0.0,0.0,0,0,0,0,0,0,0,0,0,0,0,0
GCA_022076105,0.0,0.0,0.0,0,0,0,0,1,0,0,0,0,0,0,0
GCA_022072745,0.0,1.0,0.0,0,0,0,0,0,0,1,0,1,0,0,0
GCA_022067765,1.0,0.0,0.0,0,0,0,0,0,0,0,0,0,0,0,0
GN080549,0.0,1.0,0.0,0,0,0,0,1,0,0,0,1,0,0,0
GN172060,0.0,0.0,0.0,0,0,0,0,1,0,0,0,0,0,0,0
GN192376,0.0,0.0,0.0,0,0,0,0,1,0,0,0,0,0,0,0
GCA_022067445,1.0,0.0,0.0,0,0,0,0,0,0,0,0,0,0,0,0
GN071600,1.0,0.0,0.0,0,0,0,0,1,0,0,0,0,0,0,0
GCA_022089755,1.0,0.0,0.0,0,0,0,0,0,0,0,0,0,0,0,0
GN100939,1.0,0.0,0.0,1,0,0,0,0,0,0,0,0,0,0,0
GN140245,1.0,0.0,0.0,0,0,0,0,0,0,0,0,0,0,0,0
GN191716,1.0,0.0,0.0,0,0,0,0,0,0,0,0,0,0,0,0
GN190474,1.0,0.0,0.0,1,0,0,0,1,0,0,0,0,0,0,0
GCA_000694155,0.0,1.0,0.0,1,0,0,0,1,0,1,0,1,0,0,0
GN060873,1.0,0.0,0.0,0,0,0,0,0,0,0,0,0,0,0,0
GN190801,1.0,0.0,0.0,0,0,0,0,0,0,0,0,0,0,0,0
GCA_022087985,1.0,0.0,0.0,0,0,0,0,0,0,0,0,0,0,0,0
GN192209,1.0,0.0,0.0,0,0,0,0,1,0,0,0,0,0,0,0
GN200796,0.0,0.0,0.0,0,0,0,0,0,0,0,0,0,0,0,0
GCA_022084315,1.0,0.0,0.0,0,0,0,0,0,0,0,0,0,0,0,0
GN203937,0.0,0.0,0.0,0,0,0,0,1,0,0,0,0,0,0,0
GN132433,0.0,1.0,0.0,1,1,0,1,1,1,0,1,1,1,1,1
GN110892,1.0,0.0,0.0,0,0,0,0,1,0,0,0,0,0,0,0
GN121039,0.0,0.0,0.0,0,0,0,0,1,0,0,0,0,0,0,0
GN130126,1.0,0.0,0.0,0,0,0,0,0,0,0,0,0,0,0,0
GCA_022073225,1.0,0.0,0.0,0,0,0,0,0,0,0,0,0,0,0,0
GN120662,1.0,0.0,0.0,0,0,0,0,0,0,0,0,0,0,0,0
GN100427,1.0,0.0,0.0,0,0,0,0,1,0,0,0,0,0,0,0
GN130120,1.0,0.0,0.0,0,0,0,0,0,0,0,0,0,0,0,0
GCA_022058885,1.0,0.0,0.0,0,0,0,0,0,0,0,0,0,0,0,0
GCA_022075605,0.0,0.0,0.0,0,0,0,0,0,0,0,0,0,0,0,0
GN110025,0.0,1.0,0.0,0,0,0,0,1,0,0,0,0,0,0,0
GN081060,0.0,1.0,0.0,0,0,0,0,0,0,0,0,1,0,0,0
GN120724,1.0,0.0,0.0,0,0,0,0,0,0,0,0,0,0,0,0
GN101688,1.0,0.0,0.0,0,0,0,0,0,0,0,0,0,0,0,0
GCA_022064745,0.0,0.0,0.0,0,0,0,0,0,0,0,0,0,0,0,0
GCA_022088805,0.0,1.0,0.0,1,0,0,0,1,0,1,0,1,0,0,0
GN160567,1.0,0.0,0.0,0,0,0,0,0,0,0,0,0,0,0,0
GN081154,1.0,0.0,0.0,0,0,0,0,0,0,0,0,0,0,0,0
GCA_022060725,1.0,0.0,0.0,0,0,0,0,1,0,0,0,0,0,0,0
GN181675,0.0,0.0,0.0,0,0,0,0,1,0,0,0,0,0,0,0
GCA_022078405,0.0,1.0,0.0,1,0,0,0,1,0,1,0,1,0,0,0
GN200043,0.0,0.0,0.0,0,0,0,0,0,0,0,0,0,0,0,0
GN110054,0.0,0.0,0.0,0,0,0,0,0,0,0,0,0,0,0,0
GN120705,1.0,0.0,0.0,0,0,0,0,0,0,0,0,0,0,0,0
GCA_022071525,1.0,0.0,0.0,0,0,0,0,0,0,0,0,0,0,0,0
GCA_022059655,1.0,0.0,0.0,0,0,0,0,0,0,0,0,0,0,0,0
GN191097,1.0,0.0,0.0,0,0,0,0,0,0,0,0,0,0,0,0
GN202402,0.0,0.0,0.0,0,0,0,0,1,0,0,0,0,0,0,0
GN090479,1.0,0.0,0.0,0,0,0,0,1,0,0,0,0,0,0,0
GN202960,0.0,1.0,0.0,0,0,0,0,1,0,0,0,1,0,0,0
GN172811,1.0,0.0,0.0,0,0,0,0,0,0,0,0,0,0,0,0
GN121243,0.0,1.0,0.0,1,0,1,0,1,0,0,0,1,0,0,0
GCA_022061125,1.0,0.0,0.0,0,0,0,0,0,0,0,0,0,0,0,0
GN091070,0.0,1.0,0.0,0,0,0,0,1,0,0,0,1,0,0,0
GN202622,1.0,0.0,0.0,0,0,0,0,1,0,0,0,0,0,0,0
GN081264,1.0,0.0,0.0,1,0,0,0,1,0,0,0,0,0,0,0
GCA_022077545,1.0,0.0,0.0,0,0,0,0,0,0,0,0,0,0,0,0
GN120810,0.0,0.0,0.0,0,0,0,0,0,0,0,0,0,0,0,0
GN120335,0.0,1.0,0.0,0,0,0,0,1,0,0,0,1,0,0,0
GN201366,1.0,0.0,0.0,0,0,0,0,1,0,0,0,0,0,0,0
GN122837,1.0,0.0,0.0,0,0,0,0,1,0,0,0,0,0,0,0
GN110077,1.0,0.0,0.0,0,0,0,0,0,0,0,0,0,0,0,0
GN171854,1.0,0.0,0.0,0,0,0,0,0,0,0,0,0,0,0,0
GCA_022085545,0.0,0.0,0.0,0,0,0,0,0,0,0,0,0,0,0,0
GCA_022075985,1.0,0.0,0.0,0,0,0,0,0,0,0,0,0,0,0,0
GCA_022084375,1.0,0.0,0.0,0,0,0,0,0,0,0,0,0,0,0,0
GN191624,0.0,0.0,0.0,0,0,0,0,0,0,0,0,0,0,0,0
GN121890,0.0,0.0,0.0,0,0,0,0,1,0,0,0,0,0,0,0
GN060431,1.0,0.0,0.0,0,0,0,0,0,0,0,0,0,0,0,0
GN080432,1.0,0.0,0.0,0,0,0,0,0,0,0,0,0,0,0,0
GN192115,0.0,1.0,0.0,0,0,0,0,1,0,0,0,1,0,0,0
GN080436,0.0,0.0,0.0,0,0,0,0,0,0,0,0,0,0,0,0
GCA_022086365,1.0,0.0,0.0,0,0,0,0,1,0,0,0,0,0,0,0
GCA_022074205,0.0,0.0,0.0,0,0,0,0,0,0,0,0,0,0,0,0
GN181095,1.0,0.0,0.0,0,0,0,0,1,0,0,0,0,0,0,0
GN071360,1.0,0.0,0.0,0,0,0,0,0,0,0,0,0,0,0,0
GN122646,1.0,0.0,0.0,0,0,0,0,0,0,0,0,0,0,0,0
GCA_022072925,1.0,0.0,0.0,0,0,0,0,0,0,0,0,0,0,0,0
GN130437,0.0,0.0,0.0,0,0,0,0,0,0,0,0,0,0,0,0
GN180523,0.0,1.0,0.0,1,0,0,0,0,0,0,0,1,0,0,0
GN203358,1.0,0.0,0.0,0,0,0,0,1,0,0,0,0,0,0,0
GN180680,1.0,0.0,0.0,0,0,0,0,1,0,0,0,0,0,0,0
GCA_022058975,1.0,0.0,0.0,0,0,0,0,0,0,0,0,1,0,0,0
GN120622,1.0,0.0,0.0,0,0,0,0,0,0,0,0,0,0,0,0
GCF_001875045,0.0,1.0,0.0,0,0,0,0,1,0,1,0,1,0,0,0
GCA_003194325,1.0,0.0,0.0,1,0,0,0,1,0,0,0,0,0,0,0
GN110722,1.0,0.0,0.0,0,0,0,0,0,0,0,0,0,0,0,0
GN132085,0.0,0.0,0.0,0,0,0,0,1,0,0,0,0,0,0,0
GN165019,1.0,0.0,0.0,0,0,0,0,0,0,0,0,0,0,0,0
GN122157,0.0,0.0,0.0,0,0,0,0,1,0,0,0,0,0,0,0
GN201175,0.0,0.0,0.0,0,0,0,0,1,0,0,0,0,0,0,0
GCA_022072685,0.0,0.0,0.0,0,0,0,0,1,0,0,0,0,0,0,0
GN190407,1.0,0.0,0.0,0,0,0,0,1,0,0,0,0,0,0,0
GCA_022062365,1.0,0.0,0.0,0,0,0,0,0,0,0,0,0,0,0,0
GN201000,1.0,0.0,0.0,0,0,0,0,0,0,0,0,0,0,0,0
GN150556,1.0,0.0,0.0,0,0,0,0,0,0,0,0,0,0,0,0
GCA_022082335,1.0,0.0,0.0,0,0,0,0,1,0,0,0,0,0,0,0
GCA_022079895,1.0,0.0,0.0,0,0,0,0,0,0,0,0,0,0,0,0
GCA_022066965,1.0,0.0,0.0,0,0,0,0,0,0,0,0,0,0,0,0
GCA_022088245,1.0,0.0,0.0,0,0,0,0,0,0,0,0,0,0,0,0
GN080837,0.0,1.0,0.0,1,1,0,1,1,1,0,1,1,1,1,1
GCF_001874865,1.0,0.0,0.0,0,0,0,0,0,0,0,0,0,0,0,0
GN140464,1.0,0.0,0.0,0,0,0,0,0,0,0,0,0,0,0,0
GN090497,1.0,0.0,0.0,0,0,0,0,0,0,0,0,0,0,0,0
GN193460,1.0,0.0,0.0,0,0,0,0,1,0,0,0,0,0,0,0
GCA_022081935,1.0,0.0,0.0,0,0,0,0,1,0,0,0,0,0,0,0
GN121920,0.0,0.0,0.0,0,0,0,0,0,0,0,0,0,0,0,0
GN120670,1.0,0.0,0.0,0,0,0,0,0,0,0,0,0,0,0,0
GN080104,0.0,1.0,0.0,0,0,0,0,1,0,0,0,1,0,0,0
GN190582,0.0,1.0,0.0,1,0,0,0,0,0,0,0,1,0,0,0
GCA_022066425,1.0,0.0,0.0,0,0,0,0,0,0,0,0,0,0,0,0
GN121466,1.0,0.0,0.0,0,0,0,0,0,0,0,0,0,0,0,0
GCA_022070345,0.0,1.0,0.0,0,0,0,0,1,0,1,0,1,0,0,0
GN165007,1.0,0.0,0.0,0,0,0,0,0,0,0,0,0,0,0,0
GN203409,1.0,0.0,0.0,0,0,0,0,0,0,0,0,0,0,0,0
GN201568,1.0,0.0,0.0,0,0,0,0,1,0,0,0,0,0,0,0
GN190090,1.0,0.0,0.0,0,0,0,0,0,0,0,0,0,0,0,0
GN121024,0.0,0.0,0.0,0,0,0,0,0,0,0,0,0,0,0,0
GN110015,1.0,0.0,0.0,1,1,0,1,1,1,0,1,0,1,1,1
GN122047,0.0,0.0,0.0,0,0,0,0,1,0,0,0,0,0,0,0
GN132065,0.0,0.0,0.0,0,0,0,0,0,0,0,0,0,0,0,0
GN070473,1.0,0.0,0.0,0,0,0,0,0,0,0,0,0,0,0,0
GN131531,1.0,0.0,0.0,1,0,0,0,0,0,0,0,0,0,0,0
GCA_022077745,1.0,0.0,0.0,0,0,0,0,0,0,0,0,0,0,0,0
GCA_022084415,1.0,0.0,0.0,0,0,0,0,0,0,0,0,0,0,0,0
GN180535,0.0,1.0,0.0,1,0,1,0,0,0,0,0,1,0,0,0
GCA_022082035,1.0,0.0,0.0,0,0,0,0,0,0,0,0,0,0,0,0
GCA_000567585,0.0,1.0,0.0,1,0,0,0,1,0,1,0,1,0,0,0
GCA_022078365,0.0,0.0,0.0,0,0,0,0,1,0,0,0,0,0,0,0
GN201371,0.0,0.0,0.0,0,0,0,0,1,0,0,0,0,0,0,0
GCA_022080395,1.0,0.0,0.0,0,0,0,0,0,0,0,0,0,0,0,0
GN132134,1.0,0.0,0.0,0,0,0,0,0,0,0,0,0,0,0,0
GN122261,0.0,0.0,0.0,0,0,0,0,1,0,0,0,0,0,0,0
GN120659,1.0,0.0,0.0,0,0,0,0,0,0,0,0,0,0,0,0
GN120888,1.0,0.0,0.0,0,0,0,0,0,0,0,0,0,0,0,0
GN172536,1.0,0.0,0.0,0,0,0,0,0,0,0,0,0,0,0,0
GCA_022060205,1.0,0.0,0.0,0,0,0,0,0,0,0,0,0,0,0,0
GN100426,0.0,1.0,0.0,0,0,0,0,1,0,0,0,1,0,0,0
GN191478,0.0,0.0,0.0,1,1,0,0,1,0,0,1,0,1,0,0
GN121926,1.0,0.0,0.0,0,0,0,0,1,0,0,0,0,0,0,0
GN173143,0.0,0.0,0.0,0,0,0,0,1,0,0,0,0,0,0,0
GN130424,1.0,0.0,0.0,0,0,0,0,1,0,0,0,0,0,0,0
GN100929,0.0,1.0,0.0,0,0,0,0,0,0,0,0,1,0,0,0
GN183255,1.0,0.0,0.0,0,0,0,0,0,0,0,0,0,0,0,0
GCA_022069955,0.0,1.0,0.0,0,0,0,0,1,0,1,0,1,0,0,0
GN172531,0.0,1.0,0.0,1,0,1,0,0,0,0,0,1,0,0,0
GN191655,0.0,0.0,0.0,0,0,0,0,1,0,0,0,0,0,0,0
GCA_022059695,1.0,0.0,0.0,0,0,0,0,0,0,0,0,0,0,0,0
GN191620,0.0,0.0,0.0,1,0,0,0,1,0,0,0,0,0,0,0
GN201787,1.0,0.0,0.0,0,0,0,0,1,0,0,0,0,0,0,0
GN165022,1.0,0.0,0.0,0,0,0,0,0,0,0,0,0,0,0,0
GN132098,0.0,0.0,0.0,1,0,0,0,1,0,0,0,0,0,0,0
GN181022,1.0,0.0,0.0,0,0,0,0,1,0,0,0,0,0,0,0
GN183270,0.0,1.0,0.0,1,1,0,1,1,1,0,1,1,1,1,1
GN110072,0.0,1.0,0.0,1,1,0,1,1,0,0,1,1,1,1,1
GN122844,1.0,0.0,0.0,0,0,0,0,1,0,0,0,0,0,0,0
GCA_022081795,1.0,0.0,0.0,0,0,0,0,0,0,0,0,0,0,0,0
GCA_022090875,1.0,0.0,0.0,0,0,0,0,0,0,0,0,0,0,0,0
GN111432,1.0,0.0,0.0,0,0,0,0,0,0,0,0,0,0,0,0
GN201715,1.0,0.0,0.0,0,0,0,0,1,0,0,0,0,0,0,0
GN070764,1.0,0.0,0.0,0,0,0,0,0,0,0,0,0,0,0,0
GCA_022086105,1.0,0.0,0.0,0,0,0,0,0,0,0,0,0,0,0,0
GN201607,1.0,0.0,0.0,0,0,0,0,0,0,0,0,0,0,0,0
GN181680,0.0,0.0,0.0,0,0,0,0,1,0,0,0,0,0,0,0
GN081133,1.0,0.0,0.0,0,0,0,0,1,0,0,0,0,0,0,0
GN182148,1.0,0.0,0.0,1,0,0,0,1,0,0,0,0,0,0,0
GN121407,1.0,0.0,0.0,0,0,0,0,0,0,0,0,0,0,0,0
GN101492,1.0,0.0,0.0,0,0,0,0,1,0,0,0,0,0,0,0
GCA_022064485,0.0,1.0,0.0,0,0,0,0,0,0,1,0,1,0,0,0
GN182707,0.0,1.0,0.0,0,0,0,0,1,0,0,0,1,0,0,0
GN201101,1.0,0.0,0.0,0,0,0,0,0,0,0,0,0,0,0,0
GN090860,1.0,0.0,0.0,0,0,0,0,1,0,0,0,0,0,0,0
GN190110,1.0,0.0,0.0,0,0,0,0,0,0,0,0,0,0,0,0
GCA_022085565,1.0,0.0,0.0,0,0,0,0,0,0,0,0,0,0,0,0
GN201277,0.0,0.0,0.0,0,0,0,0,0,0,0,0,0,0,0,0
GN130806,1.0,0.0,0.0,0,0,0,0,0,0,0,0,0,0,0,0
GN071268,1.0,0.0,0.0,0,0,0,0,0,0,0,0,0,0,0,0
GCA_022081555,1.0,0.0,0.0,0,0,0,0,1,0,0,0,0,0,0,0
GN061543,1.0,0.0,0.0,1,0,0,0,0,0,1,0,0,0,0,0
GN191184,1.0,0.0,0.0,0,0,0,0,0,0,0,0,0,0,0,0
GN191240,1.0,0.0,0.0,0,0,0,0,0,0,0,0,0,0,0,0
GCA_022067845,0.0,0.0,0.0,0,1,0,0,0,0,0,0,0,0,0,0
GCA_022068725,1.0,0.0,0.0,0,0,0,0,1,0,0,0,0,0,0,0
GN203572,0.0,0.0,0.0,0,0,0,0,0,0,0,0,0,0,0,0
GN132010,1.0,0.0,0.0,0,0,0,0,0,0,0,0,0,0,0,0
GN100142,1.0,0.0,0.0,0,0,0,0,1,0,0,0,0,0,0,0
GN172978,0.0,0.0,0.0,0,0,0,0,1,0,0,0,0,0,0,0
GN130484,1.0,0.0,0.0,0,0,0,0,0,0,0,0,0,0,0,0
GN060780,1.0,0.0,0.0,0,0,0,0,1,0,0,0,0,0,0,0
GN132450,0.0,0.0,0.0,1,0,1,0,1,0,0,0,0,0,0,0
GN201622,0.0,1.0,0.0,1,0,1,0,1,0,0,0,1,0,0,0
GCA_022082875,1.0,0.0,0.0,0,0,0,0,0,0,0,0,0,0,0,0
GN150314,1.0,0.0,0.0,0,0,0,0,0,0,0,0,0,0,0,0
GN101705,0.0,1.0,0.0,1,1,0,1,1,1,0,1,1,1,1,1
GCA_022064765,1.0,0.0,0.0,0,0,0,0,0,0,0,0,0,0,0,0
GN100424,1.0,0.0,0.0,0,0,0,0,0,0,0,0,0,0,0,0
GN192715,0.0,0.0,0.0,1,1,0,1,1,1,0,1,0,1,1,1
GN071051,1.0,0.0,0.0,0,0,0,0,0,0,0,0,0,0,0,0
GCA_002751905,1.0,0.0,0.0,1,1,0,1,1,1,0,1,0,1,1,1
GCA_022073065,1.0,0.0,0.0,0,0,0,0,0,0,0,0,0,0,0,0
GN192105,0.0,0.0,0.0,1,0,0,0,1,0,0,0,0,0,0,0
GCA_022091255,0.0,1.0,0.0,1,0,0,0,1,0,1,0,1,0,0,0
GN110274,0.0,1.0,0.0,0,0,0,0,1,0,0,0,1,0,0,0
GN122829,1.0,0.0,0.0,0,0,0,0,0,0,0,0,0,0,0,0
GN192338,0.0,1.0,0.0,1,0,1,0,0,0,0,0,1,0,0,0
GN201606,1.0,0.0,0.0,0,0,0,0,1,0,0,0,0,0,0,0
GCA_022086735,1.0,0.0,0.0,0,0,0,0,0,0,0,0,0,0,0,0
GN181672,1.0,0.0,0.0,0,0,0,0,1,0,0,0,0,0,0,0
GCA_022087685,1.0,0.0,0.0,0,0,0,0,0,0,0,0,0,0,0,0
GN101241,1.0,0.0,0.0,0,0,0,0,1,0,0,0,0,0,0,0
GN081083,1.0,0.0,0.0,0,0,0,0,0,0,0,0,0,0,0,0
GCA_022088645,1.0,0.0,0.0,0,0,0,0,0,0,0,0,0,0,0,0
GN192718,1.0,0.0,0.0,0,0,0,0,0,0,0,0,0,0,0,0
GN141613,0.0,1.0,0.0,1,0,1,0,0,0,0,0,1,0,0,0
GN202690,0.0,0.0,0.0,1,0,0,0,1,0,0,1,0,1,1,1
GN101092,1.0,0.0,0.0,0,0,0,0,1,0,0,0,0,0,0,0
GN081137,0.0,0.0,0.0,0,0,0,0,0,0,0,0,0,0,0,0
GN080884,1.0,0.0,0.0,0,0,0,0,1,0,0,0,0,0,0,0
GN193442,0.0,0.0,0.0,1,0,0,0,1,0,0,0,0,0,0,0
GN122514,1.0,0.0,0.0,0,0,0,0,0,0,0,0,0,0,0,0
GN204190,1.0,0.0,0.0,0,0,0,0,1,0,0,0,0,0,0,0
GN080560,0.0,1.0,0.0,0,0,0,0,1,0,0,0,1,0,0,0
GN122549,1.0,0.0,0.0,0,0,0,0,0,0,0,0,0,0,0,0
GCA_022074905,1.0,0.0,0.0,0,0,0,0,0,0,0,0,0,0,0,0
GN090204,0.0,0.0,0.0,0,0,0,0,0,0,0,0,0,0,0,0
GN191778,1.0,0.0,0.0,0,0,0,0,1,0,0,0,0,0,0,0
GN191081,0.0,0.0,0.0,0,0,0,0,1,0,0,0,0,0,0,0
GN100678,1.0,0.0,0.0,0,0,0,0,0,0,0,0,0,0,0,0
GN203429,0.0,1.0,0.0,0,0,0,0,1,0,0,0,1,0,0,0
GCA_022088925,1.0,0.0,0.0,0,0,0,0,1,0,0,0,0,0,0,0
GCA_022060265,1.0,0.0,0.0,0,0,0,0,0,0,0,0,0,0,0,0
GCA_022059135,0.0,0.0,0.0,0,0,0,0,0,0,0,0,0,0,0,0
GN100136,1.0,0.0,0.0,0,0,0,0,0,0,0,0,0,0,0,0
GN203448,1.0,0.0,0.0,0,0,0,0,1,0,0,0,0,0,0,0
GN110771,1.0,0.0,0.0,0,0,0,0,1,0,0,0,0,0,0,0
GCA_002156745,0.0,0.0,1.0,1,1,0,1,1,1,0,1,0,1,1,1
GCF_001701495,0.0,1.0,0.0,1,0,1,0,0,0,0,0,1,0,0,0
GCA_022068025,1.0,0.0,0.0,0,0,0,0,0,0,0,0,0,0,0,0
GN200863,0.0,1.0,0.0,1,0,0,0,1,0,0,0,1,0,0,0
GN165016,1.0,0.0,0.0,0,0,0,0,0,0,0,0,0,0,0,0
GN203453,1.0,0.0,0.0,0,0,0,0,0,0,0,0,0,0,0,0
GN121532,0.0,0.0,0.0,0,0,0,0,1,0,0,0,0,0,0,0
GCF_001701985,1.0,0.0,0.0,0,0,0,0,0,0,0,0,0,0,0,0
GN120632,1.0,0.0,0.0,0,0,0,0,1,0,0,0,0,0,0,0
GCA_022074565,1.0,0.0,0.0,0,0,0,0,0,0,0,0,0,0,0,0
GN121655,0.0,0.0,0.0,0,0,0,0,0,0,0,0,0,0,0,0
GCA_022077065,1.0,0.0,0.0,0,0,0,0,0,0,0,0,0,0,0,0
GN120438,0.0,0.0,0.0,0,0,0,0,1,0,0,0,0,0,0,0
GN110280,0.0,1.0,0.0,0,0,0,0,1,0,0,0,1,0,0,0
GN132215,0.0,0.0,0.0,0,0,0,0,1,0,0,0,0,0,0,0
GN090791,0.0,0.0,0.0,1,0,0,0,1,0,0,0,0,0,0,0
GN193416,1.0,0.0,0.0,0,0,0,0,0,0,0,0,0,0,0,0
GN080095,1.0,0.0,0.0,0,0,0,0,0,0,0,0,0,0,0,0
GCA_022084735,1.0,0.0,0.0,0,0,0,0,0,0,0,0,0,0,0,0
GN080995,1.0,0.0,0.0,0,0,0,0,0,0,0,0,1,0,0,0
GN110306,1.0,0.0,0.0,0,0,0,0,1,0,0,0,0,0,0,0
GCA_022089735,1.0,0.0,0.0,0,0,0,0,0,0,0,0,0,0,0,0
GN202658,1.0,0.0,0.0,0,0,0,0,1,0,0,0,0,0,0,0
GN200906,0.0,0.0,0.0,0,0,0,0,1,0,0,0,0,0,0,0
GN122378,0.0,0.0,0.0,0,0,0,0,1,0,0,0,0,0,0,0
GN130723,1.0,0.0,0.0,0,0,0,0,1,0,0,0,0,0,0,0
GCA_022085315,1.0,0.0,0.0,0,0,0,0,0,0,0,0,0,0,0,0
GN122604,0.0,0.0,0.0,0,0,0,0,0,0,0,0,0,0,0,0
GN080724,0.0,1.0,0.0,1,1,0,1,1,1,0,1,1,1,1,1
GCA_022086565,1.0,0.0,0.0,0,0,0,0,0,0,0,0,0,0,0,0
GN120800,0.0,0.0,0.0,1,1,0,1,1,1,0,1,0,1,1,1
GN193721,0.0,1.0,0.0,1,0,1,0,1,0,0,0,1,0,0,0
GN132283,1.0,0.0,0.0,0,0,0,0,0,0,0,0,0,0,0,0
GN180642,1.0,0.0,0.0,1,0,0,0,1,0,0,0,0,0,0,0
GN090536,1.0,0.0,0.0,0,0,0,0,0,0,0,0,0,0,0,0
GN100942,1.0,0.0,0.0,0,0,0,0,0,0,0,0,0,0,0,0
GN140798,1.0,0.0,0.0,0,0,0,0,0,0,0,0,0,0,0,0
GN173203,1.0,0.0,0.0,0,0,0,0,1,0,0,0,0,0,0,0
GN200960,1.0,0.0,0.0,0,0,0,0,0,0,0,0,0,0,0,0
GN180378,1.0,0.0,0.0,0,0,0,0,0,0,0,0,0,0,0,0
GN101490,1.0,0.0,0.0,0,0,0,0,0,0,0,0,0,0,0,0
GN172840,1.0,0.0,0.0,0,0,0,0,1,0,0,0,0,0,0,0
GN110292,1.0,0.0,0.0,0,0,0,0,0,0,0,0,0,0,0,0
GN200950,0.0,0.0,0.0,0,0,0,0,1,0,0,0,0,0,0,0
GN131353,0.0,1.0,0.0,1,1,0,1,1,0,0,1,1,1,1,1
GN165035,1.0,0.0,0.0,1,0,0,0,0,0,0,0,0,0,0,0
GN111268,0.0,0.0,0.0,0,0,0,0,1,0,0,0,0,0,0,0
GN110736,0.0,0.0,0.0,0,0,0,0,1,0,0,0,0,0,0,0
GCA_022061745,0.0,1.0,0.0,0,0,0,0,0,0,1,0,1,0,0,0
GN110324,1.0,0.0,0.0,0,0,0,0,1,0,0,0,0,0,0,0
GN204174,1.0,0.0,0.0,0,0,0,0,1,0,0,0,0,0,0,0
GN191552,0.0,1.0,0.0,1,0,0,0,1,0,0,0,1,1,0,0
GCA_022078765,1.0,0.0,0.0,0,0,0,0,0,0,0,0,0,0,0,0
GN111270,0.0,0.0,0.0,0,0,0,0,1,0,0,0,0,0,0,0
GN201181,0.0,1.0,0.0,1,1,0,1,1,1,0,1,1,1,1,1
GN110022,1.0,0.0,0.0,0,0,0,0,0,0,0,0,0,0,0,0
GN171214,1.0,0.0,0.0,0,0,0,0,1,0,0,0,0,0,0,0
GN202974,0.0,0.0,0.0,0,0,0,0,1,0,0,0,0,0,0,0
GN192723,1.0,0.0,0.0,1,0,0,0,1,0,0,0,0,0,0,0
GCA_022081095,1.0,0.0,0.0,0,0,0,0,0,0,0,0,0,0,0,0
GN182883,1.0,0.0,0.0,0,0,0,0,0,0,0,0,0,0,0,0
GCA_022089275,1.0,0.0,0.0,0,0,0,0,0,0,0,0,0,0,0,0
GN130358,1.0,0.0,0.0,0,0,0,0,1,0,0,0,0,0,0,0
GCA_022066985,1.0,0.0,0.0,0,0,0,0,0,0,0,0,0,0,0,0
GN190445,0.0,1.0,0.0,1,0,0,0,0,0,0,0,1,0,0,0
GN181921,1.0,0.0,0.0,0,0,0,0,0,0,0,0,0,0,0,0
GN090863,1.0,0.0,0.0,1,0,0,0,1,0,0,0,0,0,0,0
GN110847,0.0,1.0,0.0,1,0,1,0,0,0,0,0,1,0,0,0
GN111065,0.0,1.0,0.0,1,0,1,0,1,0,0,0,1,0,0,0
GCA_022072665,1.0,0.0,0.0,0,0,0,0,0,0,0,0,0,0,0,0
GN121045,0.0,0.0,0.0,0,0,0,0,1,0,0,0,0,0,0,0
GN091245,0.0,0.0,0.0,0,0,0,0,1,0,0,0,0,0,0,0
GCA_022089575,1.0,0.0,0.0,0,0,0,0,0,0,0,0,0,0,0,0
GN203468,0.0,1.0,0.0,0,0,0,0,1,0,0,0,1,0,0,0
GN173038,1.0,0.0,0.0,0,0,0,0,1,0,0,0,0,0,0,0
GN140485,1.0,0.0,0.0,0,0,0,0,0,0,0,0,0,0,0,0
GN151440,0.0,0.0,0.0,0,0,0,0,1,0,0,0,0,0,0,0
GN122571,1.0,0.0,0.0,0,0,0,0,0,0,0,0,0,0,0,0
GN201350,1.0,0.0,0.0,0,0,0,0,0,0,0,0,0,0,0,0
GN200774,0.0,1.0,0.0,0,0,0,0,1,0,0,0,1,0,0,0
GN165031,1.0,0.0,0.0,0,0,0,0,0,0,0,0,0,0,0,0
GN172749,0.0,0.0,0.0,0,0,0,0,0,0,0,0,0,0,0,0
GCA_022069765,1.0,0.0,0.0,0,0,0,0,0,0,0,0,0,0,0,0
GN193722,1.0,0.0,0.0,0,0,0,0,1,0,0,0,0,0,0,0
GN200101,0.0,0.0,0.0,0,0,0,0,1,0,0,0,0,0,0,0
GN181914,1.0,0.0,0.0,0,0,0,0,1,0,0,0,0,0,0,0
GN121128,0.0,0.0,0.0,0,0,0,0,1,0,0,0,0,0,0,0
GN120418,0.0,0.0,0.0,0,0,0,0,1,0,0,0,0,0,0,0
GN160317,1.0,0.0,0.0,0,0,0,0,0,0,0,0,0,0,0,0
GN110601,1.0,0.0,0.0,0,0,0,0,1,0,0,0,0,0,0,0
GCA_022064345,1.0,0.0,0.0,0,0,0,0,0,0,0,0,0,0,0,0
GN081066,1.0,0.0,0.0,0,0,0,0,1,0,0,0,0,0,0,0
GN183268,1.0,0.0,0.0,0,0,0,0,1,0,0,0,0,0,0,0
GCA_022076265,1.0,0.0,0.0,0,0,0,0,0,0,0,0,0,0,0,0
GN131088,0.0,0.0,0.0,1,1,0,0,1,1,0,1,0,1,1,1
GN140827,1.0,0.0,0.0,0,0,0,0,0,0,0,0,0,0,0,0
GCA_022078625,1.0,0.0,0.0,0,0,0,0,0,0,0,0,0,0,0,0
GN180762,0.0,1.0,0.0,1,0,1,0,1,0,0,0,1,0,0,0
GN173183,1.0,0.0,0.0,1,0,1,0,1,0,0,0,0,0,0,0
GN081126,0.0,1.0,0.0,0,0,0,0,1,0,0,0,1,0,0,0
GN121510,0.0,0.0,0.0,1,1,1,0,1,1,0,1,0,1,1,1
GN080406,1.0,0.0,0.0,0,0,0,0,0,0,0,0,0,0,0,0
GN121127,1.0,0.0,0.0,0,0,0,0,0,0,0,0,0,0,0,0
GCA_022067525,1.0,0.0,0.0,0,0,0,0,0,0,0,0,0,0,0,0
GN111272,1.0,0.0,0.0,0,0,0,0,1,0,0,0,0,0,0,0
GN202907,1.0,0.0,0.0,0,0,0,0,1,0,0,0,0,0,0,0
GN171743,1.0,0.0,0.0,1,0,0,0,1,0,0,0,0,0,0,0
GCA_022075405,0.0,0.0,0.0,0,0,0,0,0,0,0,0,0,0,0,0
GCA_022084795,1.0,0.0,0.0,0,0,0,0,0,0,0,0,0,0,0,0
GN110409,0.0,0.0,0.0,0,0,0,0,1,0,0,0,0,0,0,0
GN121975,0.0,0.0,0.0,0,0,0,0,1,0,0,0,0,0,0,0
GN191649,1.0,0.0,0.0,0,0,0,0,0,0,0,0,0,0,0,0
GN120571,0.0,0.0,0.0,1,0,1,0,1,0,0,0,0,0,0,0
GN201517,1.0,0.0,0.0,0,0,0,0,0,0,0,0,0,0,0,0
GN080764,1.0,0.0,0.0,0,0,0,0,1,0,0,0,0,0,0,0
GN080965,1.0,0.0,0.0,0,0,0,0,0,0,0,0,0,0,0,0
GN181683,1.0,0.0,0.0,0,0,0,0,0,0,0,0,0,0,0,0
GCA_022089535,1.0,0.0,0.0,0,0,0,0,1,0,0,0,0,0,0,0
GCA_022087825,1.0,0.0,0.0,0,0,0,0,0,0,0,0,0,0,0,0
GN131110,0.0,0.0,0.0,0,0,0,0,1,0,0,0,0,0,0,0
GN203911,1.0,0.0,0.0,0,0,0,0,1,0,0,0,0,0,0,0
GN192298,1.0,0.0,0.0,1,1,0,1,1,1,0,1,0,1,1,1
GN141576,1.0,0.0,0.0,0,0,0,0,0,0,0,0,0,0,0,0
GN141415,1.0,0.0,0.0,0,0,0,0,0,0,0,0,0,0,0,0
GN203597,1.0,0.0,0.0,0,0,0,0,0,0,0,0,0,0,0,0
GN080296,1.0,0.0,0.0,0,0,0,0,0,0,0,0,0,0,0,0
GCA_022059105,0.0,0.0,0.0,0,1,0,0,0,0,0,0,0,0,0,0
GCA_022079775,0.0,1.0,0.0,0,0,0,0,0,0,1,0,1,0,0,0
GN121613,1.0,0.0,0.0,0,0,0,0,0,0,0,0,0,0,0,0
GN201121,1.0,0.0,0.0,1,0,0,0,0,0,0,0,0,0,0,0
GN071212,0.0,0.0,0.0,0,0,0,1,1,1,0,0,0,0,0,0
GCA_022091315,1.0,0.0,0.0,0,0,0,0,0,0,0,0,0,0,0,0
GN070986,1.0,0.0,0.0,0,0,0,0,1,0,0,0,0,0,0,0
GN192706,0.0,0.0,0.0,0,0,0,0,1,0,0,0,0,0,0,0
GN060554,1.0,0.0,0.0,0,0,0,0,1,0,0,0,0,0,0,0
GN181488,0.0,0.0,0.0,1,0,0,0,1,0,0,0,0,0,0,0
GCA_022074025,1.0,0.0,0.0,0,0,0,0,0,0,0,0,0,0,0,0
GN191212,1.0,0.0,0.0,0,0,0,0,1,0,0,0,0,0,0,0
GCA_022085195,0.0,1.0,0.0,1,0,0,0,1,0,1,0,1,0,0,0
GN203493,1.0,0.0,0.0,0,0,0,0,1,0,0,0,0,0,0,0
GN192679,1.0,0.0,0.0,0,0,0,0,1,0,0,0,0,0,0,0
GN203603,1.0,0.0,0.0,0,0,0,0,0,0,0,0,0,0,0,0
GN201432,1.0,0.0,0.0,0,0,0,0,0,0,0,0,0,0,0,0
GCA_022068105,0.0,1.0,0.0,0,0,0,0,0,0,1,0,1,0,0,0
GN120452,0.0,0.0,0.0,0,0,0,0,1,0,0,0,0,0,0,0
GN070141,1.0,0.0,0.0,0,0,0,0,0,0,0,0,0,0,0,0
GN172998,1.0,0.0,0.0,0,0,0,0,1,0,0,0,0,0,0,0
GN181717,1.0,0.0,0.0,0,0,0,0,0,0,0,0,0,0,0,0
GN165012,1.0,0.0,0.0,0,0,0,0,0,0,0,0,0,0,0,0
GN080028,1.0,0.0,0.0,0,0,0,0,1,0,0,0,0,0,0,0
GN180332,1.0,0.0,0.0,0,0,0,0,0,0,0,0,0,0,0,0
GN150772,1.0,0.0,0.0,0,0,0,0,0,0,0,0,0,0,0,0
GN141817,0.0,0.0,0.0,0,0,0,0,0,0,0,0,0,0,0,0
GN132063,0.0,1.0,0.0,0,0,0,0,1,0,0,0,1,0,0,0
GCA_022085785,0.0,1.0,0.0,1,0,0,0,1,0,1,0,1,0,0,0
GN080834,0.0,1.0,0.0,1,1,0,1,1,1,0,1,1,1,1,1
GN180374,0.0,0.0,0.0,0,0,0,0,1,0,0,0,0,0,0,0
GN192366,0.0,1.0,0.0,1,0,1,0,1,0,0,0,1,0,0,0
GN120973,1.0,0.0,0.0,0,0,0,0,0,0,0,0,0,0,0,0
GN132177,0.0,0.0,0.0,0,0,0,0,1,0,0,0,0,0,0,0
GN190933,1.0,0.0,0.0,0,0,0,0,0,0,0,0,0,0,0,0
GN203585,1.0,0.0,0.0,0,0,0,0,0,0,0,0,0,0,0,0
GN110619,1.0,0.0,0.0,0,0,0,0,0,0,0,0,0,0,0,0
GN192479,1.0,0.0,0.0,0,0,0,0,0,0,0,0,0,0,0,0
GN122544,0.0,0.0,0.0,0,0,0,0,1,0,0,0,0,0,0,0
GN192415,1.0,0.0,0.0,0,0,0,0,1,0,0,0,0,1,0,0
GN122841,0.0,1.0,0.0,0,0,0,0,1,0,0,0,1,0,0,0
GN122428,0.0,1.0,0.0,0,0,0,0,1,0,0,0,1,0,0,0
GCA_022076305,1.0,0.0,0.0,0,0,0,0,0,0,0,0,0,0,0,0
GN172634,1.0,0.0,0.0,0,0,0,0,1,0,0,0,0,0,0,0
GN080495,0.0,1.0,0.0,0,0,0,0,1,0,0,0,1,0,0,0
GN172769,0.0,1.0,0.0,1,0,0,0,1,0,0,0,1,0,0,0
GCA_022086225,1.0,0.0,0.0,0,0,0,0,0,0,0,0,0,0,0,0
GCA_022073865,0.0,1.0,0.0,1,0,0,0,1,0,1,0,1,0,0,0
GCA_000693855,0.0,1.0,0.0,1,0,0,0,1,0,1,0,1,0,0,0
GN201222,1.0,0.0,0.0,1,0,0,0,0,0,0,0,0,0,0,0
GN181919,1.0,0.0,0.0,0,0,0,0,1,0,0,0,0,0,0,0
GCA_000694295,0.0,1.0,0.0,1,0,0,0,1,0,1,0,1,0,0,0
GN120733,1.0,0.0,0.0,0,0,0,0,0,0,0,0,0,0,0,0
GCA_022083055,1.0,0.0,0.0,0,0,0,0,0,0,0,0,0,0,0,0
GN165030,1.0,0.0,0.0,0,0,0,0,1,0,0,0,0,0,0,0
GN182101,1.0,0.0,0.0,0,0,0,0,1,0,0,0,0,0,0,0
GN101098,1.0,0.0,0.0,0,0,0,0,0,0,0,0,0,0,0,0
GN121819,1.0,0.0,0.0,0,0,0,0,0,0,0,0,0,0,0,0
GN110341,1.0,0.0,0.0,0,0,0,0,0,0,0,0,0,0,0,0
GN121831,0.0,1.0,0.0,0,0,0,0,1,0,0,0,1,0,0,0
GN111083,1.0,0.0,0.0,0,0,0,0,0,0,0,0,0,0,0,0
GCA_022088285,1.0,0.0,0.0,0,0,0,0,0,0,0,0,0,0,0,0
GN201609,0.0,0.0,0.0,0,0,0,0,0,0,0,0,0,0,0,0
GN181915,0.0,0.0,0.0,1,0,0,1,1,0,0,0,0,1,0,0
GN140185,1.0,0.0,0.0,0,0,0,0,1,0,0,0,0,0,0,0
GN141430,0.0,0.0,0.0,0,0,0,0,1,0,0,0,0,0,0,0
GCA_022074005,1.0,0.0,0.0,0,0,0,0,1,0,0,0,0,0,0,0
GN090480,1.0,0.0,0.0,0,0,0,0,1,0,0,0,0,0,0,0
GCA_022072865,0.0,0.0,0.0,0,0,0,0,1,0,0,0,0,0,0,0
GCA_022060485,1.0,0.0,0.0,0,0,0,0,0,0,0,0,0,0,0,0
GN080146,0.0,0.0,0.0,0,0,0,0,0,0,0,0,0,0,0,0
GCA_022087965,1.0,0.0,0.0,0,0,0,0,0,0,0,0,0,0,0,0
GCA_022068305,0.0,0.0,0.0,0,0,0,0,1,0,0,0,0,0,0,0
GCA_022083795,1.0,0.0,0.0,0,0,0,0,0,0,0,0,0,0,0,0
GN140237,1.0,0.0,0.0,0,0,0,0,1,0,0,0,0,0,0,0
GN202607,0.0,1.0,0.0,0,0,0,0,1,0,0,0,1,0,0,0
GN080360,1.0,0.0,0.0,0,0,0,0,1,0,0,0,0,0,0,0
GN203459,0.0,1.0,0.0,0,0,0,0,1,0,0,0,1,0,0,0
GN203630,0.0,1.0,0.0,0,0,0,0,1,0,0,0,1,0,0,0
GN090898,1.0,0.0,0.0,0,0,0,0,0,0,0,0,0,0,0,0
GCA_003186535,1.0,0.0,0.0,0,0,0,0,0,0,0,0,0,0,0,0
GN200806,1.0,0.0,0.0,0,0,0,0,0,0,0,0,0,0,0,0
GN132325,1.0,0.0,0.0,0,0,0,0,1,0,0,0,0,0,0,0
GN101704,1.0,0.0,0.0,0,0,0,0,1,0,0,0,0,0,0,0
GCA_022087345,1.0,0.0,0.0,0,0,0,0,0,0,0,0,0,0,0,0
GCA_022076065,0.0,0.0,0.0,0,0,0,0,0,0,0,0,0,0,0,0
GN151091,1.0,0.0,0.0,0,0,0,0,0,0,0,0,0,0,0,0
GN202528,1.0,0.0,0.0,0,0,0,0,1,0,0,0,0,0,0,0
GCA_022058965,0.0,1.0,0.0,0,0,0,0,0,0,1,0,1,0,0,0
GN122293,1.0,0.0,0.0,0,0,0,0,0,0,0,0,0,0,0,0
GCA_022067965,1.0,0.0,0.0,0,0,0,0,1,0,0,0,0,0,0,0
GN090509,1.0,0.0,0.0,0,0,0,0,0,0,0,0,0,0,0,0
GN150108,1.0,0.0,0.0,0,0,0,0,0,0,0,0,0,0,0,0
GN150082,1.0,0.0,0.0,0,0,0,0,0,0,0,0,0,0,0,0
GN201155,0.0,1.0,0.0,1,0,1,0,0,0,0,0,1,0,0,0
GN165027,1.0,0.0,0.0,0,0,0,0,0,0,0,0,0,0,0,0
GN091547,0.0,0.0,0.0,0,0,0,0,1,0,0,0,0,0,0,0
GN061104,1.0,0.0,0.0,0,0,0,0,0,0,0,0,0,0,0,0
GN130024,0.0,0.0,0.0,1,0,1,0,0,0,0,0,0,0,0,0
GN190810,1.0,0.0,0.0,0,0,0,0,0,0,0,0,0,0,0,0
GN071057,0.0,0.0,0.0,0,0,0,0,0,0,0,0,0,0,0,0
GN120816,1.0,0.0,0.0,0,0,0,0,1,0,0,0,0,0,0,0
GN122430,1.0,0.0,0.0,0,0,0,0,1,0,0,0,0,0,0,0
GCA_022083655,1.0,0.0,0.0,0,0,0,0,1,0,0,0,0,0,0,0
GN173050,1.0,0.0,0.0,0,0,0,0,1,0,0,0,0,0,0,0
GN193500,1.0,0.0,0.0,0,0,0,0,0,0,0,0,0,0,0,0
GCA_022064985,1.0,0.0,0.0,0,0,0,0,0,0,0,0,0,0,0,0
GCA_022084295,1.0,0.0,0.0,0,0,0,0,0,0,0,0,0,0,0,0
GCA_022061725,0.0,0.0,0.0,0,1,0,0,0,0,0,0,0,0,0,0
GN152607,0.0,1.0,0.0,1,0,1,0,0,0,0,0,1,0,0,0
GN121151,1.0,0.0,0.0,0,0,0,0,1,0,0,0,0,0,0,0
GCA_022090895,1.0,0.0,0.0,0,0,0,0,0,0,0,0,0,0,0,0
GN120485,1.0,0.0,0.0,0,0,0,0,1,0,0,0,0,0,0,0
GN130988,1.0,0.0,0.0,0,0,0,0,1,0,0,0,0,0,0,0
GN122141,0.0,0.0,0.0,0,0,0,0,0,0,0,0,0,0,0,0
GN203153,0.0,1.0,0.0,0,0,0,0,1,0,0,0,1,0,0,0
GN070465,1.0,0.0,0.0,0,0,0,0,1,0,0,0,0,0,0,0
GN070876,1.0,0.0,0.0,0,0,0,0,1,0,0,0,0,0,0,0
GN151729,1.0,0.0,0.0,0,0,0,0,1,0,0,0,0,0,0,0
GN081287,0.0,0.0,0.0,0,0,0,0,1,0,0,0,0,0,0,0
GN130945,1.0,0.0,0.0,0,0,0,0,0,0,0,0,0,0,0,0
GCA_022063215,1.0,0.0,0.0,0,0,0,0,0,0,0,0,0,0,0,0
GN171219,1.0,0.0,0.0,0,0,0,0,1,0,0,0,0,0,0,0
GN132097,1.0,0.0,0.0,0,0,0,0,1,0,0,0,0,0,0,0
GN183262,1.0,0.0,0.0,0,0,0,0,0,0,0,0,0,0,0,0
GN141624,1.0,0.0,0.0,0,0,0,0,0,0,0,0,0,0,0,0
GN163460,1.0,0.0,0.0,0,0,0,0,0,0,0,0,0,0,0,0
GCA_022083455,0.0,1.0,0.0,0,0,0,0,0,0,1,0,1,0,0,0
GN130388,0.0,0.0,0.0,0,0,0,0,1,0,0,0,0,0,0,0
GN183244,1.0,0.0,0.0,0,0,0,0,0,0,0,0,0,0,0,0
GN140799,0.0,1.0,0.0,1,0,1,0,0,0,0,0,1,0,0,0
GN121163,0.0,1.0,0.0,0,0,0,0,0,0,0,0,1,0,0,0
GCA_022088965,0.0,1.0,0.0,0,0,0,0,1,0,1,0,1,0,0,0
GN193570,0.0,0.0,0.0,0,0,0,0,1,0,0,0,0,0,0,0
GN140657,1.0,0.0,0.0,1,0,0,0,1,0,0,0,0,0,0,0
GN122686,1.0,0.0,0.0,0,0,0,0,0,0,0,0,0,0,0,0
GN192441,1.0,0.0,0.0,0,0,0,0,0,0,0,0,0,0,0,0
GCA_022074605,1.0,0.0,0.0,0,0,0,0,0,0,0,0,0,0,0,0
GN081219,0.0,0.0,0.0,1,1,0,1,1,0,0,1,0,1,1,0
GCA_002055855,0.0,0.0,0.0,1,1,0,1,1,1,0,1,0,1,1,1
GN131789,1.0,0.0,0.0,0,0,0,0,0,0,0,0,0,0,0,0
GCA_022063765,1.0,0.0,0.0,0,0,0,0,0,0,0,0,0,0,0,0
GN090899,0.0,0.0,0.0,0,0,0,0,1,0,0,0,0,0,0,0
GN132102,0.0,1.0,0.0,1,0,1,0,0,0,0,0,1,0,0,0
GN192689,0.0,0.0,0.0,0,0,0,0,1,0,0,0,0,0,0,0
GN070754,0.0,1.0,0.0,1,0,1,0,1,0,0,0,1,0,0,0
GN201386,1.0,0.0,0.0,0,0,0,0,0,0,0,0,0,0,0,0
GCA_022076845,1.0,0.0,0.0,0,0,0,0,1,0,0,0,0,0,0,0
GN140145,0.0,1.0,0.0,0,0,0,0,1,0,0,0,1,0,0,0
GN131799,1.0,0.0,0.0,0,0,0,0,0,0,0,0,0,0,0,0
GN110419,0.0,0.0,0.0,0,0,0,0,0,0,0,0,0,0,0,0
GN171852,0.0,0.0,0.0,0,0,0,0,1,0,0,0,0,0,0,0
GN080409,1.0,0.0,0.0,0,0,0,0,0,0,0,0,0,0,0,0
GCA_022087845,1.0,0.0,0.0,0,0,0,0,0,0,0,0,0,0,0,0
GCA_022083875,1.0,0.0,0.0,0,0,0,0,0,0,0,0,0,0,0,0
GN180028,1.0,0.0,0.0,0,0,0,0,0,0,0,0,0,0,0,0
GN151983,1.0,0.0,0.0,0,0,0,0,0,0,0,0,0,0,0,0
GCA_022086525,1.0,0.0,0.0,0,0,0,0,0,0,0,0,0,0,0,0
GN091243,1.0,0.0,0.0,0,0,0,0,1,0,0,0,0,0,0,0
GCA_022085525,1.0,0.0,0.0,0,0,0,0,0,0,0,0,0,0,0,0
GN130113,1.0,0.0,0.0,0,0,0,0,0,0,0,0,0,0,0,0
GN140478,1.0,0.0,0.0,0,0,0,0,0,0,0,0,0,0,0,0
GN131195,1.0,0.0,0.0,0,0,0,0,0,0,0,0,0,0,0,0
GN203777,0.0,1.0,0.0,1,1,0,1,1,1,0,1,1,1,1,1
GN191636,0.0,0.0,0.0,0,0,0,0,0,0,0,0,0,0,0,0
GN202479,0.0,1.0,0.0,0,0,0,0,0,0,0,0,1,0,0,0
GN192703,1.0,0.0,0.0,0,0,0,0,0,0,0,0,0,0,0,0
GCA_022088405,0.0,1.0,0.0,1,0,0,0,1,0,1,0,1,0,0,0
GN142119,0.0,0.0,0.0,0,0,0,0,1,0,0,0,0,0,0,0
GN101682,1.0,0.0,0.0,0,0,0,0,0,0,0,0,0,0,0,0
GCF_001701835,0.0,1.0,0.0,1,0,1,0,1,0,0,0,1,0,0,0
GCA_022071785,0.0,0.0,0.0,0,0,0,0,0,0,0,0,0,0,0,0
GN192724,0.0,0.0,0.0,1,1,0,0,1,0,0,1,0,1,1,0
GN181468,1.0,0.0,0.0,0,0,0,0,0,0,0,0,0,0,0,0
GN201877,0.0,1.0,0.0,0,0,0,0,1,0,0,0,1,0,0,0
GN100222,1.0,0.0,0.0,0,0,0,0,1,0,0,0,0,0,0,0
GN191058,1.0,0.0,0.0,0,0,0,0,1,0,0,0,0,0,0,0
GN110080,0.0,0.0,0.0,0,0,0,0,0,0,0,0,0,0,0,0
GN203311,0.0,0.0,0.0,0,0,0,0,0,0,0,0,0,0,0,0
GCA_022067865,0.0,0.0,0.0,0,0,0,0,1,0,0,0,0,0,0,0
GN192708,1.0,0.0,0.0,0,0,0,0,0,0,0,0,0,0,0,0
GN180864,1.0,0.0,0.0,0,0,0,0,0,0,0,0,0,0,0,0
GN180520,0.0,0.0,0.0,0,0,0,0,1,0,0,0,0,0,0,0
GN091259,1.0,0.0,0.0,0,0,0,0,0,0,0,0,0,0,0,0
GN121473,0.0,1.0,0.0,0,0,0,0,1,0,0,0,1,0,0,0
GN100451,1.0,0.0,0.0,0,0,0,0,1,0,0,0,0,0,0,0
GCA_022069605,0.0,1.0,0.0,0,0,0,0,1,0,1,0,1,0,0,0
GN201286,0.0,0.0,0.0,0,0,0,0,0,0,0,0,0,0,0,0
GN131016,1.0,0.0,0.0,0,0,0,0,0,0,0,0,0,0,0,0
GCA_022060145,1.0,0.0,0.0,0,0,0,0,0,0,0,0,0,0,0,0
GN183207,1.0,0.0,0.0,0,0,0,0,1,0,0,0,0,0,0,0
GCA_022062685,0.0,1.0,0.0,0,0,0,0,1,0,1,0,1,0,0,0
GN121354,1.0,0.0,0.0,1,0,0,0,1,0,0,0,0,0,0,0
GN122419,1.0,0.0,0.0,0,0,0,0,0,0,0,0,0,0,0,0
GN140712,1.0,0.0,0.0,0,0,0,0,1,0,0,0,0,0,0,0
GN122284,1.0,0.0,0.0,0,0,0,0,0,0,0,0,0,0,0,0
GCA_022076645,1.0,0.0,0.0,0,0,0,0,0,0,0,0,0,0,0,0
GN090128,0.0,1.0,0.0,1,1,1,1,1,1,0,1,1,1,1,1
GN203765,0.0,0.0,0.0,0,0,0,0,1,0,0,0,0,0,0,0
GN110452,1.0,0.0,0.0,0,0,0,0,0,0,0,0,0,0,0,0
GN120794,1.0,0.0,0.0,0,0,0,0,1,0,0,0,0,0,0,0
GN122135,1.0,0.0,0.0,0,0,0,0,0,0,0,0,0,0,0,0
GN182154,1.0,0.0,0.0,0,0,0,0,0,0,0,0,0,0,0,0
GN110852,1.0,0.0,0.0,0,0,0,0,0,0,0,0,0,0,0,0
GN202190,0.0,0.0,0.0,0,0,0,0,1,0,0,0,0,0,0,0
GN120358,1.0,0.0,0.0,0,0,0,0,0,0,0,0,0,0,0,0
GN121684,1.0,0.0,0.0,0,0,0,0,1,0,0,0,0,0,0,0
GCA_022086855,1.0,0.0,0.0,0,0,0,0,0,0,0,0,0,0,0,0
GCA_022062425,1.0,0.0,0.0,0,0,0,0,0,0,0,0,0,0,0,0
GN090857,0.0,0.0,0.0,1,0,0,0,1,0,0,0,0,0,0,0
GN191229,1.0,0.0,0.0,0,0,0,0,0,0,0,0,0,0,0,0
GN190790,1.0,0.0,0.0,0,0,0,0,1,0,0,0,0,0,0,0
GN122355,1.0,0.0,0.0,1,0,0,0,0,0,0,0,0,0,0,0
GN120657,1.0,0.0,0.0,0,0,0,0,0,0,0,0,0,0,0,0
GN122615,1.0,0.0,0.0,0,0,0,0,0,0,0,0,0,0,0,0
GCA_022058815,1.0,0.0,0.0,0,0,0,0,0,0,0,0,0,0,0,0
GN172074,1.0,0.0,0.0,0,0,0,0,1,0,0,0,0,0,0,0
GN203593,1.0,0.0,0.0,0,0,0,0,1,0,0,0,0,0,0,0
GCA_022088665,0.0,1.0,0.0,1,0,0,0,1,0,1,0,1,0,0,0
GCA_022082315,0.0,1.0,0.0,1,0,0,0,1,0,1,0,1,0,0,0
GN193615,1.0,0.0,0.0,0,0,0,0,1,0,0,0,0,0,0,0
GN141635,0.0,0.0,0.0,0,0,0,0,1,0,0,0,0,0,0,0
GCA_022067465,0.0,0.0,0.0,0,0,0,0,0,0,0,0,0,0,0,0
GCA_022061705,0.0,0.0,0.0,0,0,0,0,1,0,0,0,0,0,0,0
GN201596,1.0,0.0,0.0,0,0,0,0,1,0,0,0,0,0,0,0
GCA_022067065,1.0,0.0,0.0,0,0,0,0,0,0,0,0,0,0,0,0
GN172566,1.0,0.0,0.0,0,0,0,0,0,0,0,0,0,0,0,0
GN132386,0.0,0.0,0.0,0,0,0,0,1,0,0,0,0,0,0,0
GN202984,1.0,0.0,0.0,0,0,0,0,1,0,0,0,0,0,0,0
GN203464,1.0,0.0,0.0,0,0,0,0,1,0,0,0,0,0,0,0
GCA_022061285,0.0,1.0,0.0,0,0,0,0,0,0,1,0,1,0,0,0
GN121596,1.0,0.0,0.0,0,0,0,0,0,0,0,0,0,0,0,0
GCA_022079875,1.0,0.0,0.0,0,0,0,0,1,0,0,0,0,0,0,0
GN122601,0.0,0.0,0.0,0,0,0,0,0,0,0,0,0,0,0,0
GN192096,0.0,1.0,0.0,0,0,0,0,0,0,0,0,0,0,0,0
GN150137,1.0,0.0,0.0,0,0,0,0,0,0,0,0,0,0,0,0
GN172558,1.0,0.0,0.0,0,0,0,0,1,0,0,0,0,0,0,0
GCA_022081435,1.0,0.0,0.0,0,0,0,0,0,0,0,0,0,0,0,0
GCF_001701505,0.0,1.0,0.0,1,0,1,0,0,0,1,0,1,0,0,0
GCA_022089145,1.0,0.0,0.0,0,0,0,0,0,0,0,0,0,0,0,0
GN181725,0.0,0.0,0.0,1,1,0,1,1,1,0,1,0,1,1,1
GN181353,0.0,1.0,0.0,0,0,0,0,1,0,0,0,1,0,0,0
GCA_022072825,0.0,0.0,0.0,0,0,0,0,1,0,0,0,0,0,0,0
GCA_022059755,0.0,1.0,0.0,0,0,0,0,1,0,1,0,1,0,0,0
GCA_022084595,1.0,0.0,0.0,0,0,0,0,0,0,0,0,0,0,0,0
GN091090,1.0,0.0,0.0,0,0,0,0,0,0,0,0,0,0,0,0
GCA_022062445,1.0,0.0,0.0,0,0,0,0,0,0,0,0,0,0,0,0
GN100649,1.0,0.0,0.0,0,0,0,0,0,0,0,0,0,0,0,0
GN121066,1.0,0.0,0.0,0,0,0,0,1,0,0,0,0,0,0,0
GN151902,1.0,0.0,0.0,0,0,0,0,1,0,0,0,0,0,0,0
GN202496,0.0,1.0,0.0,0,0,0,0,0,0,0,0,1,0,0,0
GN172544,1.0,0.0,0.0,0,0,0,0,0,0,0,0,0,0,0,0
GN150614,1.0,0.0,0.0,0,0,0,0,0,0,0,0,0,0,0,0
GN172561,1.0,0.0,0.0,0,0,0,0,1,0,0,0,0,0,0,0
GN110870,0.0,0.0,0.0,1,1,0,1,1,1,0,1,0,1,1,1
GN202341,0.0,0.0,0.0,0,0,0,0,0,0,0,0,0,0,0,0
GN191191,1.0,0.0,0.0,0,0,0,0,0,0,0,0,0,0,0,0
GN091601,1.0,0.0,0.0,0,0,0,0,0,0,0,0,0,0,0,0
GN141036,1.0,0.0,0.0,0,0,0,0,0,0,0,0,0,0,0,0
GN121143,1.0,0.0,0.0,1,0,0,0,0,0,0,0,0,0,0,0
GCA_022082275,1.0,0.0,0.0,0,0,0,0,1,0,0,0,0,0,0,0
GN121483,1.0,0.0,0.0,1,1,0,1,1,1,0,1,0,1,1,1
GN130387,1.0,0.0,0.0,0,0,0,0,0,0,0,0,0,0,0,0
GN080451,1.0,0.0,0.0,0,0,0,0,0,0,0,0,0,0,0,0
GN121068,0.0,0.0,0.0,0,0,0,0,1,0,0,0,0,0,0,0
GN151858,1.0,0.0,0.0,0,0,0,0,0,0,0,0,0,0,0,0
GN202186,1.0,0.0,0.0,1,1,0,1,1,1,0,1,0,1,1,1
GN202613,0.0,0.0,0.0,0,0,0,0,0,0,0,0,0,0,0,0
GN142474,1.0,0.0,0.0,0,0,0,0,0,0,0,0,0,0,0,0
GCA_022080215,1.0,0.0,0.0,0,0,0,0,1,0,0,0,0,0,0,0
GN122614,1.0,0.0,0.0,0,0,0,0,0,0,0,0,0,0,0,0
GCA_022070745,1.0,0.0,0.0,0,0,0,0,0,0,0,0,0,0,0,0
GCA_022089085,1.0,0.0,0.0,0,0,0,0,0,0,0,0,0,0,0,0
GN192306,1.0,0.0,0.0,1,0,0,0,0,0,0,0,0,0,0,0
GN130858,1.0,0.0,0.0,0,0,0,0,0,0,0,0,0,0,0,0
GCA_022081215,0.0,0.0,0.0,0,0,0,0,0,0,0,0,0,0,0,0
GN191704,1.0,0.0,0.0,0,0,0,0,1,0,0,0,0,0,0,0
GN203714,0.0,0.0,0.0,0,0,0,0,0,0,0,0,0,0,0,0
GN162167,1.0,0.0,0.0,0,0,0,0,0,0,0,0,0,0,0,0
GN122868,0.0,0.0,0.0,0,0,0,0,0,0,0,0,0,0,0,0
GCA_022062305,1.0,0.0,0.0,0,0,0,0,0,0,0,0,0,0,0,0
GN201324,0.0,1.0,0.0,1,0,0,0,1,0,0,0,1,0,0,0
GCA_022080675,1.0,0.0,0.0,0,0,0,0,0,0,0,0,0,0,0,0
GN180567,1.0,0.0,0.0,0,0,0,0,1,0,0,0,0,0,0,0
GN180015,1.0,0.0,0.0,0,0,0,0,1,0,0,0,0,0,0,0
GCA_022066805,0.0,1.0,0.0,1,0,0,0,1,0,1,0,1,0,0,0
GN172758,1.0,0.0,0.0,0,0,0,0,0,0,0,0,0,0,0,0
GN140181,1.0,0.0,0.0,0,0,0,0,1,0,0,0,0,0,0,0
GN200992,0.0,0.0,0.0,0,0,0,0,0,0,0,0,0,0,0,0
GCA_022060765,1.0,0.0,0.0,0,0,0,0,0,0,0,0,0,0,0,0
GCA_022059305,1.0,0.0,0.0,0,0,0,0,0,0,0,0,0,0,0,0
GN200979,1.0,0.0,0.0,0,0,0,0,1,0,0,0,0,0,0,0
GCA_022080735,0.0,1.0,0.0,1,0,0,0,1,0,1,0,1,0,0,0
GN165028,0.0,0.0,0.0,0,0,0,0,1,0,0,0,0,0,0,0
GN130638,1.0,0.0,0.0,0,0,0,0,0,0,0,0,0,0,0,0
GN070585,1.0,0.0,0.0,0,0,0,0,0,0,0,0,0,0,0,0
GN101689,1.0,0.0,0.0,0,0,0,0,0,0,0,0,1,0,0,0
GCA_022070665,0.0,1.0,0.0,0,0,0,0,1,0,1,0,1,0,0,0
GN131230,1.0,0.0,0.0,0,0,0,0,0,0,0,0,0,0,0,0
GN122835,0.0,0.0,0.0,0,0,0,0,0,0,0,0,0,0,0,0
GCA_022085335,1.0,0.0,0.0,0,0,0,0,0,0,0,0,0,0,0,0
GN162043,1.0,0.0,0.0,0,0,0,0,0,0,0,0,0,0,0,0
GCA_022091235,1.0,0.0,0.0,0,0,0,0,0,0,0,0,0,0,0,0
GN080512,1.0,0.0,0.0,0,0,0,0,1,0,0,0,0,0,0,0
GCA_022078605,0.0,1.0,0.0,1,0,0,0,1,0,1,0,1,0,0,0
GN131879,1.0,0.0,0.0,0,0,0,0,0,0,0,0,0,0,0,0
GN202408,1.0,0.0,0.0,0,0,0,0,0,0,0,0,0,0,0,0
GN081014,0.0,0.0,0.0,0,0,0,0,0,0,0,0,0,0,0,0
GCA_022085215,0.0,0.0,0.0,0,0,0,0,0,0,0,0,0,0,0,0
GN192425,0.0,0.0,0.0,0,1,0,0,0,0,0,0,0,0,0,0
GCA_022077565,1.0,0.0,0.0,0,0,0,0,0,0,0,0,0,0,0,0
GN193441,0.0,0.0,0.0,0,0,0,0,1,0,0,0,0,0,0,0
GCA_022089695,1.0,0.0,0.0,0,0,0,0,0,0,0,0,0,0,0,0
GN110838,1.0,0.0,0.0,0,0,0,0,1,0,0,0,0,0,0,0
GN141350,1.0,0.0,0.0,0,0,0,0,0,0,0,0,0,0,0,0
GN141105,1.0,0.0,0.0,0,0,0,0,0,0,0,0,0,0,0,0
GCA_022079005,0.0,1.0,0.0,1,0,0,0,1,0,1,0,1,0,0,0
GCA_022080375,1.0,0.0,0.0,0,0,0,0,0,0,0,0,0,0,0,0
GN173142,1.0,0.0,0.0,0,0,0,0,1,0,0,0,0,0,0,0
GN090122,1.0,0.0,0.0,0,0,0,0,0,0,0,0,0,0,0,0
GN201010,1.0,0.0,0.0,0,0,0,0,0,0,0,0,0,0,0,0
GN080543,1.0,0.0,0.0,0,0,0,0,0,0,0,0,0,0,0,0
GN172712,1.0,0.0,0.0,0,0,0,0,1,0,0,0,0,0,0,0
GN141987,1.0,0.0,0.0,0,0,0,0,0,0,0,0,0,0,0,0
GN110610,1.0,0.0,0.0,0,0,0,0,0,0,0,0,0,0,0,0
GN122582,1.0,0.0,0.0,0,0,0,0,0,0,0,0,0,0,0,0
GN172828,1.0,0.0,0.0,0,0,0,0,0,0,0,0,0,0,0,0
GN080032,1.0,0.0,0.0,0,0,0,0,0,0,0,0,0,0,0,0
GN090710,0.0,0.0,0.0,0,0,0,0,1,0,0,0,1,0,0,0
GCA_000633755,0.0,1.0,0.0,1,0,0,0,0,0,1,0,1,0,0,0
GCA_022079025,1.0,0.0,0.0,0,0,0,0,0,0,0,0,0,0,0,0
GCA_022083295,1.0,0.0,0.0,0,0,0,0,0,0,0,0,0,0,0,0
GN101670,0.0,0.0,0.0,0,0,0,0,1,0,0,0,0,0,0,0
GN192472,0.0,0.0,0.0,0,0,0,0,1,0,0,0,0,0,0,0
GN165034,1.0,0.0,0.0,0,0,0,0,0,0,0,0,0,0,0,0
GN192408,0.0,0.0,0.0,0,0,0,0,1,0,0,0,0,0,0,0
GCA_022072285,0.0,1.0,0.0,0,0,0,0,1,0,1,0,1,0,0,0
GN121285,1.0,0.0,0.0,0,0,0,0,0,0,0,0,0,0,0,0
GCA_022081235,0.0,1.0,0.0,0,0,0,0,1,0,1,0,1,0,0,0
GN131399,1.0,0.0,0.0,0,0,0,0,0,0,0,0,0,0,0,0
GN081296,1.0,0.0,0.0,0,0,0,0,0,0,0,0,0,0,0,0
GN180521,0.0,0.0,0.0,1,1,0,0,1,0,0,1,0,1,1,0
GN190791,1.0,0.0,0.0,0,0,0,0,0,0,0,0,0,0,0,0
GN202435,1.0,0.0,0.0,1,0,0,0,1,0,0,0,0,0,0,0
GCA_022079795,1.0,0.0,0.0,0,0,0,0,0,0,0,0,0,0,0,0
GN191656,0.0,1.0,0.0,1,0,1,0,1,0,0,0,1,0,0,0
GCA_022067725,1.0,0.0,0.0,0,0,0,0,0,0,0,0,0,0,0,0
GCA_022080815,1.0,0.0,0.0,0,0,0,0,0,0,0,0,0,0,0,0
GN202121,1.0,0.0,0.0,0,0,0,0,1,0,0,0,0,0,0,0
GN191048,1.0,0.0,0.0,0,0,0,0,1,0,0,0,0,0,0,0
GN180369,1.0,0.0,0.0,0,0,0,0,1,0,0,0,0,0,0,0
GN070538,0.0,0.0,0.0,1,0,1,0,0,0,0,0,0,0,0,0
GN121319,0.0,0.0,0.0,1,0,1,0,1,0,0,0,0,0,0,0
GN122446,1.0,0.0,0.0,0,0,0,0,0,0,0,0,0,0,0,0
GN100668,1.0,0.0,0.0,0,0,0,0,0,0,0,0,0,0,0,0
GN081023,0.0,0.0,0.0,0,0,0,0,0,0,0,0,0,0,0,0
GN131259,1.0,0.0,0.0,0,0,0,0,1,0,0,0,0,0,0,0
GN141842,1.0,0.0,0.0,0,0,0,0,1,0,0,0,0,0,0,0
GN110571,1.0,0.0,0.0,1,0,1,0,0,0,0,0,0,0,0,0
GN202555,0.0,1.0,0.0,0,0,0,0,0,0,0,0,1,0,0,0
GN120495,1.0,0.0,0.0,0,0,0,0,0,0,0,0,0,0,0,0
GN081158,1.0,0.0,0.0,0,0,0,0,0,0,0,0,0,0,0,0
GCA_022079355,1.0,0.0,0.0,0,0,0,0,0,0,0,0,0,0,0,0
GN090208,0.0,0.0,0.0,0,0,0,0,0,0,0,0,0,0,0,0
GN202642,0.0,0.0,0.0,0,0,0,0,1,0,0,0,0,0,0,0
GCA_022089395,1.0,0.0,0.0,0,0,0,0,0,0,0,0,0,0,0,0
GCA_022074265,0.0,1.0,0.0,1,0,0,0,1,0,1,0,1,0,0,0
GN110785,1.0,0.0,0.0,0,0,0,0,0,0,0,0,0,0,0,0
GN101687,1.0,0.0,0.0,0,0,0,0,0,0,0,0,0,0,0,0
GCA_022070785,1.0,0.0,0.0,0,0,0,0,0,0,0,0,0,0,0,0
GCA_022071125,1.0,0.0,0.0,0,0,0,0,0,0,0,0,0,0,0,0
GN080408,1.0,0.0,0.0,0,0,0,0,0,0,0,0,0,0,0,0
GCA_022077365,1.0,0.0,0.0,0,0,0,0,0,0,0,0,0,0,0,0
GN100422,1.0,0.0,0.0,0,0,0,0,0,0,0,0,0,0,0,0
GN122572,1.0,0.0,0.0,0,0,0,0,0,0,0,0,0,0,0,0
GN111079,1.0,0.0,0.0,0,0,0,0,0,0,0,0,0,0,0,0
GN071376,0.0,1.0,0.0,1,1,0,1,1,1,0,1,1,1,1,1
GN183210,1.0,0.0,0.0,0,0,0,0,1,0,0,0,0,0,0,0
GN141320,0.0,1.0,0.0,0,0,0,0,1,0,0,0,1,0,0,0
GCA_022069825,1.0,0.0,0.0,0,0,0,0,0,0,0,0,0,0,0,0
GN131043,0.0,0.0,0.0,0,0,0,0,0,0,0,0,0,0,0,0
GN150685,1.0,0.0,0.0,0,0,0,0,0,0,0,0,0,0,0,0
GN191483,0.0,0.0,0.0,0,0,0,0,1,0,0,0,0,0,0,0
GN201402,0.0,0.0,0.0,0,0,0,0,0,0,0,0,0,0,0,0
GN111125,1.0,0.0,0.0,0,0,0,0,0,0,0,0,0,0,0,0
GN101486,1.0,0.0,0.0,0,0,0,0,0,0,0,0,0,0,0,0
GN101702,0.0,0.0,0.0,0,0,0,0,0,0,0,0,0,0,0,0
GN201676,1.0,0.0,0.0,0,0,0,0,1,0,0,0,0,0,0,0
GN081266,0.0,0.0,0.0,0,0,0,0,1,0,0,0,0,0,0,0
GN202977,1.0,0.0,0.0,0,0,0,0,0,0,0,0,0,0,0,0
GN122659,0.0,0.0,0.0,1,0,1,0,1,0,0,0,0,0,0,0
GN091572,1.0,0.0,0.0,0,0,0,0,0,0,0,0,0,0,0,0
GN132291,1.0,0.0,0.0,0,0,0,1,1,1,0,0,0,0,0,0
GCA_022084615,1.0,0.0,0.0,0,0,0,0,1,0,0,0,0,0,0,0
GCA_022075725,0.0,0.0,0.0,0,0,0,0,1,0,0,0,0,0,0,0
GN120629,1.0,0.0,0.0,0,0,0,0,0,0,0,0,0,0,0,0
GN101680,1.0,0.0,0.0,0,0,0,0,1,0,0,0,0,0,0,0
GCA_022069705,0.0,1.0,0.0,0,0,0,0,1,0,1,0,1,0,0,0
GN191065,0.0,0.0,0.0,1,0,0,0,0,0,0,0,0,0,0,0
GN131962,1.0,0.0,0.0,0,0,0,0,0,0,0,0,0,0,0,0
GN121876,0.0,0.0,0.0,1,1,0,1,1,1,0,1,0,1,1,1
GCA_022073625,1.0,0.0,0.0,0,0,0,0,1,0,0,0,0,0,0,0
GCA_022073945,1.0,0.0,0.0,0,0,0,0,1,0,0,0,0,0,0,0
GN120746,0.0,0.0,0.0,0,0,0,0,1,0,0,0,0,0,0,0
GCA_022085055,1.0,0.0,0.0,0,0,0,0,0,0,0,0,0,0,0,0
GN110812,0.0,0.0,0.0,0,0,0,0,0,0,0,0,0,0,0,0
GN173041,0.0,1.0,0.0,1,0,0,1,1,1,0,1,1,1,1,1
GCA_002202195,0.0,0.0,1.0,1,1,0,1,1,1,0,1,0,1,1,1
GN071024,1.0,0.0,0.0,0,0,0,0,0,0,0,0,0,0,0,0
GCA_022071085,1.0,0.0,0.0,0,0,0,0,0,0,0,0,0,0,0,0
GN181340,1.0,0.0,0.0,0,0,0,0,0,0,0,0,0,0,0,0
GN200963,0.0,0.0,0.0,1,0,0,0,1,0,0,0,0,0,0,0
GCA_022062165,1.0,0.0,0.0,0,0,0,0,1,0,0,0,0,0,0,0
GN193421,0.0,0.0,0.0,1,0,0,0,0,0,0,0,0,0,0,0
GN202500,0.0,1.0,0.0,0,0,0,0,1,0,0,0,1,0,0,0
GN121604,0.0,1.0,0.0,1,1,0,1,1,1,0,1,1,1,1,1
GN060538,0.0,0.0,0.0,0,0,0,0,1,0,0,0,0,0,0,0
GCA_022063705,0.0,1.0,0.0,1,0,0,0,1,0,1,0,1,0,0,0
GCA_022066565,1.0,0.0,0.0,0,0,0,0,1,0,0,0,0,0,0,0
GN132297,1.0,0.0,0.0,0,0,0,0,1,0,0,0,0,0,0,0
GN202188,1.0,0.0,0.0,1,0,0,0,0,0,0,0,0,0,0,0
GN110028,1.0,0.0,0.0,0,0,0,0,1,0,0,0,0,0,0,0
GN183258,1.0,0.0,0.0,0,0,0,0,0,0,0,0,0,0,0,0
GN171493,1.0,0.0,0.0,0,0,0,0,0,0,0,0,0,0,0,0
GN203684,1.0,0.0,0.0,0,0,0,0,0,0,0,0,0,0,0,0
GN071056,1.0,0.0,0.0,0,0,0,0,0,0,0,0,0,0,0,0
GN132101,0.0,1.0,0.0,1,1,0,1,1,0,0,1,1,1,1,1
GCA_022083415,1.0,0.0,0.0,0,0,0,0,0,0,0,0,0,0,0,0
GCA_022089105,1.0,0.0,0.0,0,0,0,0,1,0,0,0,0,0,0,0
GN183263,1.0,0.0,0.0,0,0,0,0,0,0,0,0,0,0,0,0
GN201590,1.0,0.0,0.0,1,0,0,0,1,0,0,0,0,0,0,0
GN101478,0.0,0.0,0.0,1,1,0,1,1,1,0,1,0,1,1,1
GN122770,1.0,0.0,0.0,0,0,0,0,0,0,0,0,0,0,0,0
GN122338,1.0,0.0,0.0,0,0,0,0,0,0,0,0,0,0,0,0
GN122729,1.0,0.0,0.0,0,0,0,0,1,0,0,0,0,0,0,0
GN192104,0.0,0.0,0.0,0,0,0,0,0,0,0,0,0,0,0,0
GN090976,1.0,0.0,0.0,0,0,0,0,0,0,0,0,0,0,0,0
GCA_022082845,1.0,0.0,0.0,0,0,0,0,0,0,0,0,0,0,0,0
GN183273,0.0,1.0,0.0,0,0,0,0,1,0,0,0,1,0,0,0
GN122793,0.0,0.0,0.0,0,0,0,0,1,0,0,0,0,0,0,0
GN203463,0.0,0.0,0.0,0,0,0,0,1,0,0,0,0,0,0,0
GN081270,1.0,0.0,0.0,1,1,0,0,1,1,0,1,0,1,1,1
GN100930,0.0,1.0,0.0,0,0,0,0,1,0,0,0,1,0,0,0
GN122737,1.0,0.0,0.0,0,0,0,0,0,0,0,0,0,0,0,0
GN122715,0.0,1.0,0.0,1,0,1,0,0,0,0,0,1,0,0,0
GN131627,0.0,0.0,0.0,0,0,0,0,0,0,0,0,0,0,0,0
GN100554,0.0,1.0,0.0,1,0,1,0,0,0,0,0,1,0,0,0
GN172499,1.0,0.0,0.0,0,0,0,0,0,0,0,0,0,0,0,0
GN141646,1.0,0.0,0.0,0,0,0,0,0,0,0,0,0,0,0,0
GN130934,0.0,0.0,0.0,1,0,0,0,1,0,0,0,0,0,0,0
GN122561,1.0,0.0,0.0,0,0,0,0,0,0,0,0,0,0,0,0
GN200546,1.0,0.0,0.0,0,0,0,0,1,0,0,0,0,0,0,0
GN120461,0.0,0.0,0.0,0,0,0,0,1,0,0,0,0,0,0,0
GCA_022089315,1.0,0.0,0.0,0,0,0,0,0,0,0,0,0,0,0,0
GN172997,1.0,0.0,0.0,0,0,0,0,0,0,0,0,0,0,0,0
GN121503,1.0,0.0,0.0,0,0,0,0,1,0,0,0,0,0,0,0
GN121536,1.0,0.0,0.0,0,0,0,0,0,0,0,0,0,0,0,0
GN192368,0.0,0.0,0.0,0,0,0,0,0,0,0,0,0,0,0,0
GCA_022069285,1.0,0.0,0.0,0,0,0,0,0,0,0,0,0,0,0,0
GN201513,1.0,0.0,0.0,0,0,0,0,1,0,0,0,0,0,0,0
GCA_022061825,1.0,0.0,0.0,0,0,0,0,1,0,0,0,0,0,0,0
GN071084,1.0,0.0,0.0,0,0,0,0,0,0,0,0,0,0,0,0
GN120319,1.0,0.0,0.0,0,0,0,0,0,0,0,0,0,0,0,0
GN204256,1.0,0.0,0.0,0,0,0,0,0,0,0,0,0,0,0,0
GCA_022078785,1.0,0.0,0.0,0,0,0,0,0,0,0,0,0,0,0,0
GN090658,1.0,0.0,0.0,0,0,0,0,1,0,0,0,1,0,0,0
GCA_022059795,1.0,0.0,0.0,0,0,0,0,1,0,0,0,0,0,0,0
GN183491,0.0,0.0,0.0,0,0,0,0,1,0,0,0,0,0,0,0
GN183221,1.0,0.0,0.0,0,0,0,0,0,0,0,0,0,0,0,0
GN111169,1.0,0.0,0.0,0,0,0,0,0,0,0,0,0,0,0,0
GCA_022069985,0.0,1.0,0.0,0,0,0,0,0,0,1,0,1,0,0,0
GN180946,0.0,0.0,0.0,0,0,0,0,0,0,0,0,0,0,0,0
GN131827,0.0,0.0,0.0,0,0,0,0,0,0,0,0,0,0,0,0
GN131074,1.0,0.0,0.0,0,0,0,0,0,0,0,0,0,0,0,0
GN070774,0.0,0.0,0.0,0,0,0,0,0,0,0,0,0,0,0,0
GN080924,1.0,0.0,0.0,1,1,0,1,1,1,0,1,0,1,1,1
GCA_022059415,1.0,0.0,0.0,0,0,0,0,0,0,0,0,0,0,0,0
GCA_022065065,1.0,0.0,0.0,0,0,0,0,0,0,0,0,0,0,0,0
GN165042,0.0,1.0,0.0,0,0,0,0,1,0,0,0,1,0,0,0
GCA_022059455,1.0,0.0,0.0,0,0,0,0,1,0,0,0,0,0,0,0
GN200985,1.0,0.0,0.0,0,0,0,0,0,0,0,0,1,0,0,0
GN183602,1.0,0.0,0.0,0,0,0,0,0,0,0,0,0,0,0,0
GN120287,1.0,0.0,0.0,0,0,0,0,1,0,0,0,1,0,0,0
GN201664,1.0,0.0,0.0,0,0,0,0,1,0,0,0,0,0,0,0
GCA_022077185,1.0,0.0,0.0,0,0,0,0,1,0,0,0,0,0,0,0
GCA_000693655,0.0,1.0,0.0,1,0,0,0,1,0,1,0,1,0,0,0
GN091552,1.0,0.0,0.0,0,0,0,0,0,0,0,0,0,0,0,0
GN120841,1.0,0.0,0.0,0,0,0,0,1,0,0,0,0,0,0,0
GCA_022067745,0.0,0.0,0.0,0,0,0,0,0,0,0,0,0,0,0,0
GN122557,0.0,1.0,0.0,0,0,0,0,0,0,0,0,1,0,0,0
GN132111,0.0,1.0,0.0,1,0,1,0,0,0,0,0,1,0,0,0
GN180472,1.0,0.0,0.0,0,0,0,0,1,0,0,0,0,0,0,0
GN061050,0.0,0.0,1.0,1,1,0,1,1,1,0,1,0,1,1,1
GN090446,1.0,0.0,0.0,0,0,0,0,0,0,0,0,0,0,0,0
GN120628,1.0,0.0,0.0,0,0,0,0,1,0,0,0,0,0,0,0
GN165036,0.0,1.0,0.0,1,0,0,0,1,0,0,0,1,0,0,0
GN192372,0.0,1.0,0.0,1,0,1,0,0,0,0,0,1,0,0,0
GCA_022085295,1.0,0.0,0.0,0,0,0,0,0,0,0,0,0,0,0,0
GN060835,0.0,1.0,0.0,1,0,1,0,0,0,0,0,1,0,0,0
GN110352,1.0,0.0,0.0,0,0,0,0,0,0,0,0,0,0,0,0
GN1650025,1.0,0.0,0.0,0,0,0,0,0,0,0,0,0,0,0,0
GN183185,0.0,0.0,0.0,0,0,0,0,1,0,0,0,0,0,0,0
GN190806,1.0,0.0,0.0,0,0,0,0,1,0,0,0,1,0,0,0
GN100137,0.0,0.0,0.0,1,0,0,0,0,0,0,0,0,0,0,0
GN181208,1.0,0.0,0.0,0,0,0,0,0,0,0,0,0,0,0,0
GN203156,1.0,0.0,0.0,0,0,0,0,0,0,0,0,0,0,0,0
GN110854,1.0,0.0,0.0,0,0,0,0,1,0,0,0,0,0,0,0
GCA_022081715,0.0,1.0,0.0,0,0,0,0,1,0,1,0,1,0,0,0
GN100449,1.0,0.0,0.0,0,0,0,0,0,0,0,0,0,0,0,0
GN071257,0.0,1.0,0.0,0,0,0,0,1,0,0,0,0,0,0,0
GCF_001875125,0.0,0.0,1.0,1,1,0,1,1,1,0,1,0,1,1,1
GN071197,1.0,0.0,0.0,0,0,0,0,0,0,0,0,0,0,0,0
GN101701,1.0,0.0,0.0,0,0,0,0,1,0,0,0,0,0,0,0
GN201292,1.0,0.0,0.0,0,0,0,0,0,0,0,0,0,0,0,0
GN140155,1.0,0.0,0.0,0,0,0,0,0,0,0,0,0,0,0,0
GN060622,1.0,0.0,0.0,1,1,0,1,1,1,0,1,0,1,1,1
GN171665,1.0,0.0,0.0,0,0,0,0,0,0,0,0,0,0,0,0
GN140820,0.0,1.0,0.0,1,0,1,0,0,0,0,0,1,0,0,0
GCA_022077625,1.0,0.0,0.0,0,0,0,0,0,0,0,0,0,0,0,0
GCA_022073005,1.0,0.0,0.0,0,0,0,0,0,0,0,0,0,0,0,0
GCA_022066525,1.0,0.0,0.0,0,0,0,0,0,0,0,0,0,0,0,0
GCA_022067825,0.0,1.0,0.0,0,0,0,0,0,0,1,0,1,0,0,0
GN140687,1.0,0.0,0.0,0,0,0,0,0,0,0,0,0,0,0,0
GCA_022070065,1.0,0.0,0.0,0,0,0,0,0,0,0,0,0,0,0,0
GCA_022080635,1.0,0.0,0.0,0,0,0,0,0,0,0,0,0,0,0,0
GN181079,1.0,0.0,0.0,0,0,0,0,0,0,0,0,0,0,0,0
GN202551,0.0,0.0,0.0,0,0,0,0,0,0,0,0,0,0,0,0
GCA_022062205,0.0,1.0,0.0,1,0,0,0,1,0,1,0,1,0,0,0
GN201575,1.0,0.0,0.0,0,0,0,0,0,0,0,0,0,0,0,0
GCA_022068585,0.0,0.0,1.0,1,1,0,1,0,1,0,0,0,1,1,1
GCA_022078325,0.0,1.0,0.0,1,0,0,0,1,0,1,0,1,0,0,0
GN183271,1.0,0.0,0.0,0,0,0,0,0,0,0,0,0,0,0,0
GCA_022081915,1.0,0.0,0.0,0,0,0,0,1,0,0,0,0,0,0,0
GN202557,1.0,0.0,0.0,1,1,0,1,1,1,0,1,0,1,1,1
GN182153,1.0,0.0,0.0,0,0,0,0,0,0,0,0,0,0,0,0
GCA_003571525,1.0,0.0,0.0,0,0,0,0,1,0,0,0,0,0,0,0
GCA_022087905,0.0,1.0,0.0,0,0,0,0,0,0,0,0,1,0,0,0
GN120432,1.0,0.0,0.0,0,0,0,0,0,0,0,0,0,0,0,0
GN204060,1.0,0.0,0.0,0,0,0,0,0,0,0,0,0,0,0,0
GN151823,1.0,0.0,0.0,0,0,0,0,0,0,0,0,0,0,0,0
GN110845,1.0,0.0,0.0,0,0,0,0,0,0,0,0,0,0,0,0
GN190430,0.0,0.0,0.0,0,0,0,0,1,0,0,0,0,0,0,0
GN141012,1.0,0.0,0.0,0,0,0,0,1,0,0,0,0,0,0,0
GN172928,0.0,0.0,0.0,1,0,0,0,0,0,0,0,0,0,0,0
GN130593,0.0,1.0,0.0,1,0,1,0,0,0,0,0,1,0,0,0
GN192339,1.0,0.0,0.0,0,0,0,0,1,0,0,0,0,0,0,0
GN193447,1.0,0.0,0.0,0,0,0,0,0,0,0,0,0,0,0,0
GN080545,0.0,0.0,0.0,0,0,0,0,1,0,0,0,0,0,0,0
GCA_022076285,1.0,0.0,0.0,0,0,0,0,0,0,0,0,0,0,0,0
GN080065,1.0,0.0,0.0,0,0,0,0,0,0,0,0,0,0,0,0
GN172770,0.0,1.0,0.0,0,0,0,0,0,0,0,0,1,0,0,0
GN140465,1.0,0.0,0.0,0,0,0,0,1,0,0,0,0,0,0,0
GN122154,1.0,0.0,0.0,0,0,0,0,0,0,0,0,0,0,0,0
GN101093,0.0,0.0,0.0,0,0,0,0,0,0,0,0,0,0,0,0
GN071187,0.0,1.0,0.0,0,0,0,0,0,0,0,0,1,0,0,0
GCA_022077085,1.0,0.0,0.0,0,0,0,0,0,0,0,0,0,0,0,0
GN190807,0.0,0.0,0.0,0,0,0,0,1,0,0,0,0,0,0,0
GN183187,0.0,0.0,0.0,0,0,0,0,1,0,0,0,0,0,0,0
GCA_022077865,1.0,0.0,0.0,0,0,0,0,0,0,0,0,0,0,0,0
GN121300,1.0,0.0,0.0,0,0,0,0,0,0,0,0,0,0,0,0
GN172488,1.0,0.0,0.0,0,0,0,0,1,0,0,0,0,0,0,0
GN151522,1.0,0.0,0.0,0,0,0,0,0,0,0,0,0,0,0,0
GN192722,0.0,0.0,0.0,0,0,0,0,1,0,0,0,0,0,0,0
GN203840,0.0,0.0,0.0,0,0,0,0,0,0,0,0,0,0,0,0
GCA_022065125,1.0,0.0,0.0,0,0,0,0,0,0,0,0,0,0,0,0
GN100140,0.0,0.0,0.0,1,0,1,0,0,0,0,0,0,0,0,0
GCA_022069845,1.0,0.0,0.0,0,0,0,0,1,0,0,0,0,0,0,0
GN201603,1.0,0.0,0.0,0,0,0,0,0,0,0,0,0,0,0,0
GN081210,0.0,0.0,0.0,1,1,0,1,1,0,0,1,0,1,1,0
GN131309,1.0,0.0,0.0,0,0,0,0,1,0,0,0,0,0,0,0
GN080431,1.0,0.0,0.0,0,0,0,0,1,0,0,0,0,0,0,0
GCA_022069565,1.0,0.0,0.0,0,0,0,0,1,0,0,0,0,0,0,0
GN132539,1.0,0.0,0.0,0,0,0,0,0,0,0,0,1,0,0,0
GN120473,1.0,0.0,0.0,0,0,0,0,0,0,0,0,0,0,0,0
GCA_003204175,1.0,0.0,0.0,0,0,0,0,0,0,0,0,0,0,0,0
GN201011,0.0,1.0,0.0,1,1,0,1,1,1,0,1,1,1,1,1
GCA_022062845,1.0,0.0,0.0,0,0,0,0,0,0,0,0,0,0,0,0
GCA_022091215,0.0,0.0,0.0,0,0,0,0,1,0,0,0,0,0,0,0
GN201621,1.0,0.0,0.0,1,0,0,0,0,0,0,0,0,0,0,0
GN182356,0.0,0.0,0.0,0,0,0,0,0,0,0,0,0,0,0,0
GN131499,1.0,0.0,0.0,0,0,0,0,0,0,0,0,0,0,0,0
GN183249,1.0,0.0,0.0,0,0,0,0,1,0,0,0,0,0,0,0
GN173194,1.0,0.0,0.0,0,0,0,0,0,0,0,0,0,0,0,0
GN190611,0.0,0.0,0.0,0,0,0,0,0,0,0,0,0,0,0,0
GN171310,1.0,0.0,0.0,0,0,0,0,0,0,0,0,0,0,0,0
GN080265,1.0,0.0,0.0,0,0,0,0,0,0,0,0,0,0,0,0
GN130586,1.0,0.0,0.0,0,0,0,0,0,0,0,0,0,0,0,0
GN200693,0.0,0.0,0.0,0,0,0,0,1,0,0,0,0,0,0,0
GN091263,0.0,0.0,0.0,0,0,0,0,1,0,0,0,0,0,0,0
GN180775,1.0,0.0,0.0,0,0,0,0,0,0,0,0,0,0,0,0
GN183597,0.0,0.0,0.0,1,0,0,0,1,0,0,0,0,0,0,0
GN120280,1.0,0.0,0.0,1,0,0,0,0,0,0,0,0,0,0,0
GCA_022088765,1.0,0.0,0.0,0,0,0,0,1,0,0,0,0,0,0,0
GN201404,1.0,0.0,0.0,0,0,0,0,0,0,0,0,0,0,0,0
GN192480,1.0,0.0,0.0,0,0,0,0,1,0,0,0,0,0,0,0
GN131107,1.0,0.0,0.0,0,0,0,0,1,0,0,0,0,0,0,0
GN191042,1.0,0.0,0.0,0,0,0,0,0,0,0,0,0,0,0,0
GN081061,1.0,0.0,0.0,0,0,0,0,0,0,0,0,0,0,0,0
GCA_022080655,1.0,0.0,0.0,0,0,0,0,0,0,0,0,0,0,0,0
GN121373,0.0,0.0,0.0,0,0,0,0,1,0,0,0,0,0,0,0
GN091554,1.0,0.0,0.0,0,0,0,0,1,0,0,0,0,0,0,0
GN200794,1.0,0.0,0.0,0,0,0,0,0,0,0,0,0,0,0,0
GCA_022059555,1.0,0.0,0.0,0,0,0,0,0,0,0,0,0,0,0,0
GCA_022060865,0.0,0.0,0.0,0,0,0,0,1,0,0,0,0,0,0,0
GN091011,0.0,1.0,0.0,1,1,0,1,1,1,0,1,1,1,1,1
GN100623,1.0,0.0,0.0,0,0,0,0,0,0,0,0,0,0,0,0
GN121214,1.0,0.0,0.0,0,0,0,0,0,0,0,0,0,0,0,0
GN172651,1.0,0.0,0.0,0,0,0,0,0,0,0,0,0,0,0,0
GN165024,0.0,1.0,0.0,1,1,0,1,1,1,0,1,1,1,1,1
GN122740,0.0,1.0,0.0,0,0,0,0,1,0,0,0,1,0,0,0
GCA_022087605,1.0,0.0,0.0,0,0,0,0,0,0,0,0,0,0,0,0
GN171336,1.0,0.0,0.0,0,0,0,0,0,0,0,0,0,0,0,0
GCA_022072965,1.0,0.0,0.0,0,0,0,0,1,0,0,0,0,0,0,0
GN121208,0.0,0.0,0.0,0,0,0,0,1,0,0,0,0,0,0,0
GN070150,1.0,0.0,0.0,0,0,0,0,0,0,0,0,0,0,0,0
GCA_022077385,1.0,0.0,0.0,0,0,0,0,0,0,0,0,0,0,0,0
GN101096,0.0,0.0,0.0,0,0,0,0,1,0,0,0,0,0,0,0
GN203883,1.0,0.0,0.0,0,0,0,0,1,0,0,0,0,0,0,0
GCA_022088905,1.0,0.0,0.0,0,0,0,0,0,0,0,0,0,0,0,0
GN201406,0.0,0.0,0.0,1,0,1,0,1,0,0,0,0,0,0,0
GN150533,1.0,0.0,0.0,0,0,0,0,0,0,0,0,0,0,0,0
GN121394,0.0,0.0,0.0,0,0,0,0,1,0,0,0,0,0,0,0
GN182866,1.0,0.0,0.0,0,0,0,0,1,0,0,0,0,0,0,0
GCA_022063925,1.0,0.0,0.0,0,0,0,0,0,0,0,0,0,0,0,0
GN152662,1.0,0.0,0.0,0,0,0,0,1,0,0,0,0,0,0,0
GN121491,1.0,0.0,0.0,0,0,0,0,1,0,0,0,0,0,0,0
GCA_000567545,0.0,1.0,0.0,1,0,0,0,1,0,1,0,1,0,0,0
GN152597,1.0,0.0,0.0,0,0,0,0,0,0,0,0,0,0,0,0
GN142471,1.0,0.0,0.0,0,0,0,0,0,0,0,0,0,0,0,0
GN201656,1.0,0.0,0.0,0,0,0,0,1,0,0,0,1,0,0,0
GN140708,1.0,0.0,0.0,0,0,0,0,1,0,0,0,0,0,0,0
GCA_022078585,1.0,0.0,0.0,0,0,0,0,0,0,0,0,0,0,0,0
GCA_022059175,1.0,0.0,0.0,0,0,0,0,0,0,0,0,0,0,0,0
GN180711,0.0,1.0,0.0,1,1,0,1,1,1,0,1,1,1,1,1
GN080173,1.0,0.0,0.0,0,0,0,0,1,0,0,0,0,0,0,0
GN192424,0.0,1.0,0.0,1,1,0,1,1,0,0,1,1,1,1,1
GCA_022091395,1.0,0.0,0.0,0,0,0,0,0,0,0,0,0,0,0,0
GN191170,1.0,0.0,0.0,0,0,0,0,0,0,0,0,0,0,0,0
GCA_022083595,1.0,0.0,0.0,0,0,0,0,0,0,0,0,0,0,0,0
GN110710,1.0,0.0,0.0,0,0,0,0,0,0,0,0,0,0,0,0
GN162020,1.0,0.0,0.0,0,0,0,0,1,0,0,0,0,0,0,0
GN132021,0.0,0.0,0.0,0,0,0,0,0,0,0,0,0,0,0,0
GN121194,1.0,0.0,0.0,0,0,0,0,0,0,0,0,0,0,0,0
GN182092,1.0,0.0,0.0,0,0,0,0,0,0,0,0,0,0,0,0
GN080716,0.0,0.0,0.0,0,0,0,0,1,0,0,0,0,0,0,0
GN201378,0.0,0.0,0.0,0,0,0,0,1,0,0,0,0,0,0,0
GCA_022084395,1.0,0.0,0.0,0,0,0,0,0,0,0,0,0,0,0,0
GN101088,0.0,0.0,0.0,0,0,0,0,0,0,0,0,0,0,0,0
GN101489,1.0,0.0,0.0,0,0,0,0,0,0,0,0,0,0,0,0
GN121804,1.0,0.0,0.0,0,0,0,0,0,0,0,0,0,0,0,0
GN201546,1.0,0.0,0.0,0,0,0,0,0,0,0,0,0,0,0,0
GCA_022084475,0.0,1.0,0.0,1,0,0,0,1,0,1,0,1,0,0,0
GN100143,1.0,0.0,0.0,0,0,0,0,1,0,0,0,0,0,0,0
GN132454,0.0,0.0,0.0,1,1,0,1,1,0,0,1,0,1,1,1
GCA_022080755,1.0,0.0,0.0,0,0,0,0,0,0,0,0,0,0,0,0
GN203918,1.0,0.0,0.0,0,0,0,0,0,0,0,0,0,0,0,0
GN181483,1.0,0.0,0.0,0,0,0,0,0,0,0,0,0,0,0,0
GCA_022070405,1.0,0.0,0.0,0,0,0,0,0,0,0,0,0,0,0,0
GN171918,0.0,0.0,0.0,0,0,0,0,1,0,0,0,0,0,0,0
GN141398,1.0,0.0,0.0,0,0,0,0,0,0,0,0,0,0,0,0
GN183223,0.0,0.0,0.0,1,0,0,0,1,0,0,0,0,0,0,0
GN204028,1.0,0.0,0.0,0,0,0,0,1,0,0,0,0,0,0,0
GN190109,1.0,0.0,0.0,0,0,0,0,0,0,0,0,0,0,0,0
GCA_022059495,1.0,0.0,0.0,0,0,0,0,1,0,0,0,0,0,0,0
GCA_022083495,0.0,1.0,0.0,1,0,0,0,1,0,1,0,1,0,0,0
GN130601,1.0,0.0,0.0,0,0,0,0,0,0,0,0,0,0,0,0
GN191634,1.0,0.0,0.0,0,0,0,0,0,0,0,0,0,0,0,0
GCA_022071005,1.0,0.0,0.0,0,0,0,0,0,0,0,0,0,0,0,0
GN091054,1.0,0.0,0.0,0,0,0,0,0,0,0,0,0,0,0,0
GN070645,0.0,1.0,0.0,0,0,0,0,1,0,0,0,1,0,0,0
GCA_022077905,1.0,0.0,0.0,0,0,0,0,0,0,0,0,0,0,0,0
GN080992,0.0,0.0,1.0,1,1,0,1,1,1,0,1,0,1,1,1
GCA_022091095,1.0,0.0,0.0,0,0,0,0,0,0,0,0,0,0,0,0
GN121440,1.0,0.0,0.0,1,0,0,0,0,0,0,0,0,0,0,0
GN180234,0.0,1.0,0.0,1,0,0,0,1,0,0,0,1,0,0,0
GN203605,1.0,0.0,0.0,0,0,0,0,0,0,0,0,0,0,0,0
GN121497,1.0,0.0,0.0,1,1,0,1,1,1,0,1,0,1,1,1
GN200938,1.0,0.0,0.0,0,0,0,0,0,0,0,0,0,0,0,0
GCA_022074745,0.0,1.0,0.0,1,0,0,0,1,0,1,0,1,0,0,0
GCA_022078745,1.0,0.0,0.0,0,0,0,0,0,0,0,0,0,0,0,0
GN090190,1.0,0.0,0.0,0,0,0,0,0,0,0,0,0,0,0,0
GN173190,1.0,0.0,0.0,0,0,0,0,0,0,0,0,0,0,0,0
GCA_022079575,1.0,0.0,0.0,0,0,0,0,0,0,0,0,0,0,0,0
GCA_022082715,1.0,0.0,0.0,0,0,0,0,0,0,0,0,0,0,0,0
GN120345,0.0,1.0,0.0,1,0,1,0,1,0,0,0,1,0,0,0
GCA_022081175,1.0,0.0,0.0,0,0,0,0,0,0,0,0,0,0,0,0
GCA_022061485,1.0,0.0,0.0,0,0,0,0,0,0,0,0,0,0,0,0
GN100669,1.0,0.0,0.0,0,0,0,0,0,0,0,0,0,0,0,0
GN110322,1.0,0.0,0.0,0,0,0,0,0,0,0,0,0,0,0,0
GN100624,1.0,0.0,0.0,0,0,0,0,0,0,0,0,0,0,0,0
GN080964,1.0,0.0,0.0,0,0,0,0,0,0,0,0,0,0,0,0
GN120752,1.0,0.0,0.0,0,0,0,0,0,0,0,0,0,0,0,0
GN165023,1.0,0.0,0.0,0,0,0,0,0,0,0,0,0,0,0,0
GN172753,1.0,0.0,0.0,0,0,0,0,0,0,0,0,0,0,0,0
GN110339,1.0,0.0,0.0,0,0,0,0,0,0,0,0,0,0,0,0
GN141017,1.0,0.0,0.0,0,0,0,0,0,0,0,0,0,0,0,0
GN203580,1.0,0.0,0.0,0,0,0,0,0,0,0,0,0,0,0,0
GN203571,1.0,0.0,0.0,0,0,0,0,0,0,0,0,0,0,0,0
GN191810,1.0,0.0,0.0,0,0,0,0,1,0,0,0,0,0,0,0
GN165011,0.0,0.0,0.0,0,0,0,0,0,0,0,0,0,0,0,0
GCA_022075485,1.0,0.0,0.0,0,0,0,0,0,0,0,0,0,0,0,0
GN191155,0.0,1.0,0.0,1,0,1,0,1,0,0,0,1,0,0,0
GN131044,1.0,0.0,0.0,0,0,0,0,0,0,0,0,0,0,0,0
GN140436,1.0,0.0,0.0,0,0,0,0,0,0,0,0,0,0,0,0
GN111420,1.0,0.0,0.0,0,0,0,0,0,0,0,0,0,0,0,0
GCA_022077105,1.0,0.0,0.0,0,0,0,0,1,0,0,0,0,0,0,0
GCA_000693815,1.0,0.0,0.0,0,0,0,0,0,0,0,0,0,0,0,0
GN121576,1.0,0.0,0.0,0,0,0,0,0,0,0,0,0,0,0,0
GCA_022067265,1.0,0.0,0.0,0,0,0,0,1,0,0,0,0,0,0,0
GN131534,1.0,0.0,0.0,0,0,0,0,1,0,0,0,0,0,0,0
GN203467,0.0,0.0,0.0,0,0,0,0,1,0,0,0,0,0,0,0
GCA_022075805,1.0,0.0,0.0,0,0,0,0,0,0,0,0,0,0,0,0
GN122318,1.0,0.0,0.0,0,0,0,0,1,0,0,0,0,0,0,0
GCA_022086875,1.0,0.0,0.0,0,0,0,0,0,0,0,0,0,0,0,0
GN090596,0.0,1.0,0.0,1,1,0,1,1,1,0,1,1,1,1,1
GN172911,1.0,0.0,0.0,0,0,0,0,1,0,0,0,0,0,0,0
GN110758,1.0,0.0,0.0,0,0,0,0,0,0,0,0,0,0,0,0
GN070180,0.0,0.0,0.0,0,0,0,0,0,0,0,0,0,0,0,0
GCA_022060705,1.0,0.0,0.0,0,0,0,0,0,0,0,0,0,0,0,0
GN172867,0.0,0.0,0.0,0,0,0,0,1,0,0,0,0,0,0,0
GN132089,1.0,0.0,0.0,0,0,0,0,0,0,0,0,0,0,0,0
GN180385,1.0,0.0,0.0,0,0,0,0,0,0,0,0,0,0,0,0
GCA_022076005,1.0,0.0,0.0,0,0,0,0,1,0,0,0,0,0,0,0
GN150147,1.0,0.0,0.0,0,0,0,0,0,0,0,0,0,0,0,0
GN201586,0.0,0.0,0.0,0,0,0,0,1,0,0,0,0,0,0,0
GN120651,1.0,0.0,0.0,0,0,0,0,0,0,0,0,0,0,0,0
GN121102,1.0,0.0,0.0,0,0,0,0,1,0,0,0,0,0,0,0
GCA_022083695,1.0,0.0,0.0,0,0,0,0,0,0,0,0,0,0,0,0
GN182873,0.0,1.0,0.0,1,1,0,1,1,1,0,1,1,1,1,1
GCA_022074105,1.0,0.0,0.0,0,0,0,0,1,0,0,0,0,0,0,0
GN181711,1.0,0.0,0.0,1,0,0,0,0,0,0,0,0,0,0,0
GN061179,1.0,0.0,0.0,0,0,0,0,0,0,0,0,0,0,0,0
GN172408,1.0,0.0,0.0,0,0,0,0,1,0,0,0,0,0,0,0
GCA_022072565,1.0,0.0,0.0,0,0,0,0,0,0,0,0,0,0,0,0
GN203495,0.0,1.0,0.0,1,0,1,0,0,0,0,0,1,0,0,0
GN132211,1.0,0.0,0.0,0,0,0,0,0,0,0,0,0,0,0,0
GN091262,1.0,0.0,0.0,0,0,0,0,1,0,0,0,0,0,0,0
GN111277,1.0,0.0,0.0,0,0,0,0,0,0,0,0,0,0,0,0
GN203611,1.0,0.0,0.0,0,0,0,0,0,0,0,0,0,0,0,0
GN181020,1.0,0.0,0.0,0,0,0,0,0,0,0,0,0,0,0,0
GN131221,1.0,0.0,0.0,0,0,0,0,1,0,0,0,0,0,0,0
GN071381,1.0,0.0,0.0,0,0,0,0,0,0,0,0,0,0,0,0
GN130851,1.0,0.0,0.0,0,0,0,0,1,0,0,0,0,0,0,0
GN180517,1.0,0.0,0.0,0,0,0,0,1,0,0,0,0,0,0,0
GN122315,1.0,0.0,0.0,0,0,0,0,1,0,0,0,0,0,0,0
GCA_022083375,1.0,0.0,0.0,0,0,0,0,0,0,0,0,0,0,0,0
GN182010,0.0,0.0,0.0,0,0,0,0,1,0,0,0,0,0,0,0
GCA_000492695,1.0,0.0,0.0,0,0,0,0,0,0,0,0,0,0,0,0
GN091248,1.0,0.0,0.0,0,0,0,0,0,0,0,0,0,0,0,0
GN172071,1.0,0.0,0.0,0,0,0,0,1,0,0,0,0,0,0,0
GN130520,1.0,0.0,0.0,0,0,0,0,0,0,0,0,0,0,0,0
GN110806,1.0,0.0,0.0,0,0,0,0,1,0,0,0,0,0,0,0
GCA_022089675,0.0,0.0,0.0,0,1,0,0,0,0,0,0,0,0,0,0
GN181704,1.0,0.0,0.0,0,0,0,0,0,0,0,0,0,0,0,0
GN121434,1.0,0.0,0.0,0,0,0,0,0,0,0,0,0,0,0,0
GN110695,0.0,0.0,0.0,0,0,0,0,0,0,0,0,0,0,0,0
GCA_022079555,1.0,0.0,0.0,0,0,0,0,0,0,0,0,0,0,0,0
GN173161,1.0,0.0,0.0,0,0,0,0,0,0,0,0,0,0,0,0
GN110337,1.0,0.0,0.0,0,0,0,0,1,0,0,0,0,0,0,0
GN132358,0.0,0.0,0.0,0,0,0,0,1,0,0,0,0,0,0,0
GN121564,0.0,0.0,0.0,0,0,0,0,0,0,0,0,0,0,0,0
GCA_002202275,1.0,0.0,0.0,1,0,0,0,1,0,0,0,0,0,0,0
GN121786,1.0,0.0,0.0,0,0,0,0,0,0,0,0,0,0,0,0
GN182426,0.0,0.0,0.0,0,0,0,0,1,0,0,0,0,0,0,0
GCA_022088345,1.0,0.0,0.0,0,0,0,0,0,0,0,0,0,0,0,0
GN120500,1.0,0.0,0.0,0,0,0,0,0,0,0,0,0,0,0,0
GCA_022081675,0.0,0.0,0.0,0,1,0,0,0,0,0,0,0,0,0,0
GN181609,1.0,0.0,0.0,0,0,0,0,0,0,0,0,0,0,0,0
GN122240,0.0,0.0,0.0,0,0,1,0,1,0,0,0,0,0,0,0
GN183030,0.0,0.0,0.0,0,0,0,0,1,0,0,0,0,0,0,0
GN120663,1.0,0.0,0.0,0,0,0,0,0,0,0,0,0,0,0,0
GN191692,0.0,1.0,0.0,0,0,0,0,0,0,0,0,1,0,0,0
