,group_4585_3281_CGCTGGCGCT->C,ycbX_54_G->A,group_5369_308_T->C,adhB_1~~~mdh_1_1184_G->A,group_1961_916_A->T,group_7421_706_A->T,amr_OmpA-cluster1_630_T->TGCTCCG,fucK_948_G->T,label,group_10092,group_10046,group_7374,group_272,group_7042,group_20122,trxC_2
GN101469,0.0,0.0,1.0,0.0,0.0,0.0,0.0,0.0,1,0,0,0,0,0,0,0
GN191992,0.0,1.0,1.0,0.0,0.0,0.0,0.0,0.0,1,0,0,0,0,0,0,0
GN122261,0.0,1.0,1.0,0.0,1.0,0.0,0.0,0.0,1,0,0,0,0,0,0,0
GCA_022061425,0.0,1.0,0.0,1.0,0.0,0.0,0.0,0.0,0,0,0,0,0,0,0,0
GN193379,0.0,1.0,1.0,0.0,1.0,0.0,0.0,0.0,1,0,0,0,0,0,0,0
GN203591,0.0,1.0,1.0,1.0,1.0,0.0,0.0,0.0,1,0,0,0,0,0,0,0
GN132085,0.0,1.0,1.0,0.0,0.0,0.0,0.0,1.0,1,0,0,0,0,0,0,0
GCA_022084395,0.0,0.0,1.0,0.0,1.0,0.0,0.0,0.0,1,0,0,0,0,0,0,0
GN203409,0.0,1.0,1.0,0.0,0.0,0.0,0.0,0.0,1,0,0,0,0,0,0,0
GN131711,0.0,1.0,0.0,1.0,0.0,0.0,0.0,0.0,1,0,0,0,0,0,0,0
GCA_022075105,0.0,1.0,1.0,0.0,1.0,0.0,0.0,0.0,1,0,0,0,0,0,0,0
GN151111,0.0,1.0,1.0,0.0,1.0,0.0,0.0,0.0,1,0,0,0,0,0,0,0
GN193463,0.0,1.0,1.0,0.0,1.0,0.0,0.0,0.0,1,0,0,0,0,0,0,0
GN122845,0.0,1.0,1.0,0.0,0.0,0.0,0.0,0.0,1,0,0,0,0,0,0,0
GN173040,0.0,0.0,1.0,1.0,1.0,0.0,0.0,1.0,1,0,0,0,0,0,0,0
GN203429,0.0,1.0,1.0,0.0,1.0,0.0,0.0,0.0,1,0,0,0,0,0,0,0
GN090123,0.0,1.0,1.0,0.0,1.0,0.0,0.0,0.0,1,0,0,0,0,0,0,0
GN171854,0.0,0.0,1.0,1.0,1.0,0.0,0.0,1.0,1,0,0,0,0,0,0,0
GCA_022066695,0.0,0.0,1.0,0.0,1.0,0.0,0.0,0.0,1,0,0,0,0,0,0,0
GN202479,0.0,1.0,1.0,0.0,1.0,0.0,0.0,0.0,1,0,0,0,0,0,0,0
GN151774,0.0,1.0,1.0,1.0,1.0,0.0,0.0,0.0,1,0,0,0,0,0,0,0
GN121108,0.0,1.0,1.0,0.0,1.0,0.0,0.0,0.0,1,0,0,0,0,0,0,0
GN192115,0.0,1.0,1.0,0.0,1.0,0.0,0.0,0.0,1,0,0,0,0,0,0,0
GN120888,0.0,0.0,0.0,1.0,1.0,0.0,0.0,0.0,1,0,0,0,0,0,0,0
GN192418,0.0,1.0,1.0,0.0,1.0,0.0,0.0,0.0,1,0,0,0,0,0,0,0
GN172651,0.0,0.0,1.0,0.0,0.0,0.0,0.0,0.0,1,0,0,0,0,0,0,0
GN180946,0.0,0.0,1.0,0.0,0.0,0.0,0.0,0.0,1,0,0,0,0,0,0,0
GN060538,0.0,1.0,1.0,1.0,1.0,0.0,0.0,0.0,1,0,0,0,0,0,0,0
GN172867,0.0,1.0,1.0,0.0,1.0,0.0,0.0,0.0,1,0,0,0,0,0,0,0
GN080549,0.0,1.0,1.0,0.0,1.0,0.0,0.0,0.0,1,0,0,0,0,0,0,0
GN183271,0.0,1.0,1.0,0.0,0.0,0.0,0.0,0.0,1,0,0,0,0,0,0,1
GN182542,0.0,0.0,1.0,0.0,1.0,0.0,0.0,0.0,1,0,0,0,0,0,0,0
GN121440,0.0,0.0,1.0,0.0,1.0,0.0,0.0,0.0,0,0,0,0,0,0,0,0
GCA_022066525,0.0,0.0,1.0,0.0,1.0,0.0,0.0,0.0,1,0,0,0,0,0,0,0
GN130024,0.0,0.0,1.0,1.0,0.0,0.0,0.0,0.0,1,0,0,0,0,0,0,0
GN080556,0.0,1.0,1.0,0.0,1.0,0.0,0.0,0.0,1,0,0,0,0,0,0,0
GN172911,0.0,0.0,1.0,1.0,0.0,0.0,0.0,0.0,1,0,0,0,0,0,0,0
GN162043,0.0,0.0,1.0,1.0,1.0,0.0,0.0,0.0,1,0,0,0,0,0,0,0
GN110543,0.0,1.0,1.0,0.0,1.0,1.0,0.0,0.0,0,0,0,0,0,0,0,0
GN120356,0.0,1.0,1.0,0.0,1.0,0.0,0.0,0.0,1,0,0,0,0,0,0,0
GCA_022067145,0.0,1.0,1.0,0.0,1.0,0.0,0.0,0.0,1,0,0,0,0,0,0,0
GCA_022091515,0.0,1.0,1.0,0.0,1.0,0.0,0.0,0.0,1,0,0,0,0,0,0,0
GN110806,0.0,0.0,1.0,1.0,0.0,0.0,0.0,1.0,1,0,0,0,0,0,0,0
GN090882,0.0,0.0,1.0,1.0,0.0,0.0,0.0,0.0,1,0,0,0,0,0,0,0
GCA_022090935,0.0,1.0,1.0,0.0,1.0,0.0,0.0,0.0,1,0,0,0,0,0,0,0
GN192703,0.0,0.0,0.0,1.0,0.0,0.0,0.0,0.0,1,0,0,0,0,0,0,0
GN183268,0.0,1.0,1.0,0.0,1.0,0.0,0.0,1.0,1,0,0,0,0,0,0,0
GN202494,0.0,0.0,1.0,0.0,0.0,0.0,0.0,0.0,0,0,0,0,0,0,0,0
GN200795,0.0,0.0,1.0,0.0,0.0,0.0,0.0,0.0,1,0,0,0,0,0,0,0
GN151823,0.0,0.0,1.0,1.0,0.0,0.0,0.0,0.0,1,0,0,0,0,0,0,0
GN140245,0.0,0.0,1.0,1.0,1.0,0.0,0.0,0.0,1,0,0,0,0,0,0,1
GN110545,0.0,1.0,1.0,0.0,1.0,0.0,0.0,0.0,1,0,0,0,0,0,0,1
GN201010,0.0,1.0,1.0,1.0,1.0,0.0,0.0,1.0,1,0,0,0,0,0,0,0
GN121857,0.0,0.0,1.0,1.0,0.0,0.0,0.0,1.0,0,0,0,0,0,0,0,0
GN142472,0.0,0.0,1.0,0.0,0.0,0.0,0.0,0.0,1,0,0,0,0,0,0,0
GN201541,0.0,1.0,1.0,1.0,1.0,0.0,0.0,0.0,1,0,0,0,0,0,0,0
GN101680,0.0,1.0,1.0,1.0,1.0,0.0,0.0,0.0,1,0,0,0,0,0,0,0
GN180681,0.0,1.0,1.0,0.0,1.0,0.0,0.0,0.0,1,0,0,0,0,0,0,0
GCA_022076305,0.0,0.0,1.0,0.0,1.0,0.0,0.0,0.0,1,0,0,0,0,0,0,0
GN190114,0.0,1.0,1.0,0.0,1.0,0.0,0.0,0.0,1,0,0,0,0,0,0,0
GN160567,0.0,1.0,1.0,1.0,1.0,0.0,0.0,1.0,1,0,0,0,0,0,0,0
GN183276,0.0,0.0,1.0,0.0,1.0,0.0,0.0,0.0,1,0,0,0,0,0,0,0
GN200855,0.0,1.0,1.0,0.0,0.0,0.0,0.0,0.0,1,0,0,0,0,0,0,0
GN1650025,0.0,1.0,1.0,1.0,1.0,0.0,0.0,0.0,1,0,0,0,0,0,0,0
GCA_022070525,0.0,0.0,1.0,0.0,1.0,0.0,0.0,0.0,1,0,0,0,0,0,0,0
GCA_022080675,0.0,0.0,1.0,0.0,1.0,0.0,0.0,0.0,1,0,0,0,0,0,0,0
GN122561,0.0,0.0,1.0,1.0,0.0,0.0,0.0,1.0,1,0,0,0,0,0,0,0
GN180768,0.0,1.0,1.0,0.0,1.0,0.0,0.0,0.0,1,0,0,0,0,0,0,0
GCA_022060385,0.0,1.0,1.0,0.0,1.0,0.0,0.0,0.0,1,0,0,0,0,0,0,0
GCA_022059735,0.0,1.0,1.0,0.0,1.0,0.0,0.0,0.0,1,0,0,0,0,0,0,0
GN120473,0.0,1.0,1.0,1.0,1.0,0.0,0.0,1.0,0,0,0,0,1,0,0,0
GN192724,0.0,0.0,1.0,0.0,0.0,0.0,0.0,0.0,0,0,0,0,0,0,0,0
GN070538,0.0,1.0,1.0,1.0,0.0,0.0,0.0,0.0,1,0,0,0,0,0,0,0
GN130980,0.0,0.0,1.0,1.0,0.0,0.0,0.0,1.0,1,0,0,0,0,0,0,0
GN090122,0.0,0.0,1.0,1.0,0.0,0.0,0.0,1.0,1,0,0,0,0,0,0,0
GN122233,0.0,1.0,1.0,0.0,1.0,0.0,0.0,0.0,1,0,0,0,0,0,0,0
GN122113,0.0,0.0,1.0,1.0,0.0,0.0,0.0,1.0,0,1,1,1,0,1,0,0
GN091243,0.0,1.0,1.0,1.0,1.0,0.0,0.0,0.0,1,0,0,0,0,0,0,0
GN090197,0.0,1.0,1.0,0.0,1.0,0.0,0.0,0.0,1,0,0,0,0,0,0,0
GCA_022059595,0.0,0.0,1.0,0.0,1.0,0.0,0.0,0.0,1,0,0,0,0,0,0,0
GN165034,0.0,0.0,1.0,1.0,0.0,0.0,0.0,1.0,1,0,0,0,0,0,0,0
GN192371,0.0,0.0,0.0,1.0,1.0,0.0,0.0,0.0,1,0,0,0,0,0,0,0
GN172811,0.0,0.0,1.0,1.0,0.0,0.0,0.0,1.0,1,1,1,1,0,1,0,0
GN181675,0.0,1.0,1.0,0.0,1.0,0.0,0.0,0.0,1,0,0,0,0,0,0,0
GN172844,0.0,0.0,1.0,0.0,1.0,0.0,0.0,0.0,1,0,0,0,0,0,0,0
GCA_022080175,0.0,1.0,1.0,0.0,1.0,0.0,0.0,0.0,1,0,0,0,0,0,0,0
GN162070,0.0,0.0,1.0,1.0,0.0,0.0,0.0,1.0,1,0,0,0,0,0,0,0
GN091018,0.0,0.0,0.0,0.0,1.0,0.0,0.0,1.0,1,0,0,0,0,0,0,0
GN202622,0.0,0.0,0.0,1.0,1.0,0.0,0.0,0.0,1,0,0,0,0,0,0,1
GCA_022082315,0.0,1.0,0.0,0.0,1.0,0.0,0.0,0.0,1,0,0,0,0,0,0,0
GN070150,0.0,0.0,1.0,1.0,0.0,0.0,0.0,1.0,0,0,0,0,0,0,0,0
GN150082,0.0,0.0,1.0,1.0,0.0,0.0,0.0,1.0,0,1,1,1,0,1,0,0
GN203463,0.0,0.0,1.0,0.0,0.0,0.0,0.0,0.0,1,0,0,0,0,0,0,0
GN121510,0.0,0.0,1.0,1.0,0.0,0.0,0.0,0.0,1,0,0,0,0,0,0,0
GN120670,0.0,0.0,1.0,0.0,1.0,0.0,0.0,0.0,1,0,0,0,0,0,0,0
GCA_022063625,0.0,0.0,1.0,0.0,1.0,0.0,0.0,0.0,1,0,0,0,0,0,0,0
GN131532,0.0,1.0,1.0,0.0,1.0,0.0,0.0,0.0,1,0,0,0,0,0,0,0
GN122556,0.0,0.0,1.0,1.0,0.0,0.0,0.0,1.0,1,0,0,0,0,0,0,0
GCA_022072785,0.0,0.0,1.0,0.0,0.0,0.0,0.0,0.0,1,0,0,0,0,0,0,0
GN110022,1.0,0.0,1.0,1.0,0.0,0.0,0.0,1.0,0,1,1,1,0,1,0,0
GN132038,0.0,1.0,1.0,0.0,0.0,0.0,0.0,0.0,1,0,0,0,0,0,0,0
GN201513,0.0,0.0,0.0,1.0,1.0,0.0,0.0,0.0,1,0,0,0,0,0,0,0
GN130789,0.0,1.0,0.0,1.0,0.0,0.0,0.0,0.0,1,0,0,0,0,0,0,1
GCA_022088045,0.0,0.0,1.0,0.0,1.0,0.0,0.0,0.0,1,0,0,0,0,0,0,0
GCA_022074585,0.0,1.0,1.0,0.0,1.0,0.0,0.0,0.0,1,0,0,0,0,0,0,0
GN110274,0.0,0.0,1.0,0.0,1.0,0.0,0.0,0.0,1,0,0,0,0,0,0,0
GN090208,0.0,0.0,1.0,0.0,0.0,0.0,0.0,0.0,0,0,0,0,0,0,0,0
GN200546,0.0,0.0,1.0,1.0,0.0,0.0,0.0,1.0,1,0,0,0,0,0,0,0
GCA_022078805,0.0,1.0,0.0,1.0,0.0,0.0,0.0,1.0,1,0,0,0,0,0,0,0
GN081020,0.0,0.0,1.0,1.0,0.0,0.0,0.0,0.0,1,0,0,0,0,0,0,0
GN202916,0.0,1.0,1.0,0.0,1.0,0.0,0.0,0.0,1,0,0,0,0,0,0,0
GN191192,0.0,0.0,0.0,0.0,0.0,0.0,0.0,0.0,1,0,0,0,0,0,0,0
GCA_022076725,0.0,0.0,1.0,0.0,1.0,0.0,0.0,0.0,1,0,0,0,0,0,0,0
GN091044,0.0,0.0,1.0,0.0,1.0,0.0,0.0,0.0,1,0,0,0,0,0,0,0
GN180721,0.0,1.0,1.0,0.0,1.0,0.0,0.0,0.0,1,0,0,0,0,0,0,0
GN201596,0.0,0.0,1.0,1.0,1.0,0.0,0.0,1.0,1,0,0,0,0,0,0,0
GCA_022089715,0.0,1.0,1.0,0.0,1.0,0.0,0.0,0.0,1,0,0,0,0,0,0,0
GN061183,0.0,1.0,1.0,1.0,1.0,0.0,0.0,1.0,1,0,0,0,0,0,0,0
GN182426,0.0,1.0,1.0,0.0,0.0,0.0,0.0,1.0,1,0,0,0,0,0,0,0
GN201432,0.0,0.0,0.0,0.0,0.0,0.0,0.0,1.0,1,0,0,0,0,0,0,0
GN193770,0.0,1.0,1.0,1.0,1.0,0.0,0.0,0.0,1,0,0,0,0,0,0,0
GN140463,0.0,0.0,1.0,0.0,1.0,0.0,0.0,0.0,1,0,0,0,0,0,0,0
GN132325,0.0,0.0,1.0,1.0,0.0,0.0,1.0,1.0,0,0,0,0,0,0,0,0
GN182423,0.0,0.0,0.0,1.0,1.0,0.0,0.0,0.0,1,0,0,0,0,0,0,0
GN192458,0.0,0.0,1.0,0.0,1.0,0.0,0.0,0.0,1,0,0,0,0,0,0,0
GN101695,0.0,1.0,0.0,0.0,0.0,0.0,0.0,0.0,1,0,0,0,0,0,0,0
GN090415,0.0,0.0,1.0,1.0,0.0,0.0,0.0,1.0,1,0,0,0,0,0,0,0
GN201715,0.0,0.0,1.0,0.0,1.0,0.0,0.0,0.0,1,0,0,0,0,0,0,0
GN071187,0.0,1.0,1.0,0.0,1.0,0.0,0.0,0.0,1,0,0,0,0,0,0,0
GN151858,0.0,1.0,1.0,1.0,1.0,0.0,0.0,1.0,1,0,0,0,0,0,0,0
GN191620,0.0,0.0,1.0,0.0,0.0,0.0,0.0,0.0,1,0,0,0,0,0,0,0
GN081321,0.0,1.0,1.0,0.0,1.0,0.0,0.0,0.0,1,0,0,0,0,0,0,0
GCA_022077005,0.0,0.0,1.0,0.0,1.0,0.0,0.0,0.0,1,0,0,0,0,0,0,0
GCA_022062425,0.0,0.0,1.0,0.0,1.0,0.0,0.0,0.0,1,0,0,0,0,0,0,0
GN192209,0.0,0.0,1.0,1.0,0.0,0.0,0.0,1.0,1,0,0,0,0,0,0,0
GN121926,0.0,0.0,1.0,1.0,0.0,0.0,0.0,0.0,1,0,0,0,0,0,0,0
GN192366,0.0,1.0,1.0,0.0,1.0,0.0,0.0,0.0,1,0,0,0,0,0,0,0
GN100222,0.0,0.0,1.0,1.0,0.0,0.0,0.0,0.0,0,0,0,0,0,0,0,0
GN101087,0.0,0.0,0.0,1.0,0.0,0.0,0.0,0.0,1,0,0,0,0,0,0,0
GN080834,0.0,1.0,1.0,0.0,1.0,0.0,0.0,0.0,1,0,0,0,0,0,0,0
GN202658,0.0,1.0,1.0,0.0,1.0,0.0,0.0,0.0,1,0,0,0,0,0,0,0
GN183272,0.0,1.0,1.0,0.0,1.0,0.0,0.0,0.0,1,0,0,0,0,0,0,0
GN191229,0.0,0.0,1.0,1.0,1.0,0.0,0.0,0.0,1,0,0,0,0,0,0,0
GN120659,0.0,0.0,1.0,1.0,0.0,0.0,0.0,1.0,0,0,0,0,0,0,0,0
GN110548,0.0,0.0,1.0,1.0,1.0,0.0,0.0,1.0,1,0,0,0,0,0,0,0
GN122009,0.0,1.0,1.0,0.0,1.0,0.0,0.0,0.0,1,0,0,0,0,0,0,0
GN191661,0.0,1.0,1.0,0.0,1.0,0.0,0.0,1.0,1,0,0,0,0,0,0,0
GCA_000492735,0.0,0.0,1.0,1.0,1.0,0.0,0.0,0.0,0,0,0,0,0,0,0,0
GN122433,0.0,1.0,1.0,0.0,1.0,0.0,0.0,0.0,1,0,0,0,0,0,0,0
GN130437,0.0,1.0,1.0,0.0,1.0,0.0,0.0,0.0,1,0,0,0,0,0,0,0
GN201406,0.0,0.0,1.0,0.0,0.0,0.0,0.0,0.0,1,0,0,0,0,0,0,0
GN192408,0.0,0.0,1.0,0.0,0.0,0.0,0.0,0.0,1,0,0,0,0,0,0,0
GN120940,0.0,1.0,1.0,1.0,0.0,0.0,0.0,0.0,1,0,0,0,0,0,0,0
GN132098,0.0,1.0,1.0,0.0,1.0,0.0,0.0,0.0,1,0,0,0,0,0,0,0
GCA_022078665,0.0,1.0,1.0,0.0,1.0,0.0,0.0,0.0,1,0,0,0,0,0,0,0
GN110870,0.0,0.0,1.0,1.0,0.0,0.0,0.0,0.0,1,0,0,0,0,0,0,0
GN132428,0.0,1.0,1.0,0.0,1.0,0.0,0.0,0.0,1,0,0,0,0,0,0,0
GN203840,0.0,0.0,0.0,0.0,0.0,0.0,0.0,0.0,1,0,0,0,0,0,0,0
GN151440,0.0,0.0,1.0,0.0,0.0,0.0,0.0,0.0,1,0,0,0,0,0,0,0
GCA_022074045,0.0,0.0,1.0,0.0,1.0,0.0,0.0,0.0,1,0,0,0,0,0,0,0
GN120782,0.0,1.0,1.0,1.0,1.0,0.0,1.0,0.0,1,0,0,0,0,0,0,0
GN122160,0.0,0.0,1.0,0.0,1.0,0.0,0.0,0.0,1,0,0,0,0,0,0,0
GCA_022084435,0.0,0.0,1.0,0.0,1.0,0.0,0.0,0.0,1,0,0,0,0,0,0,0
GN202207,0.0,1.0,1.0,0.0,1.0,0.0,0.0,0.0,1,0,0,0,0,0,0,0
GN182873,0.0,1.0,1.0,0.0,1.0,0.0,0.0,0.0,1,0,0,0,0,0,0,0
GN191104,0.0,0.0,1.0,0.0,1.0,0.0,0.0,0.0,1,0,0,0,0,0,0,0
GN110015,0.0,0.0,1.0,1.0,0.0,0.0,0.0,1.0,0,0,0,0,0,0,0,0
GCA_022080235,0.0,0.0,1.0,0.0,1.0,0.0,0.0,0.0,1,0,0,0,0,0,0,0
GN183262,0.0,1.0,1.0,1.0,1.0,0.0,0.0,0.0,1,0,0,0,0,0,0,0
GN122419,0.0,0.0,1.0,1.0,0.0,0.0,0.0,1.0,1,0,0,0,0,0,0,0
GN091233,0.0,1.0,1.0,0.0,1.0,0.0,0.0,0.0,1,0,0,0,0,0,0,0
GN122582,0.0,1.0,1.0,0.0,1.0,0.0,0.0,0.0,1,0,0,0,0,0,0,0
GN130405,0.0,0.0,0.0,0.0,1.0,0.0,0.0,0.0,1,0,0,0,0,0,0,0
GN192714,0.0,1.0,1.0,1.0,0.0,0.0,0.0,1.0,1,0,0,0,0,0,0,0
GCA_022069685,0.0,0.0,1.0,0.0,1.0,0.0,0.0,0.0,1,0,0,0,0,0,0,0
GCA_022088425,0.0,1.0,1.0,0.0,1.0,0.0,0.0,0.0,1,0,0,0,0,0,0,0
GCA_022067845,0.0,1.0,1.0,0.0,1.0,0.0,0.0,0.0,1,0,0,0,0,0,0,0
GN183263,0.0,0.0,1.0,1.0,1.0,0.0,0.0,0.0,1,0,0,0,0,0,0,0
GN132102,0.0,1.0,1.0,0.0,1.0,0.0,0.0,0.0,1,0,0,0,0,0,0,0
GN172071,0.0,1.0,1.0,0.0,1.0,0.0,0.0,0.0,1,0,0,0,0,0,0,0
GN070774,0.0,0.0,1.0,1.0,0.0,0.0,0.0,0.0,1,0,0,0,0,0,0,0
GN100402,0.0,0.0,1.0,0.0,1.0,0.0,0.0,0.0,1,0,0,0,0,0,0,0
GN192441,0.0,1.0,0.0,1.0,1.0,0.0,0.0,0.0,1,1,0,0,0,0,0,0
GCA_000694095,0.0,1.0,1.0,0.0,1.0,0.0,0.0,0.0,1,0,0,0,0,0,0,0
GCA_022059815,0.0,0.0,0.0,0.0,1.0,0.0,0.0,1.0,1,0,0,0,0,0,0,0
GN172925,0.0,0.0,1.0,0.0,1.0,0.0,0.0,0.0,1,0,0,0,0,0,0,0
GCA_022071265,0.0,0.0,1.0,0.0,1.0,0.0,0.0,0.0,1,0,0,0,0,0,0,0
GN140404,0.0,1.0,1.0,1.0,1.0,0.0,0.0,0.0,1,0,0,0,0,0,0,0
GN120358,0.0,0.0,0.0,0.0,1.0,0.0,0.0,0.0,1,0,0,0,0,0,0,0
GN100646,0.0,1.0,0.0,1.0,1.0,0.0,0.0,1.0,0,0,0,0,0,0,0,0
GN130363,0.0,1.0,1.0,0.0,0.0,0.0,0.0,0.0,1,0,0,0,0,0,0,0
GCA_022058555,0.0,1.0,1.0,0.0,1.0,0.0,0.0,0.0,1,0,0,0,0,0,0,0
GCA_022068505,0.0,0.0,1.0,0.0,1.0,0.0,0.0,0.0,1,0,0,0,0,0,0,0
GCA_000693815,0.0,1.0,1.0,0.0,0.0,0.0,0.0,0.0,1,0,0,0,0,0,0,0
GN100424,0.0,0.0,1.0,1.0,0.0,0.0,1.0,1.0,0,1,1,1,0,1,0,0
GCA_022064145,0.0,0.0,0.0,1.0,1.0,0.0,0.0,0.0,1,0,0,0,0,0,0,0
GCA_022084715,0.0,1.0,1.0,0.0,1.0,0.0,0.0,0.0,1,0,0,0,0,0,0,0
GN181349,0.0,0.0,0.0,0.0,0.0,0.0,0.0,1.0,1,0,0,0,0,0,0,0
GN201506,0.0,0.0,1.0,1.0,0.0,0.0,0.0,0.0,1,0,0,0,0,0,0,0
GN165037,0.0,0.0,0.0,1.0,0.0,0.0,0.0,1.0,1,0,0,0,0,0,0,0
GN110324,0.0,1.0,0.0,1.0,0.0,0.0,0.0,0.0,1,0,0,0,0,0,0,0
GN122492,0.0,0.0,1.0,1.0,1.0,0.0,0.0,0.0,1,0,0,0,0,0,0,0
GN122514,0.0,1.0,0.0,1.0,1.0,0.0,0.0,0.0,1,0,0,0,0,0,0,0
GN080512,0.0,0.0,1.0,0.0,1.0,0.0,0.0,0.0,1,0,0,0,0,0,0,0
GN090168,0.0,1.0,1.0,0.0,1.0,0.0,0.0,0.0,1,0,0,0,0,0,0,0
GN090857,0.0,0.0,1.0,0.0,0.0,0.0,0.0,0.0,1,0,0,0,0,0,0,0
GN131273,0.0,0.0,1.0,0.0,1.0,0.0,0.0,0.0,1,0,0,0,0,0,0,0
GN162911,0.0,0.0,1.0,1.0,0.0,0.0,0.0,1.0,1,0,0,0,0,0,0,0
GN140164,0.0,0.0,1.0,0.0,0.0,0.0,0.0,0.0,1,0,0,0,0,0,0,0
GN193480,0.0,0.0,1.0,0.0,0.0,0.0,0.0,0.0,1,0,0,0,0,0,0,0
GN130953,0.0,1.0,0.0,1.0,0.0,0.0,0.0,0.0,1,0,0,0,0,0,0,0
GN131039,0.0,1.0,1.0,1.0,1.0,0.0,0.0,1.0,1,0,0,0,0,0,0,0
GN180775,0.0,0.0,1.0,1.0,0.0,0.0,0.0,0.0,1,0,0,0,0,0,0,0
GN131348,0.0,0.0,1.0,1.0,0.0,0.0,0.0,0.0,0,1,1,1,0,1,0,1
GN193421,0.0,0.0,1.0,0.0,0.0,0.0,0.0,0.0,1,0,0,0,0,0,0,0
GN071197,0.0,0.0,1.0,1.0,0.0,0.0,0.0,0.0,1,0,0,0,0,0,0,0
GN181680,0.0,0.0,1.0,0.0,1.0,0.0,0.0,1.0,1,0,0,0,0,0,0,0
GN081060,0.0,1.0,1.0,0.0,1.0,0.0,0.0,0.0,1,0,0,0,0,0,0,0
GN203756,0.0,0.0,1.0,0.0,0.0,0.0,0.0,0.0,1,0,0,0,0,0,0,0
GN121024,0.0,1.0,1.0,0.0,1.0,0.0,0.0,0.0,1,0,0,0,0,0,0,0
GN200926,0.0,0.0,1.0,0.0,1.0,0.0,0.0,0.0,1,0,0,0,0,0,0,0
GN172998,0.0,1.0,1.0,0.0,1.0,0.0,0.0,1.0,1,0,0,0,0,0,0,0
GN183206,0.0,0.0,1.0,0.0,0.0,0.0,0.0,0.0,1,0,0,0,0,0,0,0
GN180558,0.0,0.0,1.0,0.0,1.0,0.0,0.0,0.0,1,0,0,0,0,0,0,0
GN140469,0.0,0.0,1.0,1.0,0.0,0.0,0.0,0.0,1,0,0,0,0,0,0,0
GN132312,0.0,1.0,1.0,0.0,1.0,0.0,0.0,0.0,1,0,0,0,0,0,0,0
GN192325,0.0,0.0,0.0,0.0,0.0,0.0,0.0,0.0,1,0,0,0,0,0,0,0
GN131789,0.0,0.0,1.0,0.0,1.0,0.0,0.0,0.0,1,0,0,0,0,0,0,0
GCA_022078405,0.0,1.0,1.0,0.0,1.0,0.0,0.0,0.0,1,0,0,0,0,0,0,0
GCA_022064405,0.0,1.0,1.0,0.0,1.0,0.0,0.0,0.0,1,0,0,0,0,0,0,0
GN201597,0.0,1.0,1.0,1.0,1.0,0.0,0.0,1.0,1,0,0,0,0,0,0,0
GN191203,0.0,1.0,1.0,0.0,1.0,0.0,0.0,0.0,1,0,0,0,0,0,0,0
GN120345,0.0,1.0,1.0,0.0,1.0,0.0,0.0,0.0,1,0,0,0,0,0,0,0
GN122863,0.0,1.0,1.0,1.0,1.0,0.0,0.0,0.0,1,0,0,0,0,0,0,0
GN192465,0.0,0.0,1.0,0.0,1.0,0.0,0.0,0.0,1,0,0,0,0,0,0,1
GCA_022069225,0.0,1.0,1.0,0.0,1.0,0.0,0.0,0.0,1,0,0,0,0,0,0,0
GN120280,0.0,0.0,0.0,1.0,1.0,0.0,0.0,0.0,1,0,0,0,0,0,0,0
GN151902,0.0,0.0,0.0,0.0,1.0,0.0,0.0,1.0,1,0,0,0,0,0,0,0
GN180535,0.0,1.0,1.0,0.0,1.0,0.0,0.0,0.0,1,0,0,0,0,0,0,0
GCA_022085545,0.0,0.0,1.0,1.0,0.0,0.0,0.0,1.0,1,0,0,0,0,0,0,0
GN071600,0.0,1.0,1.0,0.0,1.0,0.0,0.0,0.0,1,0,0,0,0,0,0,0
GCA_022084235,0.0,1.0,1.0,1.0,1.0,0.0,0.0,0.0,1,0,0,0,0,0,0,0
GN181914,0.0,1.0,1.0,1.0,1.0,0.0,0.0,0.0,1,0,0,0,0,0,0,0
GN172769,0.0,1.0,1.0,0.0,1.0,0.0,0.0,0.0,1,0,0,0,0,0,0,0
GN130988,0.0,1.0,1.0,1.0,1.0,0.0,0.0,0.0,1,0,0,0,0,0,0,1
GCA_022084115,0.0,0.0,0.0,1.0,0.0,0.0,0.0,0.0,1,0,0,0,0,0,0,0
GN090881,0.0,0.0,1.0,1.0,0.0,0.0,0.0,0.0,1,0,0,0,0,0,0,0
GCA_022085745,0.0,1.0,1.0,0.0,1.0,0.0,0.0,0.0,1,0,0,0,0,0,0,0
GN180374,0.0,0.0,1.0,1.0,0.0,0.0,0.0,0.0,1,0,0,0,0,0,0,0
GN091261,0.0,1.0,1.0,0.0,1.0,0.0,0.0,0.0,1,0,0,0,0,0,0,1
GN152597,0.0,0.0,1.0,0.0,1.0,0.0,0.0,0.0,1,0,0,0,0,0,0,0
GN120743,0.0,0.0,1.0,1.0,0.0,0.0,0.0,1.0,1,0,0,0,0,0,0,0
GN121812,0.0,1.0,1.0,0.0,1.0,0.0,0.0,0.0,1,0,0,0,0,0,0,0
GN180385,0.0,0.0,1.0,0.0,1.0,0.0,0.0,0.0,1,0,0,0,0,0,0,0
GN091242,0.0,0.0,1.0,0.0,0.0,0.0,0.0,0.0,1,0,0,0,0,0,0,0
GN110836,0.0,0.0,1.0,1.0,0.0,0.0,0.0,1.0,1,0,0,0,0,0,0,0
GN120970,0.0,1.0,1.0,1.0,1.0,0.0,0.0,0.0,1,0,0,0,0,0,0,0
GN122546,0.0,0.0,1.0,1.0,0.0,0.0,0.0,1.0,1,0,0,0,0,0,0,0
GN202992,0.0,0.0,0.0,0.0,1.0,0.0,0.0,0.0,1,0,0,0,0,0,0,1
GN122866,0.0,1.0,1.0,0.0,1.0,0.0,0.0,0.0,1,0,0,0,0,0,0,0
GN121900,0.0,1.0,1.0,0.0,1.0,0.0,0.0,0.0,1,0,0,0,0,0,0,0
GN130126,0.0,1.0,1.0,1.0,1.0,0.0,0.0,1.0,1,0,0,0,0,0,0,0
GN192077,0.0,0.0,1.0,1.0,0.0,0.0,0.0,1.0,1,0,0,0,0,0,0,0
GN121532,0.0,0.0,1.0,0.0,0.0,0.0,0.0,0.0,1,0,0,0,0,0,0,0
GCA_022075005,0.0,0.0,1.0,0.0,1.0,0.0,0.0,0.0,1,0,0,0,0,0,0,0
GN180567,0.0,1.0,1.0,1.0,1.0,0.0,0.0,0.0,1,0,0,0,0,0,0,0
GN202656,0.0,1.0,1.0,0.0,1.0,0.0,0.0,0.0,1,0,0,0,0,0,0,0
GCA_022074125,0.0,1.0,1.0,1.0,1.0,0.0,0.0,0.0,1,0,0,0,0,0,0,0
GN121127,0.0,0.0,1.0,1.0,0.0,0.0,0.0,0.0,1,0,0,0,0,0,0,0
GCA_022084195,0.0,1.0,1.0,0.0,1.0,0.0,0.0,0.0,1,0,0,0,0,0,0,0
GN080173,0.0,1.0,1.0,1.0,1.0,0.0,0.0,0.0,1,0,0,0,0,0,0,0
GN091262,0.0,0.0,1.0,0.0,1.0,0.0,0.0,0.0,1,0,0,0,0,0,0,0
GN121483,0.0,1.0,1.0,1.0,1.0,0.0,0.0,0.0,1,0,0,0,0,0,0,0
GN163485,0.0,0.0,0.0,1.0,1.0,0.0,0.0,0.0,1,0,0,0,0,0,0,0
GN141518,0.0,0.0,1.0,1.0,0.0,0.0,0.0,1.0,1,1,1,1,0,1,0,0
GN110054,0.0,1.0,1.0,0.0,1.0,0.0,0.0,0.0,1,0,0,0,0,0,0,0
GCA_022080355,0.0,0.0,1.0,1.0,0.0,0.0,0.0,1.0,1,0,0,0,0,0,0,0
GN080446,0.0,0.0,1.0,1.0,0.0,0.0,0.0,1.0,1,0,0,0,0,0,0,0
GCA_000693915,0.0,1.0,1.0,0.0,1.0,0.0,0.0,0.0,1,0,0,0,0,0,0,0
GN201372,0.0,0.0,0.0,1.0,1.0,0.0,0.0,0.0,1,0,0,0,0,0,0,0
GN110777,0.0,0.0,1.0,1.0,0.0,0.0,0.0,1.0,0,0,0,0,0,0,0,0
GCA_022062125,0.0,1.0,1.0,0.0,1.0,0.0,0.0,0.0,1,1,0,0,0,0,0,0
GN110812,0.0,0.0,1.0,1.0,0.0,0.0,0.0,1.0,1,0,0,0,0,0,0,0
GN120979,0.0,1.0,1.0,0.0,1.0,0.0,0.0,0.0,1,0,0,0,0,0,0,0
GN070519,0.0,1.0,1.0,0.0,1.0,0.0,0.0,0.0,1,0,0,0,0,0,0,0
GN141408,0.0,0.0,0.0,1.0,0.0,0.0,0.0,0.0,0,1,1,1,0,1,0,0
GCA_022076145,0.0,1.0,1.0,0.0,1.0,0.0,0.0,0.0,1,0,0,0,0,0,0,0
GN122355,0.0,1.0,1.0,0.0,1.0,0.0,0.0,0.0,1,0,0,0,0,0,0,1
GCA_022062205,0.0,1.0,1.0,0.0,1.0,0.0,0.0,0.0,1,0,0,0,0,0,0,0
GN200043,0.0,0.0,1.0,0.0,0.0,0.0,0.0,0.0,1,0,0,0,0,0,0,0
GCA_022081535,0.0,0.0,1.0,0.0,1.0,0.0,0.0,0.0,1,0,0,0,0,0,0,0
GCA_022077025,0.0,1.0,1.0,0.0,1.0,0.0,0.0,0.0,1,0,0,0,0,0,0,0
GCA_022064225,0.0,1.0,1.0,1.0,1.0,0.0,0.0,0.0,1,0,0,0,0,0,0,0
GCA_022079395,0.0,0.0,1.0,0.0,1.0,0.0,0.0,0.0,1,0,0,0,0,0,0,0
GN181725,0.0,0.0,1.0,1.0,0.0,0.0,0.0,1.0,1,0,0,0,0,0,0,0
GCA_022059225,0.0,1.0,1.0,1.0,1.0,0.0,0.0,0.0,1,0,0,0,0,0,0,0
GN101711,0.0,0.0,1.0,0.0,1.0,0.0,0.0,0.0,1,0,0,0,0,0,0,0
GN122837,0.0,1.0,1.0,0.0,1.0,0.0,0.0,1.0,1,0,0,0,0,0,0,0
GN191959,0.0,1.0,1.0,1.0,1.0,0.0,0.0,0.0,1,0,0,1,0,0,0,0
GN132173,0.0,0.0,1.0,1.0,0.0,0.0,0.0,1.0,0,1,1,1,0,1,0,0
GCA_022085805,0.0,0.0,0.0,1.0,1.0,0.0,0.0,1.0,0,0,0,0,1,0,0,0
GN163391,0.0,0.0,0.0,1.0,1.0,0.0,0.0,1.0,1,0,0,0,0,0,0,0
GN122493,0.0,0.0,1.0,1.0,0.0,0.0,0.0,1.0,1,0,0,0,0,0,0,0
GN132063,0.0,1.0,1.0,0.0,1.0,0.0,0.0,0.0,1,0,0,0,0,0,0,0
GCA_022082075,0.0,0.0,1.0,0.0,1.0,0.0,0.0,0.0,1,0,0,0,0,0,0,0
GN120832,0.0,0.0,1.0,0.0,0.0,0.0,0.0,0.0,1,0,0,0,0,0,0,0
GN182882,0.0,0.0,1.0,1.0,1.0,0.0,0.0,1.0,1,0,0,0,0,0,0,0
GN202511,0.0,1.0,1.0,0.0,1.0,0.0,0.0,0.0,1,0,0,0,0,0,0,0
GN151983,0.0,1.0,1.0,1.0,1.0,0.0,0.0,0.0,1,0,0,0,0,0,0,0
GN060973,0.0,0.0,1.0,0.0,0.0,0.0,0.0,1.0,1,0,0,0,0,0,0,0
GN202977,0.0,0.0,1.0,0.0,1.0,0.0,0.0,0.0,1,0,0,0,0,0,0,0
GN111302,0.0,0.0,1.0,1.0,1.0,0.0,0.0,1.0,1,0,0,0,0,0,0,0
GN130649,0.0,1.0,1.0,1.0,1.0,0.0,0.0,0.0,1,0,0,0,0,0,0,0
GCA_022085195,0.0,1.0,1.0,0.0,1.0,0.0,0.0,0.0,1,0,0,0,0,0,0,0
GN183245,0.0,1.0,1.0,0.0,1.0,0.0,0.0,0.0,1,0,0,0,0,0,0,0
GN181445,0.0,1.0,1.0,0.0,1.0,0.0,0.0,0.0,0,0,0,0,0,0,0,0
GCA_022058505,0.0,1.0,0.0,0.0,1.0,0.0,0.0,0.0,1,0,0,0,0,0,0,0
GCA_022060905,0.0,0.0,1.0,0.0,1.0,0.0,0.0,0.0,1,0,0,0,0,0,0,0
GN122239,0.0,1.0,1.0,1.0,1.0,0.0,0.0,0.0,1,0,0,0,0,0,0,0
GN142475,0.0,0.0,1.0,1.0,1.0,0.0,0.0,1.0,1,0,0,0,0,0,0,0
GN161210,0.0,1.0,0.0,0.0,0.0,0.0,0.0,0.0,1,0,0,0,0,0,0,0
GN200796,0.0,0.0,1.0,1.0,0.0,0.0,0.0,0.0,1,0,0,0,0,0,0,0
GN192372,0.0,1.0,1.0,0.0,1.0,0.0,0.0,0.0,1,0,0,0,0,0,0,0
GN080724,0.0,0.0,0.0,0.0,1.0,0.0,0.0,0.0,1,0,0,0,0,0,0,0
GN191808,0.0,1.0,0.0,1.0,0.0,0.0,0.0,0.0,1,0,0,0,0,0,0,0
GN201565,0.0,1.0,0.0,1.0,1.0,0.0,0.0,0.0,1,0,0,0,0,0,0,0
GN081133,0.0,1.0,1.0,1.0,0.0,0.0,0.0,0.0,1,0,0,0,0,0,0,0
GN120406,0.0,1.0,1.0,1.0,0.0,0.0,0.0,0.0,1,0,0,0,0,0,0,1
GN122813,0.0,0.0,1.0,1.0,0.0,0.0,0.0,1.0,1,0,0,0,0,0,0,0
GCA_000694335,0.0,1.0,1.0,0.0,1.0,0.0,0.0,0.0,1,0,0,0,0,0,0,0
GN181079,0.0,0.0,1.0,0.0,1.0,0.0,0.0,0.0,1,0,0,0,0,0,0,0
GN140237,0.0,0.0,1.0,0.0,0.0,0.0,0.0,0.0,1,0,0,0,0,0,0,0
GN165041,0.0,0.0,1.0,1.0,1.0,0.0,0.0,0.0,1,0,0,0,0,0,0,0
GCA_000694295,0.0,1.0,1.0,0.0,1.0,0.0,0.0,0.0,1,0,0,0,0,0,0,0
GN100224,0.0,0.0,1.0,1.0,0.0,0.0,0.0,1.0,0,1,1,1,0,1,0,0
GN132450,0.0,1.0,1.0,0.0,1.0,0.0,0.0,0.0,1,0,0,0,0,0,0,0
GN192424,0.0,1.0,1.0,0.0,1.0,0.0,0.0,0.0,1,0,0,0,0,0,0,0
GN165010,0.0,0.0,1.0,1.0,0.0,0.0,0.0,1.0,0,0,0,0,0,0,0,0
GN132276,0.0,1.0,1.0,0.0,1.0,0.0,0.0,0.0,1,0,0,0,0,0,0,0
GN132454,0.0,0.0,1.0,0.0,0.0,0.0,0.0,0.0,1,0,0,0,0,0,0,0
GCA_022058485,0.0,0.0,1.0,0.0,1.0,0.0,0.0,0.0,1,0,0,0,0,0,0,0
GN090870,0.0,1.0,0.0,0.0,1.0,0.0,0.0,0.0,1,0,0,0,0,0,0,0
GN120657,0.0,0.0,1.0,0.0,1.0,0.0,0.0,0.0,1,0,0,0,0,0,0,1
GN101706,0.0,1.0,1.0,0.0,1.0,0.0,0.0,0.0,1,0,0,0,0,0,0,0
GN090479,0.0,1.0,1.0,0.0,1.0,0.0,0.0,0.0,1,0,0,0,0,0,0,0
GN122354,0.0,1.0,1.0,0.0,1.0,0.0,0.0,0.0,1,0,0,0,0,0,0,0
GN121285,0.0,1.0,0.0,1.0,0.0,0.0,0.0,0.0,0,0,0,0,0,0,1,1
GN150685,0.0,0.0,1.0,0.0,1.0,0.0,0.0,0.0,1,0,0,0,0,0,0,0
GN110314,0.0,1.0,1.0,0.0,1.0,0.0,0.0,0.0,1,0,0,0,0,0,0,0
GN191103,0.0,0.0,1.0,0.0,1.0,0.0,0.0,0.0,1,0,0,0,0,0,0,0
GN122670,0.0,1.0,1.0,1.0,1.0,0.0,0.0,0.0,1,0,0,0,0,0,0,0
GN140155,0.0,0.0,1.0,1.0,0.0,0.0,0.0,1.0,1,0,0,0,0,0,0,0
GN181919,0.0,0.0,1.0,1.0,0.0,0.0,0.0,1.0,0,0,0,0,0,0,0,0
GCA_000694075,0.0,1.0,1.0,0.0,1.0,0.0,0.0,0.0,1,0,0,0,0,0,0,0
GCA_022067745,0.0,0.0,1.0,1.0,0.0,0.0,0.0,1.0,1,0,0,0,0,0,0,0
GN200985,0.0,1.0,0.0,1.0,1.0,0.0,0.0,0.0,1,0,0,0,0,0,0,0
GN122824,0.0,0.0,1.0,1.0,0.0,0.0,0.0,1.0,1,0,0,0,0,0,0,0
GN081117,0.0,1.0,1.0,0.0,1.0,0.0,0.0,0.0,1,0,0,0,0,0,0,1
GN070769,0.0,1.0,1.0,1.0,0.0,0.0,0.0,0.0,1,0,0,0,0,0,0,0
GCA_022088305,0.0,0.0,1.0,1.0,0.0,0.0,0.0,0.0,1,0,0,0,0,0,0,0
GN190599,0.0,0.0,1.0,1.0,0.0,0.0,0.0,0.0,0,0,0,0,0,0,0,0
GN061050,0.0,1.0,1.0,0.0,1.0,0.0,0.0,0.0,1,0,0,0,0,0,0,0
GN080964,0.0,0.0,0.0,1.0,1.0,0.0,0.0,0.0,1,0,0,0,0,0,0,0
GN122614,0.0,0.0,1.0,1.0,0.0,0.0,0.0,0.0,1,0,0,0,0,0,0,0
GN201175,0.0,0.0,1.0,0.0,0.0,0.0,0.0,0.0,1,0,0,0,0,0,0,0
GN131016,0.0,0.0,0.0,1.0,0.0,0.0,0.0,0.0,1,0,0,0,0,0,0,1
GN110299,0.0,1.0,1.0,0.0,1.0,0.0,0.0,0.0,1,0,0,0,0,0,0,0
GN202907,0.0,1.0,0.0,0.0,0.0,0.0,0.0,1.0,1,0,0,0,0,0,0,0
GN110352,0.0,0.0,1.0,0.0,1.0,0.0,0.0,0.0,1,0,0,0,0,0,0,0
GN181711,0.0,1.0,1.0,0.0,0.0,0.0,0.0,0.0,1,0,0,0,0,0,0,0
GN165028,0.0,0.0,1.0,0.0,0.0,0.0,0.0,0.0,1,0,0,0,0,0,0,0
GN080837,0.0,1.0,1.0,0.0,1.0,0.0,0.0,0.0,1,0,0,0,0,0,0,0
GN180761,0.0,1.0,0.0,1.0,1.0,0.0,0.0,0.0,1,0,0,0,0,0,0,0
GCA_022086305,0.0,0.0,1.0,0.0,1.0,0.0,0.0,0.0,1,0,0,0,0,0,0,0
GN060780,0.0,0.0,1.0,0.0,0.0,0.0,0.0,0.0,1,0,0,0,0,0,0,0
GCA_022070345,0.0,1.0,1.0,0.0,1.0,0.0,0.0,0.0,1,0,0,0,0,0,0,0
GN202551,0.0,1.0,1.0,0.0,1.0,0.0,0.0,0.0,1,0,0,0,0,0,0,0
GN151533,0.0,0.0,1.0,1.0,0.0,0.0,0.0,1.0,1,0,0,0,0,0,0,0
GN121173,0.0,1.0,1.0,0.0,1.0,0.0,0.0,0.0,1,0,0,0,0,0,0,0
GN122868,0.0,1.0,1.0,0.0,0.0,0.0,0.0,0.0,1,0,0,0,0,0,0,0
GN163583,0.0,0.0,1.0,1.0,0.0,0.0,0.0,1.0,0,0,0,0,0,0,0,0
GN180762,0.0,1.0,1.0,0.0,1.0,0.0,0.0,0.0,1,0,0,0,0,0,0,0
GN173203,0.0,0.0,1.0,1.0,0.0,0.0,0.0,1.0,1,0,0,0,0,0,0,0
GN122141,0.0,1.0,1.0,0.0,1.0,0.0,0.0,0.0,1,0,0,0,0,0,0,0
GN101049,0.0,0.0,1.0,0.0,0.0,0.0,0.0,0.0,1,0,0,0,0,0,0,0
GN180521,0.0,1.0,1.0,0.0,1.0,0.0,0.0,0.0,1,0,0,0,0,0,0,0
GN130225,0.0,0.0,1.0,0.0,1.0,0.0,0.0,0.0,1,0,0,0,0,0,0,0
GCA_022078725,0.0,0.0,1.0,0.0,1.0,0.0,0.0,0.0,1,0,0,0,0,0,0,0
GN192584,0.0,0.0,0.0,0.0,0.0,0.0,0.0,1.0,0,0,0,0,0,0,0,0
GN081023,0.0,1.0,1.0,0.0,1.0,0.0,0.0,0.0,1,0,0,0,0,0,0,0
GN202341,0.0,0.0,1.0,0.0,1.0,0.0,0.0,1.0,1,0,0,0,0,0,0,0
GCA_022085705,0.0,1.0,1.0,0.0,1.0,0.0,0.0,0.0,1,0,0,0,0,0,0,0
GN150538,0.0,0.0,1.0,0.0,0.0,0.0,0.0,0.0,1,0,0,0,0,0,0,0
GN192723,0.0,0.0,1.0,1.0,1.0,0.0,0.0,0.0,1,0,1,1,0,1,0,0
GN202528,0.0,1.0,0.0,1.0,0.0,0.0,0.0,0.0,1,0,0,0,0,0,0,0
GN203529,0.0,1.0,1.0,0.0,0.0,0.0,0.0,0.0,1,0,0,0,0,0,0,0
GN202557,0.0,0.0,0.0,1.0,1.0,0.0,0.0,0.0,1,0,0,0,0,0,0,0
GN081066,0.0,1.0,1.0,0.0,1.0,0.0,0.0,0.0,1,0,0,0,0,0,0,0
GN183274,0.0,1.0,1.0,0.0,1.0,0.0,0.0,0.0,1,0,0,0,0,0,0,0
GCA_000694215,0.0,1.0,1.0,0.0,1.0,0.0,0.0,0.0,1,0,0,0,0,0,0,0
GN132097,0.0,1.0,1.0,1.0,1.0,0.0,0.0,0.0,1,0,0,0,0,0,0,0
GCA_022089755,0.0,0.0,1.0,0.0,1.0,0.0,0.0,0.0,1,0,0,0,0,0,0,0
GN120794,0.0,1.0,1.0,0.0,1.0,0.0,0.0,1.0,1,0,0,0,0,0,0,0
GN193500,0.0,0.0,1.0,0.0,1.0,0.0,0.0,0.0,1,0,0,0,0,0,0,0
GN201386,0.0,0.0,1.0,1.0,0.0,0.0,0.0,1.0,1,0,0,0,0,0,0,0
GN180720,0.0,1.0,1.0,0.0,1.0,0.0,0.0,0.0,1,0,0,0,0,0,0,0
GN120432,0.0,1.0,1.0,0.0,1.0,0.0,0.0,0.0,1,0,0,0,0,0,0,1
GN183603,0.0,1.0,1.0,1.0,1.0,0.0,0.0,1.0,1,0,0,0,0,0,0,0
GN190933,0.0,0.0,1.0,0.0,1.0,0.0,0.0,0.0,1,0,0,0,0,0,0,0
GN190447,0.0,1.0,1.0,0.0,1.0,0.0,0.0,0.0,1,0,0,0,0,0,0,0
GN132165,0.0,0.0,1.0,1.0,0.0,0.0,0.0,1.0,0,0,0,0,0,0,0,0
GN090596,0.0,1.0,1.0,0.0,1.0,0.0,0.0,0.0,1,0,0,0,0,0,0,0
GN111066,0.0,1.0,1.0,0.0,1.0,0.0,0.0,0.0,1,0,0,0,0,0,0,0
GCA_022088725,0.0,0.0,1.0,0.0,1.0,0.0,0.0,0.0,1,0,0,0,0,0,0,0
GN101088,0.0,0.0,0.0,0.0,0.0,0.0,0.0,0.0,1,0,0,0,0,0,0,0
GN081264,0.0,1.0,0.0,1.0,1.0,0.0,0.0,0.0,1,0,0,0,0,0,0,0
GN160979,0.0,1.0,1.0,1.0,1.0,0.0,0.0,0.0,1,0,0,0,0,0,0,0
GCA_022086715,0.0,0.0,1.0,0.0,0.0,0.0,0.0,1.0,1,0,0,0,0,0,0,0
GN203752,0.0,0.0,1.0,0.0,1.0,0.0,0.0,1.0,1,0,0,0,0,0,0,0
GN182876,0.0,0.0,1.0,0.0,1.0,0.0,0.0,0.0,1,0,0,0,0,0,0,0
GN191053,0.0,0.0,1.0,0.0,1.0,0.0,0.0,1.0,1,0,0,0,0,0,0,0
GN192425,0.0,1.0,1.0,1.0,0.0,0.0,0.0,1.0,1,0,0,0,0,0,0,0
GN200774,0.0,1.0,0.0,0.0,1.0,0.0,0.0,0.0,1,0,0,0,0,0,0,0
GN182147,0.0,1.0,1.0,0.0,1.0,0.0,0.0,0.0,1,0,0,0,0,0,0,0
GN150870,0.0,0.0,1.0,1.0,0.0,0.0,0.0,0.0,1,0,0,0,0,0,0,0
GCA_022089795,0.0,0.0,1.0,0.0,1.0,0.0,0.0,0.0,1,0,0,0,0,0,0,0
GN200945,0.0,0.0,1.0,1.0,0.0,0.0,0.0,1.0,1,0,0,0,0,0,0,0
GN060006,0.0,1.0,1.0,0.0,1.0,0.0,0.0,0.0,1,0,0,0,0,0,0,0
GN111090,0.0,1.0,0.0,1.0,1.0,0.0,0.0,0.0,1,0,0,0,0,0,0,0
GN200794,0.0,1.0,1.0,1.0,1.0,0.0,0.0,1.0,1,0,0,0,1,0,0,0
GN183223,0.0,0.0,1.0,0.0,0.0,0.0,0.0,0.0,1,0,0,0,0,0,0,0
GN203630,0.0,1.0,1.0,0.0,1.0,0.0,0.0,0.0,1,0,0,0,0,0,0,0
GN121604,0.0,1.0,1.0,0.0,1.0,0.0,0.0,0.0,1,0,0,0,0,0,0,0
GN204256,0.0,1.0,1.0,1.0,1.0,0.0,0.0,0.0,1,0,0,0,0,0,0,0
GN122544,0.0,0.0,1.0,0.0,0.0,0.0,0.0,0.0,0,0,0,0,0,0,0,0
GN122659,0.0,0.0,1.0,0.0,0.0,0.0,0.0,0.0,1,0,0,0,0,0,0,0
GCA_022076285,0.0,0.0,1.0,0.0,1.0,0.0,0.0,0.0,1,0,0,0,0,0,0,0
GN061579,0.0,1.0,1.0,0.0,1.0,0.0,0.0,0.0,1,0,0,0,0,0,0,0
GN172039,0.0,1.0,1.0,1.0,1.0,0.0,0.0,0.0,1,0,0,0,0,0,0,0
GN070331,0.0,1.0,0.0,1.0,0.0,0.0,0.0,1.0,1,0,0,0,0,0,0,0
GCA_000693695,0.0,1.0,1.0,0.0,1.0,0.0,0.0,0.0,1,0,0,0,0,0,0,0
GN100140,0.0,0.0,1.0,1.0,0.0,0.0,0.0,0.0,1,0,0,0,0,0,0,0
GN201007,0.0,1.0,1.0,1.0,0.0,0.0,0.0,0.0,1,0,0,0,0,0,0,0
GN191184,0.0,0.0,1.0,0.0,1.0,0.0,0.0,0.0,1,0,0,0,0,0,0,0
GN130424,0.0,0.0,0.0,0.0,1.0,0.0,0.0,0.0,1,0,0,0,0,0,0,0
GN171493,0.0,0.0,1.0,0.0,0.0,0.0,0.0,1.0,1,0,0,0,0,0,0,0
GN193461,0.0,1.0,1.0,1.0,0.0,0.0,0.0,0.0,1,0,0,0,0,0,0,0
GN121305,0.0,1.0,1.0,0.0,1.0,0.0,0.0,0.0,1,0,0,0,0,0,0,0
GN191155,0.0,1.0,1.0,0.0,1.0,0.0,0.0,0.0,1,0,0,0,0,0,0,0
GCA_022074265,0.0,1.0,1.0,0.0,1.0,0.0,0.0,0.0,1,0,0,0,0,0,0,0
GCA_022082295,0.0,0.0,1.0,0.0,1.0,0.0,0.0,0.0,1,0,0,0,0,0,0,0
GN172978,0.0,0.0,0.0,0.0,0.0,0.0,0.0,1.0,1,0,0,0,0,0,0,0
GN201877,0.0,1.0,1.0,0.0,1.0,0.0,0.0,0.0,1,0,0,0,0,0,0,0
GCA_022062465,0.0,1.0,1.0,0.0,1.0,0.0,0.0,0.0,1,0,0,0,0,0,0,0
GN071212,0.0,0.0,0.0,0.0,0.0,0.0,0.0,0.0,1,0,0,0,0,0,0,0
GN060174,0.0,1.0,1.0,0.0,1.0,0.0,0.0,0.0,1,0,0,0,0,0,0,1
GCA_022069805,0.0,1.0,0.0,0.0,1.0,0.0,0.0,0.0,1,0,0,0,0,0,0,0
GN201350,0.0,0.0,1.0,0.0,1.0,0.0,0.0,0.0,1,0,0,0,0,0,0,0
GN120662,0.0,0.0,1.0,0.0,1.0,0.0,0.0,0.0,1,0,0,0,0,0,0,0
GN203653,0.0,0.0,1.0,0.0,0.0,0.0,0.0,0.0,1,0,0,0,0,0,0,0
GN172408,0.0,0.0,1.0,1.0,1.0,0.0,0.0,0.0,1,0,0,0,0,0,0,0
GN201609,0.0,0.0,1.0,0.0,0.0,0.0,0.0,0.0,1,0,0,0,0,0,0,0
GN191324,0.0,1.0,1.0,0.0,1.0,0.0,0.0,0.0,1,0,0,0,0,0,0,0
GN201601,0.0,1.0,1.0,1.0,1.0,0.0,0.0,0.0,1,0,0,0,0,0,0,0
GN132424,0.0,0.0,1.0,0.0,1.0,0.0,0.0,0.0,1,0,0,0,0,0,0,0
GN150358,0.0,0.0,1.0,0.0,0.0,0.0,0.0,0.0,1,0,0,0,0,0,0,0
GN120418,0.0,0.0,1.0,0.0,0.0,0.0,0.0,0.0,1,0,0,0,0,0,0,0
GN200977,0.0,0.0,1.0,1.0,0.0,0.0,0.0,0.0,1,0,0,0,0,0,0,0
GN132116,0.0,0.0,1.0,1.0,1.0,0.0,0.0,1.0,0,1,0,0,0,0,0,1
GCA_022062365,0.0,0.0,1.0,0.0,1.0,0.0,0.0,0.0,1,0,0,0,0,0,0,0
GN132218,0.0,1.0,1.0,1.0,1.0,0.0,0.0,0.0,1,0,0,0,0,0,0,0
GN080545,0.0,0.0,1.0,0.0,0.0,0.0,0.0,0.0,1,0,0,0,0,0,0,0
GN201621,0.0,0.0,1.0,1.0,0.0,0.0,0.0,1.0,1,0,0,0,0,0,0,0
GN070754,0.0,1.0,1.0,0.0,1.0,0.0,0.0,0.0,1,0,0,0,0,0,0,0
GN081126,0.0,1.0,1.0,0.0,1.0,0.0,0.0,0.0,1,0,0,0,0,0,0,0
GN181915,0.0,0.0,1.0,1.0,0.0,0.0,0.0,0.0,1,0,0,0,0,0,0,0
GN110852,0.0,1.0,1.0,1.0,1.0,0.0,0.0,1.0,1,0,0,0,1,0,0,0
GN173038,0.0,1.0,1.0,1.0,1.0,0.0,0.0,0.0,1,0,0,0,0,0,0,0
GN120664,0.0,1.0,0.0,1.0,1.0,0.0,0.0,0.0,1,0,0,0,0,0,0,0
GN201155,0.0,1.0,1.0,0.0,1.0,0.0,0.0,0.0,1,0,0,0,0,0,0,0
GN140657,0.0,0.0,0.0,1.0,0.0,0.0,0.0,1.0,1,0,0,0,0,0,0,0
GN120816,0.0,0.0,1.0,1.0,1.0,0.0,0.0,0.0,1,0,0,0,0,0,0,0
GN120675,0.0,0.0,1.0,0.0,1.0,0.0,0.0,0.0,1,0,0,0,0,0,0,0
GN140184,0.0,0.0,1.0,0.0,0.0,0.0,0.0,0.0,1,0,0,0,0,0,0,0
GCA_022081615,0.0,1.0,1.0,0.0,1.0,0.0,0.0,0.0,1,0,0,0,0,0,0,0
GN101082,0.0,0.0,1.0,0.0,0.0,0.0,0.0,0.0,1,0,0,0,0,0,0,0
GN203500,0.0,0.0,1.0,1.0,1.0,0.0,0.0,0.0,1,0,0,0,0,0,0,0
GN090863,0.0,0.0,1.0,1.0,0.0,0.0,0.0,1.0,0,0,0,0,0,0,0,0
GN193442,0.0,0.0,1.0,0.0,0.0,0.0,0.0,0.0,1,0,0,0,0,0,0,0
GN182897,0.0,1.0,1.0,0.0,1.0,0.0,0.0,0.0,1,0,0,0,0,0,0,0
GN183054,0.0,0.0,1.0,1.0,1.0,0.0,0.0,1.0,1,0,0,0,0,0,0,0
GN165002,0.0,1.0,1.0,0.0,0.0,0.0,0.0,1.0,1,0,0,0,0,0,0,0
GCA_022084545,0.0,0.0,1.0,0.0,1.0,0.0,0.0,0.0,1,0,0,0,0,0,0,0
GN183273,0.0,1.0,1.0,0.0,1.0,0.0,0.0,0.0,1,0,0,0,0,0,0,0
GCA_022076845,0.0,0.0,0.0,1.0,0.0,0.0,0.0,1.0,0,0,0,0,0,0,0,0
GN165024,0.0,1.0,1.0,0.0,1.0,0.0,0.0,0.0,1,0,0,0,0,0,0,0
GN173183,0.0,1.0,1.0,1.0,1.0,0.0,0.0,0.0,1,0,0,0,0,0,0,0
GN121497,0.0,1.0,1.0,1.0,1.0,0.0,0.0,0.0,1,0,0,0,0,0,0,0
GN080568,0.0,1.0,1.0,0.0,1.0,0.0,0.0,0.0,1,0,0,0,0,0,0,0
GN190806,0.0,0.0,1.0,1.0,0.0,0.0,0.0,0.0,1,0,0,0,0,0,0,0
GCA_022066805,0.0,1.0,1.0,0.0,1.0,0.0,0.0,0.0,1,0,0,0,0,0,0,0
GN080451,0.0,0.0,1.0,0.0,1.0,0.0,0.0,0.0,1,0,0,0,0,0,0,0
GN091070,0.0,0.0,1.0,0.0,1.0,0.0,0.0,0.0,1,0,0,0,0,0,0,0
GCA_022062065,0.0,1.0,1.0,0.0,1.0,0.0,0.0,0.0,1,0,0,0,0,0,0,0
GN100649,1.0,1.0,1.0,1.0,1.0,0.0,0.0,1.0,0,0,0,0,1,0,0,0
GCA_022078345,0.0,0.0,1.0,0.0,1.0,0.0,0.0,0.0,1,0,0,0,0,0,0,0
GN131253,0.0,1.0,1.0,0.0,1.0,0.0,0.0,0.0,1,0,0,0,0,0,0,0
GCA_022070645,0.0,0.0,1.0,0.0,1.0,0.0,0.0,0.0,1,0,0,0,0,0,0,0
GN190807,0.0,0.0,0.0,1.0,1.0,0.0,0.0,0.0,1,0,0,0,0,0,0,0
GCA_022085765,0.0,1.0,1.0,0.0,1.0,0.0,0.0,0.0,1,0,0,0,0,0,0,0
GN193440,1.0,0.0,1.0,1.0,1.0,0.0,0.0,1.0,1,0,0,0,0,0,0,0
GCA_022077085,0.0,0.0,1.0,0.0,1.0,0.0,0.0,0.0,1,0,0,0,0,0,0,0
GN183597,0.0,0.0,1.0,1.0,0.0,0.0,0.0,0.0,1,0,0,0,0,0,0,0
GN121281,0.0,1.0,1.0,0.0,1.0,0.0,0.0,0.0,1,0,0,0,0,0,0,0
GN193449,0.0,1.0,1.0,0.0,1.0,0.0,0.0,0.0,1,0,0,0,0,0,0,0
GCA_022073765,0.0,0.0,1.0,0.0,1.0,0.0,0.0,0.0,1,0,0,0,0,0,0,0
GCA_000693655,0.0,1.0,1.0,0.0,1.0,0.0,0.0,0.0,1,0,0,0,0,0,0,0
GN172928,0.0,0.0,0.0,0.0,0.0,0.0,0.0,0.0,1,0,0,0,0,0,0,0
GN182421,0.0,1.0,1.0,0.0,0.0,0.0,0.0,0.0,1,0,0,0,0,0,0,0
GN204013,0.0,1.0,1.0,0.0,1.0,0.0,0.0,0.0,1,0,0,0,0,0,0,0
GN132281,0.0,1.0,1.0,0.0,1.0,0.0,0.0,0.0,1,0,0,0,0,0,0,0
GCA_022086065,0.0,1.0,1.0,0.0,1.0,0.0,0.0,0.0,1,0,0,0,0,0,0,0
GN201605,0.0,1.0,0.0,0.0,1.0,0.0,0.0,0.0,1,0,0,0,0,0,0,0
GN110353,0.0,1.0,1.0,0.0,0.0,0.0,0.0,0.0,1,0,0,0,0,0,0,0
GN122839,0.0,0.0,1.0,1.0,0.0,0.0,0.0,1.0,1,0,0,0,0,0,0,0
GN120663,0.0,1.0,0.0,1.0,1.0,0.0,0.0,0.0,1,0,0,0,0,0,0,0
GN101685,0.0,0.0,0.0,1.0,1.0,0.0,0.0,1.0,0,0,1,1,0,1,0,1
GN151260,0.0,0.0,1.0,1.0,0.0,0.0,0.0,1.0,1,0,0,0,0,0,0,0
GN120637,0.0,0.0,0.0,1.0,0.0,0.0,0.0,0.0,0,0,0,0,0,0,0,0
GCA_022072525,0.0,0.0,1.0,0.0,1.0,0.0,0.0,0.0,1,0,0,0,0,0,0,0
GN110496,0.0,1.0,1.0,1.0,0.0,0.0,0.0,0.0,1,0,0,0,0,0,0,0
GCA_022077965,0.0,0.0,1.0,0.0,1.0,0.0,0.0,0.0,1,0,0,0,0,0,0,0
GN120779,0.0,0.0,1.0,1.0,1.0,0.0,0.0,0.0,1,0,0,0,0,0,0,0
GN110571,0.0,1.0,1.0,1.0,1.0,0.0,0.0,0.0,1,0,0,0,0,0,0,0
GN090791,0.0,0.0,1.0,0.0,0.0,0.0,0.0,0.0,1,0,0,0,0,0,0,0
GN141570,0.0,0.0,0.0,1.0,0.0,0.0,0.0,0.0,0,1,1,1,0,1,0,0
GN060952,0.0,1.0,1.0,0.0,0.0,0.0,0.0,0.0,1,0,0,0,0,0,0,0
GN070876,0.0,0.0,0.0,1.0,0.0,0.0,0.0,1.0,1,0,0,0,0,0,0,0
GN080764,0.0,0.0,1.0,1.0,0.0,0.0,0.0,1.0,1,0,0,0,0,0,0,0
GCA_022073845,0.0,0.0,1.0,0.0,1.0,0.0,0.0,0.0,1,0,0,0,0,0,0,0
GCA_000633735,0.0,1.0,1.0,0.0,1.0,0.0,0.0,0.0,1,0,0,0,0,0,0,0
GN081045,0.0,1.0,1.0,0.0,1.0,0.0,0.0,0.0,1,0,0,0,0,0,0,0
GCA_000693875,0.0,1.0,1.0,0.0,1.0,0.0,0.0,0.0,1,0,0,0,0,0,0,0
GN182356,0.0,0.0,1.0,1.0,1.0,0.0,0.0,0.0,1,0,0,0,0,0,0,0
GN171852,0.0,0.0,1.0,1.0,0.0,0.0,0.0,1.0,1,0,0,0,0,0,0,0
GCA_022060185,0.0,1.0,1.0,0.0,1.0,0.0,0.0,0.0,1,0,0,0,0,0,0,0
GN140687,0.0,1.0,0.0,1.0,0.0,0.0,0.0,0.0,1,0,0,0,0,0,0,1
GN201216,0.0,1.0,1.0,1.0,0.0,0.0,0.0,0.0,1,0,0,0,0,0,0,0
GN200950,0.0,1.0,1.0,0.0,1.0,0.0,0.0,0.0,1,0,0,0,0,0,0,0
GCA_022078845,0.0,0.0,1.0,0.0,1.0,0.0,0.0,0.0,1,0,0,0,0,0,0,0
GN122154,0.0,0.0,1.0,1.0,0.0,0.0,0.0,1.0,1,1,1,1,0,1,0,0
GN191692,0.0,1.0,1.0,0.0,1.0,0.0,0.0,0.0,1,0,0,0,0,0,0,0
GN201881,0.0,0.0,1.0,0.0,1.0,0.0,0.0,0.0,1,0,0,0,0,0,0,0
GCA_022080895,0.0,0.0,1.0,0.0,1.0,0.0,0.0,0.0,1,0,0,0,0,0,0,0
GCA_022075845,0.0,1.0,1.0,1.0,1.0,0.0,0.0,0.0,1,0,0,0,0,0,0,0
GN160317,0.0,0.0,1.0,0.0,1.0,0.0,0.0,0.0,0,0,0,0,0,0,0,0
GN121890,0.0,1.0,1.0,0.0,1.0,0.0,0.0,0.0,1,0,0,0,0,0,0,0
GN181110,0.0,0.0,1.0,1.0,0.0,0.0,0.0,1.0,1,0,0,0,0,0,0,0
GN163500,0.0,0.0,1.0,1.0,0.0,0.0,0.0,1.0,1,0,0,0,0,0,0,0
GCA_022082675,0.0,0.0,1.0,0.0,1.0,0.0,0.0,0.0,1,0,0,0,0,0,0,0
GN141427,0.0,1.0,1.0,1.0,1.0,0.0,0.0,1.0,1,0,0,0,1,0,0,0
GN110092,0.0,0.0,1.0,1.0,0.0,0.0,0.0,0.0,1,0,0,0,0,0,0,0
GCA_022060345,0.0,1.0,1.0,0.0,1.0,0.0,0.0,0.0,1,0,0,0,0,0,0,0
GN122315,0.0,1.0,1.0,1.0,1.0,0.0,0.0,0.0,1,0,0,0,0,0,0,0
GN180517,0.0,1.0,1.0,0.0,1.0,0.0,0.0,0.0,1,0,0,0,0,0,0,1
GN192436,0.0,1.0,1.0,0.0,1.0,0.0,0.0,0.0,1,0,0,0,0,0,0,0
GCA_022064865,0.0,0.0,1.0,1.0,0.0,0.0,0.0,1.0,1,0,0,0,0,0,0,1
GN080784,0.0,1.0,1.0,0.0,0.0,0.0,0.0,0.0,1,0,0,0,0,0,0,1
GN202555,0.0,1.0,1.0,0.0,1.0,0.0,0.0,0.0,1,0,0,0,0,0,0,0
GN141322,0.0,0.0,0.0,1.0,0.0,0.0,0.0,0.0,1,0,0,0,0,0,0,0
GN181488,0.0,0.0,1.0,0.0,0.0,0.0,1.0,0.0,0,0,0,0,0,0,0,0
GCA_022115255,0.0,0.0,1.0,0.0,1.0,0.0,0.0,0.0,1,0,0,0,0,0,0,0
GN090497,0.0,0.0,1.0,1.0,0.0,0.0,0.0,1.0,0,1,1,1,0,1,0,0
GN081221,0.0,1.0,1.0,1.0,0.0,0.0,0.0,0.0,1,0,0,0,0,0,0,1
GN080884,0.0,0.0,0.0,0.0,1.0,0.0,0.0,0.0,1,0,0,0,0,0,0,0
GN130520,0.0,0.0,0.0,1.0,1.0,0.0,0.0,0.0,0,0,0,0,0,0,1,0
GN081154,0.0,0.0,1.0,0.0,1.0,0.0,0.0,0.0,1,0,0,0,0,0,0,0
GN200906,0.0,1.0,1.0,0.0,0.0,0.0,0.0,0.0,1,0,0,0,0,0,0,0
GN171441,0.0,1.0,1.0,1.0,1.0,0.0,0.0,0.0,1,0,0,0,0,0,0,0
GN181020,0.0,1.0,1.0,0.0,1.0,0.0,0.0,0.0,1,0,0,0,0,0,0,0
GCA_022075725,0.0,0.0,1.0,0.0,0.0,0.0,0.0,0.0,0,0,0,0,0,0,0,0
GCA_022079045,0.0,1.0,1.0,0.0,1.0,0.0,0.0,0.0,1,0,0,0,0,0,0,0
GCA_022075925,0.0,1.0,1.0,0.0,1.0,0.0,0.0,0.0,1,0,0,0,0,0,0,0
GCA_022066665,0.0,1.0,1.0,0.0,1.0,0.0,0.0,0.0,1,0,0,0,0,0,0,0
GN101670,0.0,0.0,1.0,0.0,1.0,0.0,0.0,1.0,1,0,0,0,0,0,0,0
GN172531,0.0,1.0,1.0,0.0,1.0,0.0,0.0,0.0,1,0,0,0,0,0,0,0
GN120585,0.0,0.0,1.0,1.0,1.0,0.0,0.0,0.0,1,0,0,0,0,0,0,0
GN201602,0.0,0.0,1.0,1.0,0.0,0.0,0.0,1.0,1,0,0,0,0,0,0,0
GN080104,0.0,1.0,1.0,0.0,1.0,0.0,0.0,0.0,1,0,0,0,0,0,0,0
GCA_022064605,0.0,1.0,1.0,0.0,1.0,0.0,0.0,0.0,1,0,0,0,0,0,0,0
GCA_022066565,0.0,0.0,1.0,0.0,1.0,0.0,0.0,0.0,1,0,0,0,0,0,0,0
GN191081,0.0,1.0,1.0,0.0,1.0,0.0,0.0,0.0,1,0,0,0,0,0,0,0
GN110758,0.0,0.0,1.0,1.0,0.0,0.0,0.0,1.0,0,1,1,1,0,1,0,0
GN070645,0.0,1.0,1.0,0.0,1.0,0.0,0.0,0.0,1,0,0,0,0,0,0,0
GN090896,0.0,0.0,1.0,0.0,1.0,0.0,0.0,1.0,1,0,0,0,0,0,0,0
GCA_022089375,0.0,1.0,1.0,0.0,1.0,0.0,0.0,0.0,1,0,0,0,0,0,0,0
GN201139,0.0,0.0,1.0,0.0,0.0,0.0,0.0,0.0,1,0,0,0,0,0,0,0
GN121143,0.0,1.0,1.0,0.0,1.0,0.0,0.0,0.0,1,0,0,0,0,0,0,1
GCA_022091595,0.0,0.0,1.0,0.0,1.0,0.0,0.0,0.0,1,0,0,0,0,0,0,0
GCA_022081155,0.0,0.0,1.0,0.0,1.0,0.0,0.0,0.0,1,0,0,0,0,0,0,0
GN202698,0.0,0.0,1.0,0.0,0.0,0.0,0.0,0.0,1,0,0,0,0,0,0,0
GN162458,0.0,0.0,1.0,1.0,0.0,0.0,0.0,1.0,1,0,0,0,0,0,0,0
GN192471,0.0,0.0,1.0,1.0,0.0,0.0,0.0,1.0,1,0,0,0,0,0,0,0
GN190145,0.0,0.0,0.0,1.0,1.0,0.0,0.0,0.0,1,0,0,0,0,0,0,0
GN183598,0.0,1.0,0.0,0.0,0.0,0.0,0.0,0.0,1,0,0,0,0,0,0,0
GN180523,0.0,1.0,1.0,0.0,1.0,0.0,0.0,0.0,1,0,0,0,0,0,0,0
GN101095,0.0,0.0,1.0,0.0,1.0,0.0,0.0,0.0,1,0,0,0,0,0,0,0
GN081061,0.0,0.0,0.0,1.0,1.0,0.0,0.0,0.0,1,0,0,0,0,0,0,0
GN191788,0.0,1.0,0.0,0.0,0.0,0.0,0.0,0.0,1,0,0,0,0,0,0,0
GN165043,0.0,1.0,0.0,1.0,0.0,0.0,0.0,0.0,1,0,0,0,0,0,0,0
GCA_022062085,0.0,1.0,1.0,0.0,1.0,0.0,0.0,0.0,1,0,0,0,0,0,0,0
GN202408,0.0,0.0,1.0,1.0,1.0,0.0,0.0,0.0,1,0,0,0,0,0,0,0
GN201499,0.0,1.0,1.0,0.0,1.0,0.0,0.0,0.0,1,0,0,0,0,0,0,0
GCA_022062005,0.0,0.0,1.0,0.0,1.0,0.0,0.0,0.0,1,0,0,0,0,0,0,0
GCA_022085605,0.0,0.0,1.0,0.0,1.0,0.0,0.0,0.0,1,0,0,0,0,0,0,0
GN121920,0.0,1.0,1.0,0.0,1.0,0.0,0.0,0.0,1,0,0,0,0,0,0,1
GN191478,0.0,0.0,1.0,0.0,0.0,0.0,0.0,0.0,1,0,0,0,0,0,0,0
GN165036,0.0,1.0,1.0,0.0,1.0,0.0,0.0,0.0,1,0,0,0,0,0,0,0
GCA_022079975,0.0,0.0,1.0,0.0,1.0,0.0,0.0,0.0,1,0,0,0,0,0,0,0
GN191725,0.0,1.0,1.0,1.0,1.0,0.0,0.0,0.0,1,0,0,0,0,0,0,0
GN121358,0.0,0.0,1.0,1.0,0.0,0.0,0.0,1.0,1,0,0,0,0,0,0,0
GCA_022062705,0.0,0.0,1.0,0.0,1.0,0.0,0.0,0.0,1,0,0,0,0,0,0,0
GN120949,0.0,0.0,1.0,1.0,0.0,0.0,0.0,0.0,1,0,0,0,0,0,0,0
GN121304,0.0,1.0,0.0,1.0,1.0,1.0,0.0,0.0,0,0,0,0,0,0,0,1
GCA_022075125,0.0,1.0,1.0,0.0,1.0,0.0,0.0,0.0,1,0,0,0,0,0,0,0
GN120982,0.0,1.0,1.0,1.0,1.0,0.0,0.0,0.0,1,0,0,0,0,0,0,0
GN131601,0.0,0.0,1.0,0.0,0.0,0.0,0.0,0.0,1,0,0,0,0,0,0,0
GN132386,0.0,0.0,1.0,1.0,0.0,0.0,0.0,0.0,1,0,0,0,0,0,0,0
GN120843,0.0,0.0,0.0,1.0,0.0,0.0,0.0,0.0,1,0,0,0,0,0,0,0
GCA_022064365,0.0,0.0,1.0,0.0,1.0,0.0,0.0,0.0,1,0,0,0,0,0,0,0
GN110339,0.0,1.0,1.0,1.0,1.0,0.0,0.0,0.0,1,0,0,0,0,0,0,0
GN142466,0.0,0.0,1.0,1.0,0.0,0.0,0.0,0.0,1,0,0,0,0,0,0,1
GN202154,0.0,1.0,0.0,1.0,0.0,0.0,0.0,0.0,1,0,0,0,0,0,0,0
GN101478,0.0,0.0,0.0,1.0,1.0,0.0,0.0,1.0,1,0,0,0,0,0,0,0
GN090204,0.0,1.0,1.0,1.0,0.0,0.0,0.0,0.0,1,0,0,0,0,0,0,0
GN140436,0.0,0.0,1.0,1.0,0.0,0.0,0.0,0.0,1,0,0,0,0,0,0,0
GN131799,0.0,0.0,0.0,1.0,1.0,0.0,0.0,0.0,0,0,0,0,0,0,0,1
GN173041,0.0,1.0,1.0,0.0,1.0,0.0,0.0,0.0,1,0,0,0,0,0,0,0
GN130858,0.0,1.0,1.0,1.0,1.0,0.0,0.0,1.0,1,0,0,0,1,0,0,0
GN171406,0.0,0.0,1.0,0.0,1.0,0.0,0.0,1.0,1,0,0,0,0,0,0,0
GN141430,0.0,0.0,0.0,0.0,0.0,0.0,0.0,0.0,1,0,0,0,0,0,0,0
GCA_022079895,0.0,0.0,1.0,0.0,1.0,0.0,0.0,0.0,1,0,0,0,0,0,0,0
GN181354,0.0,1.0,1.0,1.0,1.0,0.0,0.0,0.0,1,0,0,0,0,0,0,0
GN180771,0.0,0.0,1.0,0.0,1.0,0.0,0.0,0.0,1,0,0,0,0,0,0,0
GN180955,0.0,1.0,0.0,1.0,1.0,0.0,0.0,0.0,1,0,0,0,0,0,0,0
GN182424,0.0,1.0,1.0,0.0,1.0,0.0,0.0,0.0,1,0,0,0,0,0,0,0
GN131597,0.0,0.0,1.0,1.0,1.0,0.0,0.0,0.0,1,0,0,0,0,0,0,0
GN192415,0.0,0.0,0.0,1.0,1.0,0.0,0.0,0.0,1,0,0,0,0,0,0,0
GN081270,0.0,0.0,1.0,0.0,0.0,0.0,0.0,1.0,1,0,0,0,0,0,0,0
GN121001,0.0,1.0,1.0,1.0,1.0,0.0,0.0,1.0,0,0,0,0,0,0,0,0
GN091011,0.0,1.0,1.0,0.0,1.0,0.0,0.0,0.0,1,0,0,0,0,0,0,0
GCA_022087225,0.0,1.0,1.0,0.0,1.0,0.0,0.0,0.0,1,0,0,0,0,0,0,0
GN121983,0.0,1.0,1.0,0.0,0.0,0.0,0.0,0.0,1,0,0,0,0,0,0,0
GN151764,0.0,0.0,1.0,1.0,0.0,0.0,0.0,1.0,1,0,0,0,0,0,0,0
GCA_022080455,0.0,0.0,1.0,0.0,1.0,0.0,0.0,0.0,1,0,0,0,0,0,0,0
GN180369,0.0,0.0,1.0,1.0,0.0,0.0,0.0,1.0,1,0,0,0,0,0,0,0
GN193615,0.0,1.0,1.0,0.0,0.0,0.0,0.0,0.0,1,0,0,0,0,0,0,0
GN165035,0.0,1.0,1.0,0.0,1.0,0.0,0.0,0.0,1,0,0,0,0,0,0,1
GCA_022080215,0.0,1.0,1.0,1.0,1.0,0.0,0.0,0.0,1,0,0,0,0,0,0,0
GN081014,0.0,1.0,1.0,0.0,1.0,0.0,0.0,0.0,1,0,0,0,0,0,0,0
GN121503,0.0,1.0,0.0,1.0,1.0,0.0,0.0,1.0,0,0,0,0,1,0,0,0
GN080406,0.0,1.0,0.0,1.0,1.0,1.0,0.0,0.0,0,0,0,0,0,0,0,1
GCA_022072905,0.0,0.0,1.0,0.0,1.0,0.0,0.0,0.0,1,0,0,0,0,0,0,0
GN090897,0.0,0.0,1.0,1.0,0.0,0.0,0.0,0.0,1,0,0,0,0,0,0,0
GN141542,0.0,0.0,1.0,1.0,0.0,0.0,0.0,1.0,1,0,0,0,0,0,0,1
GN091554,1.0,0.0,1.0,1.0,1.0,0.0,0.0,1.0,1,0,0,0,0,0,0,0
GN165030,0.0,1.0,0.0,1.0,0.0,0.0,0.0,0.0,1,0,0,0,0,0,0,0
GN160965,0.0,0.0,1.0,1.0,0.0,0.0,0.0,0.0,1,0,0,0,0,0,0,0
GN173065,0.0,0.0,0.0,1.0,1.0,0.0,0.0,0.0,1,0,0,0,0,0,0,0
GN190552,0.0,1.0,0.0,1.0,0.0,0.0,0.0,0.0,1,0,0,0,0,0,0,0
GN202416,0.0,1.0,1.0,0.0,1.0,0.0,0.0,0.0,1,0,0,0,0,0,0,0
GN091236,0.0,0.0,1.0,0.0,0.0,0.0,0.0,0.0,1,0,0,0,0,0,0,0
GN100942,0.0,0.0,1.0,1.0,0.0,0.0,0.0,1.0,1,0,0,0,0,0,0,0
GN201587,0.0,1.0,1.0,0.0,1.0,0.0,0.0,0.0,1,0,0,0,0,0,0,0
GN172566,0.0,0.0,0.0,1.0,0.0,0.0,1.0,1.0,0,0,0,0,0,0,1,1
GN200997,0.0,0.0,1.0,0.0,0.0,0.0,0.0,0.0,1,0,0,0,0,0,0,0
GCA_022087105,0.0,0.0,1.0,0.0,1.0,0.0,0.0,0.0,1,0,0,0,0,0,0,0
GN110524,0.0,0.0,1.0,0.0,0.0,0.0,0.0,0.0,1,0,0,0,0,0,0,0
GCA_022077465,0.0,1.0,1.0,0.0,1.0,0.0,0.0,0.0,1,0,0,0,0,0,0,0
GN131318,0.0,1.0,1.0,0.0,1.0,0.0,0.0,0.0,1,0,0,0,0,0,0,0
GN180765,0.0,0.0,1.0,1.0,1.0,0.0,0.0,0.0,1,0,0,0,0,0,0,0
GN191228,0.0,1.0,1.0,0.0,1.0,0.0,0.0,0.0,1,0,0,0,0,0,0,0
GCA_022089205,0.0,1.0,1.0,1.0,1.0,0.0,0.0,1.0,1,0,0,0,0,0,0,1
GN191126,0.0,0.0,0.0,0.0,0.0,0.0,0.0,1.0,1,0,0,0,0,0,0,0
GN191479,0.0,1.0,1.0,0.0,1.0,0.0,0.0,0.0,1,0,0,0,0,0,0,0
GN090710,0.0,0.0,1.0,0.0,1.0,0.0,0.0,0.0,1,0,0,0,0,0,0,0
GN192725,0.0,1.0,0.0,1.0,1.0,0.0,0.0,0.0,1,0,0,0,0,0,0,1
GN180712,0.0,0.0,1.0,0.0,0.0,0.0,0.0,0.0,1,0,0,0,0,0,0,0
GN080065,0.0,1.0,1.0,0.0,1.0,0.0,0.0,0.0,1,0,0,0,0,0,0,1
GN101682,0.0,1.0,0.0,0.0,0.0,0.0,0.0,0.0,1,0,0,0,0,0,0,0
GN200963,0.0,0.0,1.0,0.0,1.0,0.0,0.0,1.0,1,0,0,0,0,0,0,0
GN111266,0.0,1.0,1.0,0.0,1.0,0.0,0.0,0.0,1,0,0,0,0,0,0,0
GN183255,0.0,1.0,0.0,0.0,1.0,0.0,0.0,0.0,1,0,0,0,0,0,0,0
GN190808,0.0,0.0,0.0,0.0,0.0,0.0,0.0,0.0,1,0,0,0,0,0,0,0
GN090336,0.0,0.0,1.0,1.0,0.0,0.0,0.0,1.0,0,1,1,1,0,1,0,0
GN191567,0.0,0.0,1.0,0.0,0.0,0.0,0.0,0.0,1,0,0,0,0,0,0,0
GN181609,0.0,1.0,1.0,1.0,0.0,0.0,0.0,1.0,0,0,0,0,0,0,0,1
GN180680,0.0,0.0,1.0,0.0,1.0,0.0,0.0,0.0,1,0,0,0,0,0,0,0
GN140799,0.0,1.0,1.0,0.0,1.0,0.0,0.0,0.0,1,0,0,0,0,0,0,0
GCA_022084815,0.0,1.0,1.0,1.0,1.0,0.0,0.0,0.0,1,0,0,0,0,0,0,0
GCA_022081315,0.0,1.0,1.0,0.0,1.0,0.0,0.0,0.0,1,0,0,0,0,0,0,0
GN120705,0.0,1.0,1.0,1.0,1.0,0.0,0.0,0.0,1,0,0,0,0,0,0,0
GN182707,0.0,1.0,1.0,0.0,1.0,0.0,0.0,0.0,1,0,0,0,0,0,0,0
GN132433,0.0,1.0,1.0,0.0,1.0,0.0,0.0,0.0,1,0,0,0,0,0,0,0
GN201462,0.0,1.0,1.0,0.0,1.0,0.0,0.0,0.0,1,0,0,0,0,0,0,0
GCA_022083315,0.0,1.0,1.0,1.0,1.0,0.0,0.0,0.0,1,0,0,0,0,0,0,0
GN122862,0.0,1.0,1.0,0.0,1.0,0.0,0.0,0.0,1,0,0,0,0,0,0,0
GN122060,0.0,0.0,1.0,0.0,0.0,0.0,0.0,1.0,1,0,0,0,0,0,0,0
GN172499,0.0,0.0,1.0,0.0,1.0,0.0,0.0,0.0,1,0,0,0,0,0,0,0
GN121177,0.0,1.0,1.0,0.0,1.0,0.0,0.0,0.0,1,0,0,0,0,0,0,0
GN101475,0.0,0.0,1.0,0.0,0.0,0.0,0.0,0.0,1,0,0,0,0,0,0,1
GN191655,0.0,1.0,1.0,0.0,1.0,0.0,0.0,0.0,1,0,0,0,0,0,0,0
GN080469,0.0,0.0,1.0,0.0,0.0,0.0,0.0,0.0,1,0,0,0,0,0,0,0
GN201222,0.0,0.0,1.0,0.0,1.0,0.0,0.0,0.0,1,0,0,0,0,0,0,0
GN101692,0.0,0.0,1.0,0.0,0.0,0.0,0.0,0.0,1,0,0,0,0,0,0,0
GN201517,0.0,1.0,1.0,1.0,1.0,0.0,0.0,1.0,1,0,0,0,0,0,0,0
GCA_022115095,0.0,1.0,1.0,1.0,1.0,0.0,0.0,0.0,1,0,0,0,0,0,0,0
GCA_022082235,0.0,1.0,1.0,0.0,1.0,0.0,0.0,0.0,1,0,0,0,0,0,0,0
GCA_022070385,0.0,1.0,1.0,0.0,1.0,0.0,0.0,0.0,1,0,0,0,0,0,0,0
GN122744,0.0,1.0,1.0,1.0,0.0,0.0,0.0,0.0,1,0,0,0,0,0,0,1
GN091021,0.0,0.0,1.0,0.0,0.0,0.0,0.0,0.0,1,0,0,0,0,0,0,0
GN122466,0.0,0.0,1.0,1.0,0.0,0.0,0.0,1.0,1,0,0,0,0,0,0,0
GN181918,0.0,1.0,1.0,0.0,1.0,0.0,0.0,0.0,1,0,0,0,0,0,0,0
GN132137,0.0,0.0,1.0,0.0,0.0,0.0,0.0,0.0,0,0,0,0,0,0,0,0
GN192472,0.0,0.0,0.0,0.0,0.0,0.0,0.0,0.0,1,0,0,0,0,0,0,0
GN182534,0.0,1.0,0.0,1.0,1.0,0.0,0.0,0.0,1,0,0,0,0,0,0,0
GN111065,0.0,1.0,1.0,0.0,1.0,0.0,0.0,0.0,1,0,0,0,0,0,0,0
GN122838,0.0,1.0,1.0,0.0,1.0,0.0,0.0,1.0,1,0,0,0,0,0,0,0
GN201654,0.0,0.0,1.0,1.0,1.0,0.0,0.0,0.0,1,0,0,0,0,0,0,0
GN201371,0.0,1.0,1.0,0.0,0.0,0.0,0.0,1.0,1,0,0,0,0,0,0,0
GN131988,0.0,1.0,1.0,0.0,1.0,0.0,0.0,0.0,1,0,0,0,0,0,0,0
GCA_022060045,0.0,1.0,1.0,0.0,1.0,0.0,0.0,0.0,1,0,0,0,0,0,0,0
GN122135,0.0,1.0,1.0,0.0,1.0,0.0,0.0,0.0,1,0,0,0,0,0,0,0
GCA_022078705,0.0,0.0,1.0,0.0,1.0,0.0,0.0,0.0,1,0,0,0,0,0,0,0
GN200964,0.0,0.0,1.0,0.0,0.0,0.0,0.0,0.0,1,0,0,0,0,0,0,0
GN131043,0.0,0.0,1.0,0.0,1.0,0.0,0.0,1.0,1,0,0,0,0,0,0,0
GN081212,0.0,0.0,1.0,1.0,0.0,0.0,0.0,0.0,1,0,0,0,0,0,0,0
GN110722,0.0,0.0,0.0,1.0,0.0,0.0,0.0,0.0,1,1,1,1,0,1,0,0
GN201542,0.0,0.0,1.0,1.0,0.0,0.0,0.0,1.0,1,0,0,0,0,0,0,0
GN122835,0.0,0.0,1.0,1.0,0.0,0.0,0.0,0.0,1,0,0,0,0,0,0,0
GCA_022067025,0.0,0.0,1.0,0.0,1.0,0.0,0.0,0.0,1,0,0,0,0,0,0,0
GCA_022071445,0.0,1.0,1.0,0.0,1.0,0.0,0.0,0.0,1,0,0,0,0,0,0,0
GCA_022070665,0.0,1.0,1.0,0.0,1.0,0.0,0.0,0.0,1,0,0,0,0,0,0,0
GCA_022062885,0.0,1.0,1.0,0.0,1.0,0.0,0.0,0.0,1,0,0,0,0,0,0,0
GCA_022086105,0.0,0.0,1.0,0.0,1.0,0.0,0.0,0.0,1,0,0,0,0,0,0,0
GN202188,0.0,1.0,1.0,0.0,0.0,0.0,0.0,0.0,1,0,0,0,0,0,0,0
GN201817,0.0,1.0,1.0,0.0,1.0,0.0,0.0,0.0,1,0,0,0,0,0,0,0
GN191810,0.0,1.0,1.0,0.0,1.0,0.0,0.0,0.0,1,0,0,0,0,0,0,0
GN203459,0.0,1.0,1.0,0.0,1.0,0.0,0.0,0.0,1,0,0,0,0,0,0,0
GN101492,0.0,0.0,1.0,0.0,0.0,0.0,0.0,0.0,1,0,0,0,0,0,0,1
GN091566,0.0,1.0,0.0,0.0,0.0,0.0,0.0,0.0,1,0,0,0,0,0,0,0
GN203271,0.0,1.0,1.0,1.0,1.0,0.0,0.0,0.0,1,0,0,0,0,0,0,0
GN141987,0.0,1.0,1.0,0.0,1.0,0.0,0.0,0.0,1,0,0,0,0,0,0,0
GN120835,0.0,0.0,1.0,1.0,1.0,0.0,0.0,1.0,1,0,0,0,0,0,0,0
GN203571,0.0,0.0,1.0,1.0,0.0,0.0,0.0,1.0,1,0,0,0,0,0,0,0
GN110103,0.0,1.0,1.0,0.0,0.0,0.0,0.0,0.0,1,0,0,0,0,0,0,0
GN193721,0.0,1.0,1.0,0.0,1.0,0.0,0.0,0.0,1,0,0,0,0,0,0,0
GN172536,0.0,0.0,1.0,1.0,0.0,0.0,0.0,1.0,0,0,0,0,0,0,0,0
GN110028,0.0,0.0,1.0,1.0,1.0,0.0,0.0,0.0,1,0,0,0,0,0,0,0
GN122338,1.0,0.0,0.0,1.0,1.0,0.0,0.0,0.0,0,0,0,0,0,0,0,0
GN180028,0.0,1.0,1.0,1.0,1.0,0.0,0.0,0.0,1,0,0,0,0,0,0,0
GN165023,0.0,0.0,1.0,0.0,1.0,0.0,0.0,0.0,1,0,0,0,0,0,0,0
GN100670,0.0,1.0,1.0,0.0,1.0,0.0,0.0,0.0,1,0,0,0,0,0,0,0
GCA_022060785,0.0,1.0,1.0,0.0,1.0,0.0,0.0,0.0,1,0,0,0,0,0,0,0
GN122574,0.0,1.0,1.0,1.0,1.0,0.0,0.0,1.0,1,0,0,0,0,0,0,0
GN165032,0.0,1.0,0.0,1.0,0.0,0.0,0.0,0.0,1,0,0,0,0,0,0,0
GN172488,0.0,0.0,1.0,1.0,0.0,0.0,0.0,1.0,1,0,0,0,0,0,0,0
GN101705,0.0,1.0,1.0,0.0,1.0,0.0,0.0,0.0,1,0,0,0,0,0,0,0
GN202984,0.0,1.0,0.0,1.0,0.0,0.0,0.0,0.0,1,0,0,0,0,0,0,1
GN163460,0.0,0.0,1.0,0.0,1.0,0.0,0.0,0.0,1,0,0,0,0,0,0,0
GCA_022074395,0.0,1.0,1.0,0.0,1.0,0.0,0.0,0.0,1,0,0,0,0,0,0,0
GN172061,0.0,0.0,1.0,0.0,1.0,0.0,0.0,1.0,1,0,0,0,0,0,0,0
GN191724,0.0,0.0,0.0,0.0,0.0,0.0,0.0,0.0,1,0,0,0,0,0,0,0
GN141983,0.0,1.0,1.0,1.0,1.0,0.0,0.0,0.0,1,0,0,0,0,0,0,0
GN080995,0.0,1.0,1.0,0.0,1.0,0.0,0.0,0.0,1,0,0,0,0,0,0,0
GCA_000694115,0.0,1.0,1.0,0.0,1.0,0.0,0.0,0.0,1,0,0,0,0,0,0,0
GN201151,0.0,1.0,1.0,0.0,1.0,0.0,0.0,0.0,1,0,0,0,0,0,0,0
GN182889,0.0,0.0,1.0,0.0,1.0,0.0,0.0,0.0,1,0,0,0,0,0,0,1
GCA_022089855,0.0,1.0,1.0,0.0,1.0,0.0,0.0,0.0,1,0,0,0,0,0,0,0
GN122737,0.0,0.0,1.0,1.0,0.0,0.0,0.0,0.0,1,0,0,0,0,0,0,0
GN171217,0.0,1.0,1.0,0.0,0.0,0.0,0.0,0.0,1,0,0,0,0,0,0,0
GN162020,0.0,0.0,1.0,1.0,1.0,0.0,0.0,0.0,1,0,0,0,0,0,0,0
GN190611,0.0,1.0,1.0,1.0,0.0,0.0,0.0,1.0,1,0,0,0,0,0,0,0
GN192364,0.0,1.0,0.0,1.0,0.0,0.0,0.0,0.0,1,0,0,0,0,0,0,0
GN202525,0.0,1.0,1.0,0.0,0.0,0.0,0.0,1.0,1,0,0,0,0,0,0,0
GN192096,0.0,1.0,1.0,0.0,1.0,0.0,0.0,0.0,1,0,0,0,0,0,0,0
GN071376,0.0,0.0,1.0,0.0,1.0,0.0,0.0,0.0,1,0,0,0,0,0,0,0
GN122011,0.0,1.0,1.0,1.0,0.0,0.0,0.0,0.0,1,0,0,0,0,0,0,0
GN182152,0.0,1.0,1.0,1.0,1.0,0.0,0.0,0.0,1,0,0,0,0,0,0,0
GCA_022086245,0.0,1.0,1.0,0.0,1.0,0.0,0.0,0.0,1,0,0,0,0,0,0,0
GCA_022061605,0.0,0.0,1.0,0.0,1.0,0.0,0.0,0.0,1,0,0,0,0,0,0,0
GN101479,0.0,0.0,1.0,0.0,0.0,0.0,0.0,0.0,1,0,0,0,0,0,0,0
GN180339,0.0,1.0,1.0,1.0,1.0,0.0,0.0,1.0,1,0,0,0,0,0,0,0
GN200008,0.0,0.0,0.0,0.0,1.0,0.0,0.0,1.0,1,0,0,0,0,0,0,0
GN090898,0.0,0.0,1.0,1.0,0.0,0.0,0.0,0.0,0,0,0,0,0,0,0,0
GCA_022062445,0.0,0.0,1.0,0.0,1.0,0.0,0.0,0.0,1,0,0,0,0,0,0,0
GN182201,0.0,1.0,1.0,0.0,1.0,0.0,0.0,0.0,1,0,0,0,0,0,0,0
GCA_022081095,0.0,0.0,1.0,0.0,1.0,0.0,0.0,0.0,1,0,0,0,0,0,0,0
GN121655,0.0,0.0,0.0,0.0,0.0,0.0,0.0,0.0,1,0,0,0,0,0,0,0
GN120841,0.0,1.0,1.0,1.0,1.0,0.0,0.0,0.0,1,0,0,0,0,0,0,0
GCA_022070625,0.0,1.0,1.0,1.0,1.0,0.0,0.0,0.0,1,0,0,0,0,0,0,0
GN122842,0.0,0.0,0.0,0.0,0.0,0.0,0.0,0.0,1,0,0,0,0,0,0,0
GCA_022074465,0.0,1.0,1.0,1.0,1.0,0.0,0.0,0.0,1,0,0,0,0,0,0,0
GN142479,0.0,0.0,1.0,0.0,1.0,0.0,0.0,0.0,1,0,0,0,0,0,0,0
GN201622,0.0,1.0,1.0,0.0,1.0,0.0,0.0,0.0,1,0,0,0,0,0,0,0
GN171336,0.0,0.0,0.0,1.0,1.0,0.0,0.0,0.0,1,0,0,0,0,0,1,1
GN100623,0.0,0.0,1.0,1.0,0.0,0.0,0.0,1.0,0,0,0,0,0,0,0,0
GN100673,0.0,1.0,0.0,1.0,1.0,0.0,0.0,0.0,0,0,0,0,0,0,0,1
GCA_022080835,0.0,1.0,1.0,0.0,1.0,0.0,0.0,0.0,1,0,0,0,0,0,0,0
GN141635,0.0,0.0,1.0,0.0,0.0,0.0,0.0,0.0,1,0,0,0,0,0,0,0
GN122861,0.0,0.0,1.0,0.0,0.0,0.0,0.0,0.0,1,0,0,0,0,0,0,0
GCA_022082175,0.0,0.0,1.0,0.0,1.0,0.0,0.0,0.0,1,0,0,0,0,0,0,0
GN120840,0.0,0.0,1.0,1.0,1.0,0.0,0.0,1.0,1,0,0,0,0,0,0,0
GN203324,0.0,0.0,1.0,0.0,0.0,0.0,0.0,0.0,1,0,0,0,0,0,0,0
GN181204,0.0,0.0,1.0,1.0,0.0,0.0,0.0,0.0,1,0,0,0,0,0,0,0
GN121446,0.0,0.0,1.0,0.0,0.0,0.0,0.0,0.0,1,0,0,0,0,0,0,0
GN150044,0.0,1.0,1.0,0.0,0.0,0.0,0.0,0.0,1,0,0,0,0,0,0,0
GCA_022081935,0.0,1.0,1.0,1.0,1.0,0.0,0.0,0.0,1,0,0,0,0,0,0,0
GCA_000693595,0.0,1.0,1.0,0.0,1.0,0.0,0.0,0.0,1,0,0,0,0,0,0,0
GCA_022061145,0.0,1.0,1.0,0.0,1.0,0.0,0.0,0.0,1,0,0,0,0,0,0,0
GCA_000694135,0.0,1.0,1.0,0.0,1.0,0.0,0.0,0.0,1,0,0,0,0,0,0,0
GN191042,0.0,1.0,1.0,1.0,1.0,0.0,0.0,0.0,1,0,0,0,0,0,0,0
GCA_022087625,0.0,0.0,1.0,0.0,1.0,0.0,0.0,0.0,1,0,0,0,0,0,0,0
GN180472,0.0,1.0,1.0,1.0,1.0,0.0,0.0,0.0,1,0,0,0,0,0,0,0
GN132252,0.0,1.0,0.0,1.0,0.0,0.0,0.0,0.0,1,0,0,0,0,0,0,0
GCA_022085375,0.0,1.0,1.0,0.0,1.0,0.0,0.0,0.0,1,0,0,0,0,0,0,0
GN122494,0.0,1.0,0.0,1.0,1.0,0.0,0.0,0.0,1,0,0,0,0,0,0,0
GN132498,0.0,1.0,1.0,0.0,0.0,0.0,0.0,0.0,1,0,0,0,0,0,0,0
GN190790,0.0,1.0,0.0,1.0,0.0,0.0,0.0,0.0,1,0,0,0,0,0,0,0
GN070771,0.0,1.0,1.0,0.0,1.0,0.0,0.0,0.0,1,0,0,0,0,0,0,0
GN122157,0.0,1.0,1.0,0.0,1.0,0.0,0.0,0.0,1,0,0,0,0,0,0,0
GCA_022075485,0.0,0.0,1.0,0.0,1.0,0.0,0.0,0.0,1,0,0,0,0,0,0,0
GN121344,0.0,0.0,0.0,0.0,0.0,0.0,0.0,1.0,1,0,0,0,0,0,0,0
GN122843,0.0,0.0,1.0,1.0,0.0,0.0,0.0,1.0,1,1,1,1,0,1,0,0
GCA_022079315,0.0,1.0,1.0,0.0,1.0,0.0,0.0,0.0,1,0,0,0,0,0,0,0
GN080095,0.0,1.0,0.0,0.0,0.0,0.0,0.0,0.0,1,0,0,0,0,0,0,0
GN203153,0.0,1.0,1.0,0.0,1.0,0.0,0.0,0.0,1,0,0,0,0,0,0,0
GCA_022088205,0.0,0.0,1.0,0.0,1.0,0.0,0.0,0.0,1,0,0,0,0,0,0,0
GN201369,0.0,0.0,0.0,1.0,0.0,0.0,0.0,0.0,1,0,0,0,0,0,0,0
GN200061,0.0,0.0,1.0,1.0,0.0,0.0,0.0,0.0,1,0,0,0,0,0,0,0
GN192306,0.0,0.0,1.0,1.0,0.0,0.0,0.0,0.0,1,0,0,0,0,0,0,0
GN132065,0.0,0.0,1.0,0.0,0.0,0.0,0.0,1.0,1,0,0,0,0,0,0,0
GCA_022089455,0.0,1.0,1.0,0.0,1.0,0.0,0.0,0.0,1,0,0,0,0,0,0,0
GN202402,0.0,1.0,1.0,0.0,1.0,0.0,0.0,0.0,1,0,0,0,0,0,0,0
GN120287,0.0,1.0,1.0,0.0,1.0,0.0,0.0,0.0,1,0,0,0,0,0,0,0
GN183207,0.0,1.0,0.0,1.0,0.0,0.0,1.0,0.0,1,0,0,0,0,0,0,0
GN130321,0.0,0.0,1.0,1.0,0.0,0.0,0.0,1.0,1,0,0,0,0,0,0,0
GN080495,0.0,1.0,1.0,0.0,1.0,0.0,0.0,0.0,1,0,0,0,0,0,0,0
GN122428,0.0,1.0,1.0,0.0,1.0,0.0,1.0,0.0,1,0,0,0,0,0,0,0
GN141992,0.0,0.0,1.0,1.0,0.0,0.0,0.0,1.0,1,0,0,0,0,0,0,0
GN110322,0.0,1.0,1.0,0.0,1.0,0.0,0.0,0.0,1,0,0,0,0,0,1,0
GN201008,0.0,1.0,1.0,0.0,1.0,0.0,0.0,0.0,1,0,0,0,0,0,0,0
GN131678,0.0,1.0,0.0,1.0,0.0,0.0,0.0,0.0,1,0,0,0,0,0,0,0
GN183258,0.0,0.0,1.0,0.0,1.0,0.0,0.0,0.0,1,0,0,0,0,0,0,0
GN203484,0.0,0.0,1.0,1.0,0.0,0.0,0.0,1.0,1,0,0,0,0,0,0,0
GN203611,0.0,1.0,1.0,1.0,1.0,0.0,0.0,1.0,1,0,0,0,0,0,0,0
GN121621,0.0,0.0,1.0,1.0,0.0,0.0,0.0,1.0,1,0,0,0,0,0,0,0
GN111124,0.0,1.0,1.0,0.0,1.0,0.0,0.0,0.0,1,0,0,0,0,0,0,0
GN150967,0.0,0.0,1.0,0.0,1.0,0.0,0.0,0.0,1,0,0,0,0,0,0,0
GN100668,0.0,1.0,0.0,1.0,0.0,0.0,0.0,0.0,1,0,0,0,0,0,0,0
GN132111,0.0,1.0,1.0,0.0,1.0,0.0,0.0,0.0,1,0,0,0,0,0,0,0
GN132262,0.0,0.0,1.0,0.0,1.0,0.0,0.0,0.0,1,0,0,0,0,0,0,0
GCA_000693535,0.0,1.0,1.0,0.0,1.0,0.0,0.0,0.0,1,0,0,0,0,0,0,0
GN110736,0.0,1.0,1.0,0.0,1.0,0.0,0.0,0.0,1,0,0,0,0,0,0,0
GN121128,0.0,1.0,1.0,0.0,1.0,0.0,0.0,0.0,1,0,0,0,0,0,0,0
GN192722,0.0,0.0,1.0,0.0,0.0,0.0,0.0,0.0,1,0,0,0,0,0,0,0
GN110567,0.0,0.0,1.0,1.0,0.0,0.0,0.0,1.0,0,0,0,0,0,0,0,0
GN122529,0.0,0.0,1.0,1.0,0.0,0.0,0.0,1.0,1,0,0,0,0,0,0,0
GN181672,0.0,1.0,0.0,1.0,1.0,0.0,0.0,0.0,1,0,0,0,0,0,0,0
GN101707,0.0,0.0,1.0,0.0,0.0,0.0,0.0,0.0,1,0,0,0,0,0,0,0
GN183047,0.0,0.0,1.0,1.0,0.0,0.0,0.0,0.0,1,0,0,0,0,0,0,0
GN131534,0.0,1.0,1.0,0.0,1.0,0.0,0.0,0.0,1,0,0,0,0,0,0,0
GN180234,0.0,1.0,1.0,0.0,1.0,0.0,0.0,0.0,1,0,0,0,0,0,0,0
GN120973,0.0,0.0,1.0,1.0,0.0,0.0,0.0,0.0,1,0,0,0,0,0,0,0
GN101096,0.0,0.0,1.0,0.0,0.0,0.0,0.0,0.0,1,0,0,0,0,0,0,0
GCA_022069955,0.0,1.0,1.0,0.0,1.0,0.0,0.0,0.0,1,0,0,0,0,0,0,0
GN090860,0.0,0.0,1.0,1.0,0.0,0.0,0.0,1.0,0,0,0,0,0,0,0,0
GN120730,0.0,0.0,0.0,0.0,1.0,0.0,0.0,0.0,1,0,0,0,0,0,0,0
GN090128,0.0,1.0,1.0,0.0,1.0,0.0,0.0,0.0,1,0,0,0,0,0,0,0
GN122854,0.0,1.0,1.0,1.0,0.0,0.0,0.0,1.0,1,0,0,0,0,0,0,1
GN090667,0.0,0.0,0.0,1.0,0.0,0.0,0.0,0.0,0,0,0,0,0,0,0,0
GN192706,0.0,0.0,1.0,1.0,0.0,0.0,0.0,0.0,1,0,0,0,0,0,0,0
GN080924,0.0,0.0,1.0,0.0,1.0,0.0,0.0,0.0,1,0,0,0,0,0,0,0
GCA_022074685,0.0,1.0,1.0,0.0,1.0,0.0,0.0,0.0,1,0,0,0,0,0,0,0
GN173050,0.0,1.0,0.0,1.0,1.0,0.0,0.0,0.0,1,0,0,0,0,0,0,0
GCA_022075815,0.0,1.0,1.0,1.0,1.0,0.0,0.0,0.0,1,0,0,0,0,0,0,0
GCA_022083355,0.0,0.0,0.0,1.0,1.0,0.0,0.0,0.0,1,0,0,0,0,0,0,0
GN120956,0.0,0.0,1.0,0.0,1.0,0.0,0.0,0.0,1,0,0,0,0,0,0,0
GN181926,0.0,1.0,1.0,1.0,1.0,0.0,0.0,0.0,1,0,0,0,0,0,0,0
GN201787,0.0,1.0,1.0,1.0,1.0,0.0,0.0,0.0,1,0,0,0,0,0,0,0
GN121208,0.0,1.0,1.0,0.0,1.0,0.0,0.0,0.0,1,0,0,0,0,0,0,0
GN122851,0.0,1.0,1.0,1.0,1.0,0.0,0.0,1.0,1,0,0,0,0,0,0,0
GN141840,0.0,1.0,1.0,0.0,1.0,0.0,0.0,0.0,1,0,0,0,0,0,0,0
GN100929,0.0,1.0,1.0,0.0,1.0,0.0,0.0,0.0,1,0,0,0,0,0,0,0
GCA_022066345,0.0,1.0,1.0,1.0,1.0,0.0,0.0,0.0,1,0,0,0,0,0,0,0
GN201552,0.0,0.0,1.0,1.0,1.0,0.0,0.0,1.0,1,0,0,0,0,0,0,0
GCA_022077625,0.0,0.0,1.0,0.0,1.0,0.0,0.0,0.0,1,0,0,0,0,0,0,0
GCA_022087025,0.0,1.0,1.0,1.0,1.0,0.0,0.0,0.0,1,0,0,0,0,0,0,0
GN201000,0.0,0.0,1.0,0.0,1.0,0.0,0.0,0.0,1,0,0,0,0,0,0,0
GCA_022059265,0.0,0.0,1.0,0.0,1.0,0.0,0.0,0.0,1,0,0,0,0,0,0,0
GN081073,0.0,1.0,1.0,1.0,1.0,0.0,0.0,0.0,1,0,0,0,0,0,0,0
GN193772,0.0,0.0,1.0,0.0,0.0,0.0,0.0,0.0,1,0,0,0,0,0,0,0
GN111083,0.0,1.0,1.0,1.0,0.0,0.0,0.0,0.0,1,0,0,0,0,0,0,0
GN192317,0.0,1.0,1.0,0.0,1.0,0.0,0.0,0.0,1,0,0,0,0,0,0,0
GN122557,0.0,1.0,1.0,0.0,1.0,0.0,0.0,0.0,1,0,0,0,0,0,0,0
GN203311,0.0,0.0,1.0,0.0,0.0,0.0,0.0,0.0,1,0,0,0,0,0,0,0
GN120485,0.0,0.0,0.0,1.0,1.0,0.0,0.0,0.0,0,0,0,0,0,0,0,0
GCA_022071285,0.0,1.0,1.0,1.0,1.0,0.0,0.0,0.0,0,0,0,0,0,0,0,0
GN071236,0.0,0.0,0.0,1.0,0.0,0.0,0.0,0.0,1,0,0,0,0,0,0,0
GCA_022067965,0.0,1.0,1.0,1.0,1.0,0.0,0.0,0.0,1,0,0,0,0,0,0,0
GN122280,0.0,1.0,1.0,1.0,1.0,0.0,0.0,0.0,1,0,0,0,0,0,0,0
GN171706,0.0,0.0,1.0,1.0,0.0,0.0,0.0,1.0,1,0,0,0,0,0,0,0
GN140478,0.0,0.0,1.0,0.0,1.0,0.0,0.0,0.0,1,0,0,0,0,0,0,0
GN141613,0.0,1.0,1.0,0.0,1.0,0.0,0.0,0.0,1,0,0,0,0,0,0,0
GN121600,0.0,0.0,1.0,1.0,0.0,0.0,0.0,1.0,1,0,0,0,0,0,0,0
GCA_022060645,0.0,0.0,1.0,1.0,0.0,0.0,0.0,0.0,1,0,0,0,0,0,0,0
GCA_000693855,0.0,1.0,1.0,0.0,1.0,0.0,0.0,0.0,1,0,0,0,0,0,0,0
GCA_022074105,0.0,1.0,1.0,1.0,1.0,0.0,0.0,0.0,1,0,0,0,0,0,0,0
GN121042,0.0,0.0,1.0,1.0,1.0,0.0,0.0,0.0,1,0,0,0,0,0,0,0
GN121521,0.0,0.0,1.0,1.0,0.0,0.0,0.0,1.0,1,1,1,1,0,1,0,0
GN201546,0.0,1.0,1.0,1.0,1.0,0.0,0.0,0.0,1,0,0,0,0,0,0,0
GN110337,0.0,1.0,0.0,1.0,0.0,0.0,0.0,0.0,1,0,0,0,0,0,0,0
GN132328,0.0,0.0,1.0,1.0,0.0,0.0,1.0,1.0,0,0,0,0,0,0,0,0
GCA_022078385,0.0,0.0,1.0,0.0,1.0,0.0,0.0,0.0,1,0,0,0,0,0,0,0
GCA_022085665,0.0,1.0,1.0,1.0,1.0,0.0,0.0,0.0,1,0,0,0,0,0,0,0
GN203696,0.0,1.0,1.0,1.0,1.0,0.0,0.0,0.0,1,0,0,0,0,0,0,0
GN172055,0.0,1.0,1.0,0.0,1.0,0.0,0.0,0.0,1,0,0,0,0,0,0,0
GCA_022064805,0.0,1.0,1.0,1.0,1.0,0.0,0.0,0.0,1,0,0,0,0,0,0,0
GCA_022061725,0.0,1.0,1.0,0.0,1.0,0.0,0.0,0.0,1,0,0,0,0,0,0,0
GN172770,0.0,1.0,1.0,0.0,1.0,0.0,0.0,0.0,1,0,0,0,0,0,0,0
GN191034,0.0,1.0,1.0,0.0,1.0,0.0,0.0,0.0,1,0,0,0,0,0,0,0
GCA_022071385,0.0,1.0,1.0,1.0,1.0,0.0,0.0,0.0,1,0,0,0,0,0,0,0
GN180782,0.0,1.0,1.0,0.0,0.0,0.0,0.0,0.0,1,0,0,0,0,0,0,0
GCA_022084775,0.0,1.0,1.0,0.0,1.0,0.0,0.0,0.0,1,0,0,0,0,0,0,0
GCA_000693615,0.0,1.0,1.0,0.0,1.0,0.0,0.0,0.0,1,0,0,0,0,0,0,0
GN110949,0.0,0.0,1.0,0.0,0.0,0.0,0.0,0.0,1,0,0,0,0,0,0,0
GN080499,0.0,0.0,1.0,0.0,0.0,0.0,0.0,0.0,1,0,0,0,0,0,0,0
GCA_022080755,0.0,0.0,1.0,0.0,1.0,0.0,0.0,0.0,1,0,0,0,0,0,0,0
GN122844,0.0,1.0,0.0,1.0,0.0,0.0,0.0,0.0,1,0,0,0,0,0,0,0
GN122524,0.0,0.0,1.0,0.0,1.0,0.0,0.0,1.0,0,0,0,0,0,0,0,1
GN110733,0.0,0.0,1.0,1.0,1.0,0.0,0.0,0.0,1,0,0,0,0,0,0,0
GN121564,0.0,0.0,1.0,1.0,0.0,0.0,0.0,0.0,0,0,0,0,0,0,0,0
GN190430,0.0,1.0,0.0,1.0,0.0,0.0,0.0,1.0,1,0,0,0,0,0,0,0
GN101709,0.0,1.0,1.0,0.0,1.0,0.0,0.0,0.0,1,0,0,0,0,0,0,0
GN071257,0.0,1.0,1.0,0.0,1.0,0.0,0.0,0.0,1,0,0,0,0,0,0,0
GN090446,0.0,0.0,1.0,0.0,0.0,0.0,0.0,0.0,1,0,0,0,0,0,0,0
GN142120,0.0,0.0,1.0,1.0,0.0,0.0,0.0,1.0,1,0,0,0,0,0,0,0
GCA_022059195,0.0,1.0,1.0,1.0,1.0,0.0,0.0,0.0,1,0,0,0,0,0,0,0
GCA_022069465,0.0,0.0,1.0,0.0,1.0,0.0,0.0,0.0,1,0,0,0,0,0,0,0
GCA_022071145,0.0,0.0,1.0,0.0,1.0,0.0,0.0,0.0,1,0,0,0,0,0,0,0
GCA_022059305,0.0,0.0,1.0,0.0,1.0,0.0,0.0,0.0,1,0,0,0,0,0,0,0
GN070868,0.0,1.0,1.0,0.0,1.0,0.0,0.0,0.0,1,0,0,0,0,0,0,0
GN172758,0.0,0.0,0.0,0.0,0.0,0.0,0.0,0.0,1,0,0,0,0,0,0,0
GN121006,0.0,0.0,1.0,0.0,0.0,0.0,0.0,0.0,1,0,0,0,0,0,0,0
GN202439,0.0,1.0,1.0,0.0,1.0,0.0,0.0,0.0,1,0,0,0,0,0,0,0
GN060873,0.0,1.0,1.0,1.0,1.0,0.0,0.0,1.0,1,0,0,0,0,0,0,0
GCA_022091115,0.0,1.0,1.0,0.0,1.0,0.0,0.0,0.0,1,0,0,0,0,0,0,0
GN140820,0.0,1.0,1.0,0.0,1.0,0.0,0.0,0.0,1,0,0,0,0,0,0,0
GCA_022083775,0.0,1.0,1.0,0.0,1.0,0.0,0.0,0.0,1,0,0,0,0,0,0,0
GN202190,0.0,0.0,1.0,0.0,0.0,0.0,0.0,0.0,1,0,0,0,0,0,0,0
GN180642,0.0,1.0,1.0,0.0,1.0,0.0,0.0,1.0,1,0,0,0,0,0,0,0
GN182219,0.0,0.0,1.0,0.0,0.0,0.0,0.0,0.0,1,0,0,0,0,0,0,0
GN121015,0.0,1.0,1.0,1.0,1.0,0.0,0.0,0.0,1,0,0,0,0,0,0,0
GN110847,0.0,1.0,1.0,0.0,1.0,0.0,0.0,0.0,1,0,0,0,0,0,0,1
GN091235,0.0,0.0,1.0,1.0,0.0,0.0,0.0,0.0,1,0,0,0,0,0,0,0
GCA_022069765,0.0,0.0,1.0,0.0,1.0,0.0,0.0,0.0,1,0,0,0,0,0,0,0
GN183029,0.0,1.0,0.0,1.0,1.0,0.0,0.0,0.0,1,0,0,0,0,0,0,0
GN080408,0.0,1.0,0.0,1.0,1.0,1.0,0.0,0.0,0,0,0,0,0,0,0,1
GN122162,0.0,0.0,0.0,1.0,1.0,0.0,0.0,0.0,1,0,0,1,0,0,0,0
GN200938,0.0,1.0,1.0,1.0,1.0,0.0,0.0,0.0,1,0,0,0,0,0,0,0
GN120628,0.0,0.0,0.0,1.0,0.0,0.0,0.0,1.0,1,0,0,0,0,0,0,0
GN203587,0.0,0.0,1.0,1.0,0.0,0.0,0.0,1.0,1,0,0,0,0,0,0,0
GN150137,0.0,1.0,1.0,1.0,1.0,0.0,0.0,1.0,1,0,0,0,0,0,0,0
GCA_022082995,0.0,1.0,1.0,0.0,1.0,0.0,0.0,0.0,1,0,0,0,0,0,0,0
GCA_022091535,0.0,1.0,1.0,0.0,1.0,0.0,0.0,0.0,1,0,0,0,0,0,0,0
GN180518,0.0,1.0,1.0,0.0,1.0,0.0,0.0,0.0,1,0,0,0,0,0,0,0
GN070180,0.0,0.0,1.0,0.0,0.0,0.0,0.0,0.0,1,0,0,0,0,0,0,0
GN193416,0.0,0.0,1.0,1.0,1.0,0.0,0.0,1.0,1,0,0,0,0,0,0,0
GN181483,0.0,0.0,1.0,0.0,0.0,0.0,0.0,0.0,1,0,0,0,0,0,0,0
GCA_022075465,0.0,1.0,1.0,0.0,1.0,0.0,0.0,0.0,1,0,0,0,0,0,0,0
GN192708,0.0,1.0,1.0,1.0,1.0,0.0,0.0,0.0,1,0,0,0,0,0,0,0
GN100552,0.0,0.0,1.0,0.0,1.0,0.0,0.0,1.0,0,0,0,0,0,0,1,1
GN183191,0.0,0.0,1.0,0.0,1.0,0.0,0.0,0.0,1,0,0,0,0,0,0,0
GN171839,0.0,1.0,1.0,0.0,1.0,0.0,0.0,0.0,1,0,0,0,0,0,0,0
GN121975,0.0,1.0,1.0,0.0,1.0,0.0,0.0,0.0,1,0,0,0,0,0,0,0
GN121952,0.0,0.0,1.0,1.0,1.0,0.0,0.0,0.0,1,0,0,0,0,0,0,0
GN201404,0.0,0.0,1.0,1.0,0.0,0.0,0.0,1.0,1,0,0,0,0,0,0,0
GCA_022059715,0.0,0.0,1.0,0.0,1.0,0.0,0.0,0.0,1,0,0,0,0,0,0,0
GN165016,0.0,0.0,1.0,0.0,1.0,0.0,0.0,0.0,1,0,0,0,0,0,0,0
GN080716,0.0,1.0,1.0,0.0,0.0,0.0,0.0,1.0,1,0,0,0,0,0,0,0
GCA_022060485,0.0,0.0,1.0,1.0,0.0,0.0,0.0,0.0,1,0,0,0,0,0,0,0
GN193342,0.0,0.0,0.0,0.0,0.0,0.0,0.0,1.0,1,0,0,0,0,0,0,0
GN183244,0.0,0.0,1.0,0.0,1.0,0.0,0.0,1.0,1,0,0,0,0,0,0,0
GN122240,0.0,0.0,1.0,0.0,0.0,0.0,0.0,0.0,1,0,0,0,0,0,0,0
GN151447,0.0,0.0,1.0,0.0,0.0,0.0,0.0,0.0,1,0,0,0,0,0,0,0
GN121876,0.0,0.0,1.0,0.0,0.0,0.0,0.0,0.0,1,0,0,0,0,0,0,0
GN203580,0.0,0.0,0.0,0.0,0.0,0.0,0.0,1.0,0,0,0,0,0,0,0,0
GCA_022074025,0.0,0.0,1.0,0.0,1.0,0.0,0.0,0.0,1,0,0,0,0,0,0,0
GN183249,0.0,0.0,1.0,1.0,0.0,0.0,0.0,0.0,1,0,0,0,0,0,0,0
GN091245,0.0,1.0,1.0,0.0,1.0,0.0,0.0,0.0,1,0,0,0,0,0,0,0
GN090536,0.0,0.0,1.0,1.0,0.0,0.0,0.0,1.0,1,0,0,0,0,0,0,0
GCA_022088285,0.0,0.0,1.0,0.0,1.0,0.0,0.0,0.0,1,0,0,0,0,0,0,0
GN091009,0.0,1.0,1.0,0.0,1.0,0.0,0.0,1.0,1,0,0,0,0,0,0,0
GN193745,0.0,1.0,1.0,1.0,1.0,0.0,0.0,0.0,1,1,0,0,0,0,0,0
GN122446,0.0,0.0,1.0,1.0,0.0,0.0,0.0,1.0,1,0,0,0,0,0,0,0
GN122430,0.0,0.0,1.0,1.0,1.0,0.0,0.0,1.0,1,0,0,0,0,0,0,0
GN081083,0.0,1.0,1.0,1.0,0.0,0.0,0.0,1.0,1,0,0,0,0,0,0,0
GN181921,0.0,1.0,1.0,1.0,1.0,0.0,0.0,1.0,0,0,0,0,0,0,0,0
GN121473,0.0,1.0,1.0,0.0,1.0,0.0,0.0,0.0,1,0,0,0,0,0,0,0
GN200863,0.0,1.0,1.0,0.0,1.0,0.0,0.0,0.0,1,0,0,0,0,0,0,0
GN101486,0.0,0.0,1.0,1.0,1.0,0.0,0.0,0.0,0,0,0,0,0,0,0,1
GCA_022067065,0.0,0.0,1.0,0.0,1.0,0.0,0.0,0.0,1,0,0,0,0,0,0,0
GN193771,0.0,1.0,1.0,0.0,1.0,0.0,0.0,0.0,1,0,0,0,0,0,0,0
GN132089,0.0,0.0,1.0,0.0,1.0,0.0,0.0,0.0,1,0,0,0,0,0,0,0
GN165029,0.0,1.0,1.0,0.0,1.0,0.0,0.0,0.0,1,0,0,0,0,0,0,0
GN130666,0.0,0.0,1.0,1.0,1.0,0.0,0.0,0.0,1,0,0,0,0,0,0,0
GCA_022088445,0.0,0.0,1.0,0.0,1.0,0.0,0.0,0.0,1,0,0,0,0,0,0,0
GN131531,0.0,1.0,1.0,0.0,1.0,0.0,0.0,0.0,1,0,0,0,0,0,0,0
GN122615,0.0,0.0,0.0,1.0,0.0,0.0,0.0,0.0,1,0,0,0,0,0,0,0
GN121984,0.0,1.0,1.0,1.0,1.0,0.0,0.0,0.0,1,0,0,0,0,0,0,1
GN201385,0.0,1.0,1.0,0.0,1.0,0.0,0.0,0.0,1,0,0,0,0,0,0,0
GCA_022058405,0.0,0.0,1.0,0.0,1.0,0.0,0.0,0.0,1,0,0,0,0,0,0,0
GN130945,0.0,1.0,1.0,1.0,0.0,0.0,0.0,1.0,1,0,0,0,0,0,0,0
GN172646,0.0,1.0,1.0,0.0,1.0,0.0,0.0,0.0,1,0,0,0,0,0,0,0
GN101696,0.0,1.0,1.0,0.0,1.0,0.0,0.0,0.0,1,0,0,0,0,0,0,0
GCA_022078105,0.0,1.0,1.0,1.0,1.0,0.0,0.0,0.0,1,0,0,0,0,0,0,0
GN121466,0.0,0.0,0.0,0.0,1.0,0.0,0.0,0.0,1,0,0,0,0,0,0,0
GN060284,0.0,1.0,1.0,0.0,1.0,0.0,0.0,0.0,1,0,0,0,0,0,0,0
GN201286,0.0,0.0,1.0,0.0,0.0,0.0,0.0,0.0,1,0,0,0,0,0,0,0
GN190110,0.0,1.0,1.0,1.0,1.0,0.0,0.0,1.0,1,0,0,0,0,0,0,0
GN111432,0.0,0.0,1.0,1.0,0.0,0.0,0.0,1.0,1,0,0,0,0,0,0,0
GN110447,0.0,1.0,1.0,1.0,1.0,0.0,0.0,0.0,1,0,0,0,0,0,0,0
GN183028,0.0,0.0,1.0,1.0,0.0,0.0,0.0,1.0,1,0,0,0,0,0,0,0
GN130587,0.0,1.0,1.0,0.0,1.0,0.0,0.0,0.0,1,0,0,0,0,0,0,0
GN192105,0.0,0.0,1.0,0.0,0.0,0.0,0.0,0.0,1,0,0,0,0,0,0,0
GN131893,0.0,0.0,1.0,0.0,1.0,0.0,0.0,1.0,1,0,0,0,0,0,0,0
GN101689,0.0,1.0,1.0,0.0,1.0,0.0,0.0,0.0,1,0,0,0,0,0,0,0
GN140708,0.0,0.0,1.0,1.0,0.0,0.0,0.0,0.0,1,0,0,0,0,0,0,0
GN183227,0.0,0.0,1.0,0.0,1.0,0.0,0.0,1.0,1,0,0,0,0,0,0,0
GN201664,0.0,1.0,1.0,1.0,1.0,0.0,0.0,1.0,1,0,0,0,1,0,0,0
GN182872,0.0,1.0,1.0,1.0,1.0,0.0,0.0,0.0,1,0,0,0,0,0,0,0
GN151626,0.0,0.0,0.0,1.0,0.0,0.0,0.0,0.0,1,0,0,0,0,0,0,0
GN132358,0.0,0.0,1.0,0.0,0.0,0.0,0.0,0.0,1,0,0,0,0,0,0,0
GN201375,0.0,1.0,1.0,0.0,0.0,0.0,0.0,0.0,1,0,0,0,0,0,0,0
GCA_022059455,0.0,0.0,0.0,1.0,1.0,0.0,0.0,0.0,1,0,0,0,0,0,0,0
GN150112,0.0,0.0,0.0,0.0,0.0,0.0,0.0,0.0,1,0,0,0,0,0,0,0
GN120117,0.0,0.0,1.0,1.0,0.0,0.0,0.0,1.0,1,0,0,0,0,0,0,0
GCA_022064965,0.0,0.0,1.0,0.0,1.0,0.0,0.0,0.0,1,0,0,0,0,0,0,0
GN122505,0.0,1.0,1.0,0.0,1.0,0.0,0.0,0.0,1,0,0,0,0,0,0,0
GN101684,0.0,1.0,1.0,0.0,1.0,0.0,0.0,0.0,1,0,0,0,0,0,0,0
GCA_000694235,0.0,0.0,0.0,0.0,0.0,0.0,0.0,0.0,1,0,0,0,0,0,0,0
GCA_022085215,0.0,0.0,1.0,1.0,0.0,0.0,0.0,1.0,0,0,0,0,0,0,0,0
GN132002,0.0,1.0,1.0,0.0,1.0,0.0,0.0,0.0,1,0,0,0,0,0,0,0
GN172859,0.0,1.0,1.0,0.0,1.0,0.0,0.0,0.0,1,0,0,0,0,0,0,0
GN141320,0.0,1.0,1.0,0.0,1.0,0.0,0.0,0.0,1,0,0,0,0,0,0,0
GCA_022073705,0.0,0.0,1.0,0.0,1.0,0.0,0.0,0.0,1,0,0,0,0,0,0,0
GN165022,0.0,0.0,1.0,1.0,0.0,0.0,0.0,0.0,1,0,0,0,0,0,0,0
GCA_022060705,0.0,0.0,1.0,0.0,1.0,0.0,0.0,0.0,1,0,0,0,0,0,0,0
GN204174,0.0,1.0,1.0,0.0,0.0,0.0,0.0,0.0,1,0,0,1,0,0,0,0
GN061179,0.0,0.0,1.0,0.0,1.0,0.0,0.0,0.0,1,0,0,0,0,0,0,0
GN101687,0.0,1.0,1.0,0.0,1.0,0.0,0.0,0.0,1,0,0,0,0,0,0,0
GN110395,0.0,0.0,1.0,0.0,0.0,0.0,0.0,0.0,0,0,0,0,0,0,0,0
GN203765,0.0,0.0,1.0,0.0,0.0,0.0,0.0,0.0,1,0,0,0,0,0,0,0
GN192338,0.0,1.0,1.0,0.0,1.0,0.0,0.0,0.0,1,0,0,0,0,0,0,0
GN060477,0.0,0.0,1.0,0.0,0.0,0.0,0.0,0.0,1,0,0,0,0,0,0,0
GN110076,0.0,1.0,1.0,1.0,1.0,0.0,0.0,0.0,1,0,0,0,0,0,0,0
GCA_022089105,0.0,0.0,1.0,0.0,1.0,0.0,0.0,1.0,1,0,0,0,0,0,0,0
GN200979,0.0,1.0,0.0,1.0,1.0,0.0,0.0,0.0,1,0,0,0,0,0,0,0
GCA_022073805,0.0,0.0,1.0,0.0,1.0,0.0,0.0,0.0,0,0,0,0,0,0,0,0
GN080265,0.0,0.0,1.0,0.0,0.0,0.0,0.0,0.0,1,0,0,0,0,0,0,0
GCA_022091155,0.0,1.0,1.0,0.0,1.0,0.0,0.0,0.0,1,0,0,0,0,0,0,0
GN183243,0.0,0.0,1.0,1.0,1.0,0.0,0.0,1.0,1,0,0,0,0,0,0,0
GN121308,0.0,0.0,1.0,1.0,1.0,0.0,0.0,1.0,0,0,0,0,0,0,0,0
GN202642,0.0,0.0,1.0,1.0,0.0,0.0,0.0,0.0,1,0,0,0,0,0,0,0
GN081148,0.0,0.0,1.0,0.0,1.0,0.0,0.0,0.0,1,0,0,0,0,0,0,0
GCA_022080495,0.0,0.0,1.0,0.0,1.0,0.0,0.0,0.0,1,0,0,0,0,0,0,0
GCA_022078865,0.0,0.0,0.0,0.0,1.0,0.0,0.0,0.0,1,0,0,0,0,0,0,0
GN192228,0.0,1.0,1.0,0.0,1.0,0.0,0.0,0.0,1,0,0,0,0,0,0,0
GCA_022071325,0.0,1.0,0.0,0.0,1.0,0.0,0.0,0.0,1,0,0,0,0,0,0,0
GN130358,0.0,0.0,1.0,0.0,0.0,0.0,0.0,0.0,1,0,0,0,0,0,0,0
GN131353,0.0,1.0,1.0,0.0,1.0,0.0,0.0,0.0,1,0,0,0,0,0,0,0
GN101361,0.0,1.0,1.0,0.0,1.0,0.0,0.0,1.0,1,0,0,0,0,0,0,0
GN200960,0.0,0.0,1.0,1.0,1.0,0.0,0.0,0.0,1,0,0,0,0,0,0,0
GN130388,0.0,0.0,1.0,0.0,0.0,0.0,0.0,0.0,1,0,0,0,0,0,0,0
GN181468,0.0,0.0,1.0,1.0,0.0,0.0,0.0,1.0,1,0,0,0,0,0,0,0
GN190606,0.0,0.0,1.0,1.0,0.0,0.0,0.0,1.0,0,0,0,0,0,0,0,0
GN120427,0.0,1.0,1.0,0.0,0.0,0.0,0.0,0.0,1,0,0,0,0,0,0,0
GN190801,0.0,1.0,1.0,1.0,1.0,0.0,0.0,1.0,1,0,0,0,0,0,0,0
GN201568,0.0,0.0,0.0,0.0,0.0,0.0,0.0,0.0,1,0,0,0,0,0,0,0
GN120989,0.0,1.0,1.0,0.0,1.0,0.0,0.0,0.0,1,0,0,0,0,0,0,0
GN142471,0.0,0.0,1.0,1.0,1.0,0.0,0.0,0.0,1,0,0,0,0,0,0,1
GN181108,0.0,0.0,0.0,1.0,1.0,0.0,0.0,0.0,1,0,0,0,0,0,0,0
GN140485,0.0,1.0,1.0,1.0,1.0,0.0,0.0,0.0,1,0,0,0,0,0,0,0
GN165012,0.0,0.0,1.0,0.0,1.0,0.0,0.0,0.0,1,0,0,0,0,0,0,0
GN120571,0.0,0.0,1.0,1.0,0.0,0.0,0.0,0.0,1,0,0,0,0,0,0,0
GN200920,0.0,0.0,1.0,1.0,0.0,0.0,0.0,0.0,1,0,0,0,0,0,0,0
GN201606,0.0,0.0,1.0,1.0,1.0,0.0,0.0,1.0,1,0,0,0,0,0,0,0
GN080560,0.0,1.0,1.0,0.0,1.0,0.0,0.0,0.0,1,0,0,0,0,0,0,0
GN131411,0.0,1.0,0.0,1.0,0.0,0.0,0.0,0.0,0,0,0,0,0,0,1,1
GN101241,0.0,0.0,1.0,0.0,1.0,0.0,0.0,0.0,1,0,0,0,0,0,0,0
GN121044,0.0,0.0,1.0,1.0,0.0,0.0,0.0,1.0,1,0,0,0,0,0,0,0
GCA_022086225,0.0,0.0,1.0,0.0,1.0,0.0,0.0,0.0,1,0,0,0,0,0,0,0
GN183261,0.0,1.0,0.0,1.0,1.0,0.0,0.0,0.0,1,0,0,0,0,0,0,1
GN172382,0.0,1.0,1.0,1.0,1.0,0.0,0.0,0.0,1,0,0,0,0,0,0,0
GN191038,0.0,0.0,0.0,0.0,1.0,0.0,0.0,1.0,1,0,0,0,0,0,0,1
GCA_022063525,0.0,1.0,1.0,1.0,1.0,0.0,0.0,0.0,1,0,0,0,0,0,0,0
