,parC_1~~~parC_3~~~parC~~~parC_2_239_G->T,group_258_534_C->G,gyrA_1~~~gyrA~~~gyrA_2_248_C->T,group_12332_178_G->A,group_5989_818_A->G,label,amr_sul1_5-cluster1,amr_sul1_5-cluster3,group_9102,group_12661,ecoRIIR,amr_dfrA12-cluster1,xerC_3~~~xerD_3~~~xerC_6~~~xerC_5~~~xerC_2~~~xerC_9~~~xerC_1~~~xerC_4~~~xerC_7~~~xerD_2,amr_sul2_2-cluster1
GN131221,0.0,0.0,0.0,0.0,1.0,1,1,0,1,1,0,0,0,0
GN132247,0.0,0.0,0.0,0.0,1.0,1,0,0,0,1,1,0,0,1
GCA_022084795,1.0,0.0,1.0,0.0,1.0,1,0,0,0,0,1,0,1,0
GN101700,1.0,0.0,1.0,0.0,1.0,1,1,0,1,0,0,0,1,1
GN192724,1.0,0.0,1.0,0.0,1.0,1,1,0,0,0,1,0,1,0
GN131736,0.0,0.0,0.0,0.0,0.0,1,1,0,1,1,0,0,0,0
GN120794,0.0,0.0,0.0,0.0,0.0,1,1,0,1,1,0,0,0,1
GN201715,0.0,0.0,0.0,0.0,1.0,0,1,0,1,0,0,0,1,1
GN080837,1.0,0.0,1.0,0.0,1.0,0,1,0,0,0,0,0,0,0
GN100140,1.0,0.0,1.0,0.0,1.0,1,0,0,0,0,0,0,0,1
GN101478,0.0,0.0,0.0,0.0,1.0,1,1,0,0,1,0,0,1,1
GN130424,0.0,0.0,0.0,0.0,1.0,1,1,0,1,1,0,0,0,0
GN181926,0.0,0.0,0.0,0.0,1.0,1,1,0,1,0,0,0,0,1
GN110274,1.0,0.0,1.0,0.0,1.0,1,1,0,0,1,0,0,1,1
GN132134,0.0,0.0,0.0,0.0,0.0,0,0,0,0,0,0,0,0,0
GN120585,0.0,0.0,0.0,0.0,1.0,0,0,0,0,0,0,0,0,0
GN131273,0.0,0.0,0.0,0.0,1.0,1,1,0,1,1,0,0,0,1
GN130024,1.0,0.0,1.0,0.0,1.0,0,0,0,1,0,0,0,0,0
GCA_022067085,0.0,0.0,0.0,0.0,1.0,1,0,0,0,0,0,0,1,1
GN121600,0.0,0.0,0.0,0.0,0.0,0,0,0,0,0,0,0,0,0
GN081154,0.0,0.0,0.0,0.0,1.0,0,0,0,0,0,0,0,0,0
GN173190,0.0,0.0,0.0,0.0,1.0,1,0,0,0,0,1,0,1,1
GN121434,0.0,0.0,0.0,0.0,1.0,1,0,0,0,0,0,0,0,0
GN182201,1.0,0.0,1.0,0.0,1.0,1,0,0,1,1,0,0,1,1
GN203464,0.0,0.0,0.0,0.0,1.0,1,1,0,0,0,1,0,0,0
GN201432,0.0,0.0,0.0,0.0,1.0,1,0,0,0,0,0,0,0,0
GCA_022082675,1.0,0.0,1.0,0.0,1.0,1,0,0,0,0,0,0,0,1
GN120903,0.0,0.0,0.0,0.0,1.0,1,1,0,1,1,0,0,0,0
GCA_022073585,1.0,0.0,1.0,0.0,1.0,1,1,1,0,0,0,1,1,0
GCA_022085685,1.0,0.0,1.0,0.0,1.0,1,0,0,0,0,0,0,1,0
GCA_022086065,1.0,0.0,1.0,0.0,1.0,1,1,0,0,0,0,1,1,0
GN191042,0.0,0.0,0.0,0.0,1.0,0,0,0,0,0,0,0,0,0
GCA_022076165,1.0,0.0,1.0,0.0,1.0,1,1,1,0,0,0,1,1,0
GN101092,0.0,0.0,0.0,0.0,0.0,1,1,0,1,0,0,0,1,0
GCA_000567545,1.0,0.0,1.0,0.0,1.0,1,1,0,0,0,0,1,1,0
GCA_022089655,1.0,0.0,1.0,0.0,1.0,1,1,0,0,0,0,1,1,0
GCA_022064785,1.0,0.0,1.0,0.0,1.0,1,0,0,0,0,1,0,1,0
GCA_022058785,1.0,1.0,1.0,1.0,1.0,1,1,0,0,0,0,1,1,0
GN181211,0.0,0.0,0.0,0.0,1.0,1,1,0,1,0,0,0,1,0
GN142469,0.0,0.0,0.0,0.0,1.0,1,1,0,0,0,0,0,1,0
GN201310,1.0,0.0,1.0,0.0,1.0,0,0,0,1,1,0,0,0,1
GCA_022085315,0.0,0.0,0.0,0.0,1.0,1,0,0,0,0,1,0,1,1
GCA_022059615,1.0,0.0,1.0,0.0,1.0,1,0,0,0,0,1,0,1,1
GN202439,1.0,0.0,1.0,0.0,1.0,1,0,0,1,1,0,0,1,1
GCA_022079475,1.0,0.0,1.0,0.0,1.0,1,1,0,0,0,0,1,1,0
GN122604,0.0,0.0,0.0,0.0,1.0,0,0,0,0,0,0,0,0,0
GN165010,0.0,0.0,0.0,0.0,0.0,0,0,0,0,0,0,0,0,0
GCA_022064805,0.0,0.0,0.0,0.0,1.0,1,0,0,0,0,1,0,1,1
GN100664,0.0,0.0,0.0,0.0,1.0,0,0,0,0,0,0,0,0,0
GN190474,0.0,0.0,0.0,0.0,1.0,1,1,0,0,0,0,0,0,0
GN101709,0.0,0.0,0.0,0.0,1.0,1,0,0,1,0,0,0,0,0
GCA_022070965,1.0,0.0,1.0,0.0,1.0,1,1,0,0,0,0,0,1,1
GCA_022066695,1.0,0.0,1.0,0.0,1.0,1,0,0,0,0,1,0,1,0
GN071209,1.0,0.0,1.0,0.0,1.0,1,0,0,0,0,0,0,1,1
GN193571,0.0,0.0,0.0,0.0,0.0,1,1,0,1,0,0,0,1,0
GCA_022059815,1.0,0.0,0.0,0.0,1.0,1,0,0,0,0,1,0,0,1
GN101685,0.0,0.0,0.0,0.0,1.0,0,0,0,0,0,0,0,0,0
GN121024,1.0,0.0,1.0,0.0,1.0,0,0,0,0,0,0,0,0,0
GN121812,1.0,0.0,1.0,0.0,1.0,1,1,0,0,0,0,1,1,1
GN150556,0.0,0.0,0.0,0.0,1.0,1,0,0,1,1,0,0,0,1
GN090857,1.0,0.0,1.0,0.0,1.0,1,1,0,1,0,0,1,1,0
GN180339,0.0,0.0,0.0,0.0,0.0,0,0,0,0,0,0,0,0,0
GN165007,0.0,0.0,0.0,0.0,0.0,1,0,0,0,0,0,0,0,0
GN151260,0.0,0.0,0.0,0.0,0.0,0,0,0,0,0,0,0,0,0
GN091236,1.0,0.0,1.0,0.0,1.0,1,1,0,0,0,0,0,0,1
GN122831,1.0,0.0,1.0,0.0,1.0,1,1,0,1,0,0,1,1,1
GN203992,0.0,0.0,0.0,0.0,0.0,1,0,0,0,0,0,0,0,0
GCA_022060545,1.0,0.0,1.0,0.0,1.0,0,0,0,0,0,1,0,1,0
GCA_022066825,0.0,0.0,0.0,0.0,1.0,1,1,0,1,1,0,0,0,1
GN165035,0.0,0.0,0.0,0.0,0.0,1,0,0,1,1,0,0,0,1
GCA_022061725,1.0,0.0,1.0,0.0,1.0,1,0,0,1,0,0,0,0,1
GN130437,0.0,0.0,0.0,0.0,1.0,0,0,0,0,0,0,0,0,0
GN193735,0.0,0.0,0.0,0.0,1.0,1,1,0,0,0,0,0,0,0
GCA_022074725,1.0,0.0,1.0,0.0,1.0,1,0,0,0,0,0,0,1,1
GN200963,0.0,0.0,0.0,0.0,1.0,1,1,0,1,1,0,0,0,0
GN182010,0.0,0.0,0.0,0.0,1.0,1,1,0,1,0,0,0,1,1
GN140155,0.0,0.0,0.0,0.0,0.0,0,0,0,0,0,0,0,0,0
GN182866,0.0,0.0,0.0,0.0,1.0,1,1,0,1,1,0,0,0,0
GN110545,0.0,0.0,0.0,0.0,1.0,0,0,0,0,0,0,0,0,0
GN180133,0.0,0.0,0.0,0.0,1.0,0,0,0,0,0,0,0,0,0
GCA_022075805,1.0,1.0,1.0,1.0,1.0,1,0,0,0,0,0,0,0,0
GN120841,0.0,0.0,0.0,0.0,1.0,1,1,0,1,0,0,0,1,1
GN110619,0.0,0.0,0.0,0.0,1.0,0,0,0,0,0,0,0,0,0
GN080095,0.0,0.0,0.0,0.0,1.0,0,0,0,0,0,0,0,0,0
GN110949,1.0,0.0,1.0,0.0,1.0,0,0,0,1,0,0,0,0,0
GN204084,0.0,0.0,0.0,0.0,1.0,1,1,0,0,1,0,1,1,1
GN201101,0.0,0.0,0.0,0.0,1.0,1,0,0,1,0,0,1,1,0
GN201406,1.0,0.0,1.0,0.0,1.0,1,1,0,0,0,0,0,1,0
GN203271,0.0,0.0,0.0,0.0,1.0,1,1,0,0,0,0,0,0,0
GN080546,0.0,0.0,0.0,0.0,0.0,1,1,0,1,1,0,0,0,1
GN165019,0.0,0.0,0.0,0.0,1.0,0,0,0,0,0,0,0,0,0
GN121521,0.0,0.0,0.0,0.0,0.0,0,0,0,0,0,0,0,0,0
GN080543,0.0,0.0,0.0,0.0,0.0,0,0,0,0,0,0,0,0,0
GN203605,0.0,0.0,0.0,0.0,0.0,0,0,0,0,0,0,0,0,0
GCA_022085925,1.0,0.0,1.0,0.0,1.0,1,1,1,0,0,0,1,0,0
GN190109,0.0,0.0,0.0,0.0,1.0,0,0,0,0,0,0,0,0,0
GN130113,0.0,0.0,0.0,0.0,0.0,0,0,0,0,0,0,0,0,0
GN132294,0.0,0.0,0.0,0.0,1.0,1,0,0,0,0,0,0,0,0
GN192722,1.0,0.0,1.0,0.0,1.0,1,1,0,1,0,1,1,1,0
GN122729,0.0,0.0,0.0,0.0,1.0,1,1,0,1,1,0,0,0,0
GN203324,1.0,0.0,1.0,0.0,1.0,0,0,0,0,0,0,0,0,0
GCA_022072865,1.0,0.0,1.0,0.0,1.0,1,1,0,1,0,0,0,1,1
GCA_022074925,1.0,0.0,1.0,0.0,1.0,1,1,1,0,0,0,1,1,0
GN122572,0.0,0.0,0.0,0.0,1.0,1,0,0,0,1,1,0,1,0
GN111432,0.0,0.0,0.0,0.0,0.0,0,0,0,0,0,0,0,0,0
GN090791,1.0,0.0,1.0,0.0,1.0,1,1,0,0,0,0,0,1,0
GN110076,0.0,0.0,0.0,0.0,1.0,1,1,0,1,0,0,1,1,0
GCA_022091195,1.0,0.0,1.0,0.0,1.0,1,0,0,0,0,0,0,1,0
GN080549,1.0,0.0,1.0,0.0,1.0,1,1,0,1,0,0,1,1,0
GCA_022071185,0.0,0.0,1.0,0.0,1.0,1,1,0,0,0,0,1,1,0
GCA_022091235,1.0,0.0,1.0,0.0,1.0,1,0,0,0,0,1,0,1,1
GN183271,0.0,0.0,0.0,0.0,1.0,0,0,0,0,0,0,0,0,0
GN121952,0.0,0.0,0.0,0.0,1.0,0,0,0,0,0,0,0,0,0
GN140687,0.0,0.0,0.0,0.0,1.0,0,0,0,0,0,0,0,0,0
GN132263,0.0,0.0,0.0,0.0,1.0,1,0,0,0,1,1,0,0,1
GCA_022081175,1.0,0.0,1.0,0.0,1.0,0,0,0,0,0,1,0,0,0
GCA_022076945,0.0,0.0,1.0,0.0,1.0,1,1,0,0,0,0,1,1,0
GCA_022065305,0.0,0.0,1.0,0.0,1.0,0,0,0,0,0,0,0,0,0
GN080545,1.0,0.0,1.0,0.0,1.0,1,1,0,0,0,0,0,1,0
GCA_022058365,1.0,0.0,1.0,0.0,1.0,1,0,0,0,0,0,1,1,0
GCA_022062345,1.0,1.0,1.0,1.0,1.0,0,0,0,0,0,0,0,0,0
GN122529,0.0,0.0,0.0,0.0,0.0,0,0,0,0,0,0,0,0,0
GN132239,1.0,0.0,1.0,0.0,1.0,1,1,0,0,1,1,0,1,0
GN191810,0.0,0.0,1.0,0.0,1.0,1,1,0,0,0,1,0,0,1
GN172531,1.0,0.0,1.0,0.0,1.0,0,0,0,0,0,0,0,0,0
GN110601,0.0,0.0,0.0,0.0,1.0,1,1,0,1,1,0,0,0,1
GN182876,0.0,0.0,0.0,0.0,1.0,1,1,0,1,0,0,0,1,1
GCA_022089535,0.0,0.0,1.0,0.0,1.0,1,1,0,0,0,0,1,1,0
GN131348,0.0,0.0,0.0,0.0,1.0,0,0,0,0,0,0,0,0,0
GN201462,1.0,0.0,1.0,0.0,1.0,0,0,0,0,0,0,0,0,0
GN130484,0.0,0.0,0.0,0.0,0.0,0,0,0,0,0,0,0,0,0
GCA_000694315,1.0,0.0,1.0,0.0,1.0,1,1,0,0,0,0,0,0,1
GN121305,1.0,0.0,1.0,0.0,1.0,0,1,0,0,0,0,0,0,0
GCA_000693975,1.0,0.0,1.0,0.0,1.0,1,1,0,0,0,0,0,0,1
GCA_000694175,1.0,0.0,1.0,0.0,1.0,1,1,0,0,0,1,0,0,1
GN192458,0.0,0.0,0.0,0.0,1.0,0,0,0,0,0,0,0,0,0
GN110812,0.0,0.0,0.0,0.0,1.0,1,0,1,0,0,0,0,0,0
GN061215,1.0,0.0,1.0,0.0,1.0,1,1,0,0,0,0,0,1,1
GN201877,1.0,0.0,1.0,0.0,1.0,1,1,0,1,0,0,0,1,1
GN141021,0.0,0.0,0.0,0.0,0.0,0,0,0,0,0,0,0,0,0
GN070774,1.0,0.0,1.0,0.0,1.0,1,0,1,1,0,0,0,0,0
GN200997,1.0,0.0,1.0,0.0,1.0,1,0,0,0,1,0,0,1,1
GN203840,0.0,0.0,0.0,0.0,0.0,1,0,0,1,1,0,0,0,0
GN131088,1.0,0.0,1.0,0.0,1.0,0,1,0,0,0,0,0,0,0
GCA_022076145,1.0,0.0,1.0,0.0,1.0,1,1,1,0,0,0,1,0,0
GN191624,1.0,0.0,1.0,0.0,1.0,0,0,0,1,0,0,0,0,0
GCA_022063825,1.0,0.0,1.0,0.0,1.0,1,0,1,0,0,0,1,0,0
GN131532,1.0,0.0,1.0,0.0,1.0,1,1,0,0,0,0,0,1,1
GN122261,1.0,0.0,1.0,0.0,1.0,1,1,0,0,0,1,0,1,1
GCA_022084775,1.0,0.0,1.0,0.0,1.0,0,0,0,0,0,0,0,1,0
GN080964,0.0,0.0,0.0,0.0,1.0,1,0,0,0,1,0,0,1,1
GN203467,0.0,0.0,0.0,0.0,1.0,1,1,0,1,0,0,0,1,1
GN203765,1.0,0.0,1.0,0.0,1.0,1,1,0,1,0,0,1,1,1
GN203529,1.0,0.0,1.0,0.0,1.0,1,1,0,1,0,0,0,1,1
GN100930,1.0,0.0,1.0,0.0,1.0,1,1,0,1,0,0,1,1,0
GCA_000694295,1.0,0.0,1.0,0.0,1.0,1,1,0,0,0,0,0,0,1
GCA_022089085,0.0,0.0,0.0,0.0,1.0,1,0,0,0,0,1,0,1,1
GN150044,0.0,0.0,0.0,0.0,1.0,1,1,0,0,0,0,0,1,0
GCA_022061705,1.0,0.0,1.0,0.0,1.0,1,1,0,1,0,0,0,1,0
GCA_022071625,0.0,0.0,1.0,0.0,1.0,0,0,0,0,0,0,0,0,0
GN193722,0.0,0.0,0.0,0.0,1.0,1,1,0,1,1,0,0,0,1
GN200938,0.0,0.0,0.0,0.0,1.0,1,0,0,0,0,0,0,0,0
GN121576,0.0,0.0,0.0,0.0,1.0,0,0,0,0,0,0,0,0,0
GN131117,0.0,0.0,0.0,0.0,0.0,1,1,0,1,1,0,0,0,0
GN100668,0.0,0.0,0.0,0.0,0.0,1,0,0,0,0,0,0,0,0
GN122564,0.0,0.0,0.0,0.0,0.0,0,0,0,0,0,0,0,0,0
GCA_022059105,1.0,0.0,1.0,0.0,1.0,1,0,0,1,0,0,0,1,1
GN120746,1.0,0.0,1.0,0.0,1.0,1,1,0,1,0,0,1,1,0
GN091552,0.0,0.0,0.0,0.0,1.0,1,0,0,0,0,0,0,1,1
GCA_022078245,1.0,0.0,1.0,0.0,1.0,1,0,0,0,0,1,0,1,1
GN181204,0.0,0.0,0.0,0.0,1.0,0,0,0,1,0,0,0,0,1
GN172867,1.0,0.0,1.0,0.0,1.0,1,1,0,1,0,0,0,0,0
GN200794,0.0,0.0,0.0,0.0,1.0,1,0,0,0,0,0,0,0,0
GN192079,1.0,0.0,1.0,0.0,1.0,1,1,0,1,0,0,1,1,1
GN122854,0.0,0.0,0.0,0.0,1.0,0,0,0,0,0,0,0,0,0
GN140469,0.0,0.0,0.0,0.0,0.0,0,0,0,0,0,0,0,0,0
GN141646,0.0,0.0,0.0,0.0,1.0,0,0,0,0,0,0,0,0,0
GCA_022076205,1.0,0.0,1.0,0.0,1.0,1,1,1,0,0,0,1,0,0
GN090898,0.0,0.0,0.0,0.0,0.0,0,0,0,0,0,0,0,0,0
GN121984,0.0,0.0,0.0,0.0,1.0,0,0,0,0,0,0,0,0,0
GCA_000694335,1.0,0.0,1.0,0.0,1.0,1,1,0,0,0,0,0,0,1
GN131166,0.0,0.0,0.0,0.0,0.0,0,0,0,0,0,0,0,0,0
GN192325,0.0,0.0,0.0,0.0,1.0,1,1,0,0,0,0,0,0,0
GN193724,0.0,0.0,0.0,0.0,1.0,1,0,0,0,0,0,0,0,0
GCA_022073225,0.0,0.0,0.0,0.0,1.0,1,0,0,0,0,1,0,1,1
GN101082,1.0,0.0,1.0,0.0,1.0,1,1,0,0,0,0,0,1,1
GN165031,0.0,0.0,0.0,0.0,1.0,1,0,0,1,0,1,0,1,1
GCA_000693615,1.0,0.0,1.0,0.0,1.0,1,0,1,0,0,1,0,0,1
GN171839,1.0,0.0,0.0,0.0,1.0,1,1,1,1,1,0,1,1,1
GN183227,0.0,0.0,0.0,0.0,1.0,1,1,1,1,0,0,0,1,1
GN183491,1.0,0.0,1.0,0.0,1.0,1,1,1,1,0,1,1,1,1
GCF_001875025,1.0,0.0,1.0,0.0,1.0,1,0,0,0,0,1,0,0,1
GN151823,0.0,0.0,0.0,0.0,0.0,0,0,0,0,0,0,0,0,0
GCA_022077365,1.0,0.0,1.0,0.0,1.0,1,0,0,0,0,1,0,1,1
GN173191,0.0,0.0,0.0,0.0,1.0,1,1,0,1,0,0,0,0,0
GN200783,0.0,0.0,0.0,0.0,1.0,1,0,0,1,1,0,0,0,0
GCA_022081795,1.0,0.0,1.0,0.0,1.0,1,0,0,0,0,0,0,1,0
GN101241,0.0,0.0,0.0,0.0,1.0,1,1,0,0,0,0,1,1,0
GCA_022079045,1.0,0.0,1.0,0.0,1.0,1,1,0,0,0,0,1,1,0
GN181704,0.0,0.0,0.0,0.0,1.0,0,0,0,0,0,0,0,0,0
GN202557,0.0,0.0,0.0,0.0,1.0,1,1,0,1,0,0,0,1,0
GN071376,1.0,0.0,1.0,0.0,1.0,1,1,0,1,0,0,1,1,0
GCA_022064365,1.0,0.0,1.0,0.0,1.0,1,0,0,0,0,1,0,1,0
GN191634,0.0,0.0,0.0,0.0,1.0,0,0,0,0,1,0,0,0,0
GN171310,0.0,0.0,0.0,0.0,0.0,0,0,0,0,0,0,0,0,0
GCA_022079495,1.0,0.0,1.0,0.0,1.0,1,0,0,0,0,1,0,1,1
GN200992,1.0,0.0,1.0,0.0,1.0,0,0,0,0,0,0,0,0,0
GCF_001874875,1.0,0.0,1.0,0.0,1.0,1,1,0,1,0,1,1,1,1
GN202642,1.0,0.0,1.0,0.0,1.0,1,1,0,0,0,1,0,1,0
GN130586,0.0,0.0,0.0,0.0,0.0,1,0,0,0,0,0,0,0,0
GCA_022079755,0.0,0.0,0.0,0.0,1.0,1,0,0,1,0,1,0,1,1
GN140164,1.0,0.0,1.0,0.0,1.0,1,1,0,0,0,0,0,0,0
GN122561,0.0,0.0,0.0,0.0,0.0,0,0,0,0,0,0,0,0,0
GCA_022077065,1.0,0.0,1.0,0.0,1.0,1,0,0,0,0,0,0,1,1
GN110543,0.0,0.0,0.0,0.0,1.0,1,1,0,1,1,0,0,0,1
GN200865,1.0,0.0,1.0,0.0,1.0,1,1,0,0,0,0,1,1,0
GN071381,0.0,0.0,0.0,0.0,1.0,0,0,0,0,0,0,0,0,0
GN181932,1.0,0.0,1.0,0.0,1.0,0,1,0,0,0,0,0,0,0
GN122868,0.0,0.0,0.0,0.0,1.0,0,0,0,0,0,0,0,0,0
GCA_022089255,1.0,0.0,1.0,0.0,1.0,1,0,0,0,0,1,0,1,1
GCA_022081995,1.0,0.0,1.0,0.0,1.0,1,1,1,0,0,0,1,0,0
GCA_022082395,0.0,0.0,0.0,0.0,0.0,1,0,0,0,0,1,0,1,1
GCA_022066565,1.0,1.0,1.0,1.0,0.0,1,1,0,1,0,0,0,0,1
GN120473,0.0,0.0,0.0,0.0,1.0,0,0,0,0,0,0,0,0,0
GN100310,0.0,0.0,0.0,0.0,0.0,0,1,0,0,0,0,0,0,0
GN131195,0.0,0.0,0.0,0.0,0.0,0,0,0,0,0,0,0,0,0
GN172544,0.0,0.0,0.0,0.0,0.0,0,0,0,0,0,0,0,0,0
GCA_022058385,1.0,0.0,1.0,0.0,1.0,1,0,0,0,0,0,0,1,1
GN100635,1.0,0.0,1.0,0.0,1.0,1,1,0,1,0,0,0,1,1
GCA_022061485,1.0,0.0,1.0,0.0,1.0,1,0,0,0,0,1,0,1,1
GN200902,0.0,0.0,0.0,0.0,1.0,1,1,0,1,1,0,0,0,1
GN110025,1.0,0.0,1.0,0.0,1.0,1,1,0,1,0,0,0,0,0
GCA_022062125,0.0,0.0,0.0,0.0,1.0,1,0,1,0,1,0,0,0,1
GN122851,0.0,0.0,0.0,0.0,0.0,0,0,0,0,0,0,0,0,0
GN120843,0.0,0.0,0.0,0.0,1.0,1,1,0,1,1,0,0,0,1
GN131411,0.0,0.0,0.0,0.0,1.0,0,0,0,0,0,0,0,0,0
GN183597,1.0,0.0,1.0,0.0,1.0,1,1,0,0,0,0,1,1,0
GN201385,1.0,0.0,1.0,0.0,1.0,1,1,0,0,0,0,0,0,0
GCA_022064645,0.0,0.0,0.0,0.0,0.0,0,0,0,0,1,0,0,1,0
GCA_022061445,1.0,0.0,1.0,0.0,1.0,1,1,0,0,0,0,0,0,0
GN192317,1.0,0.0,1.0,0.0,1.0,1,1,0,1,0,0,0,1,0
GN080030,0.0,0.0,0.0,0.0,1.0,1,0,0,0,0,0,0,0,0
GCA_022066605,1.0,1.0,1.0,1.0,1.0,0,0,0,0,0,0,0,0,0
GN190407,0.0,0.0,0.0,0.0,0.0,1,1,0,1,0,0,0,1,1
GN182219,0.0,0.0,0.0,0.0,1.0,1,1,0,1,0,0,0,1,0
GN190406,0.0,0.0,0.0,0.0,1.0,1,1,0,1,1,0,0,0,0
GN081073,0.0,0.0,0.0,0.0,1.0,0,0,0,0,0,0,0,0,0
GN201222,1.0,0.0,1.0,0.0,1.0,1,0,0,0,0,1,0,1,1
GCA_022088045,1.0,0.0,1.0,0.0,1.0,1,0,0,0,0,1,0,0,0
GN131620,0.0,0.0,0.0,0.0,1.0,1,0,0,0,0,0,0,0,0
GN191649,0.0,0.0,0.0,0.0,1.0,0,0,0,1,0,0,0,0,0
GN071084,0.0,0.0,0.0,0.0,0.0,0,0,0,0,0,0,0,0,0
GN132085,0.0,0.0,0.0,0.0,1.0,1,1,0,0,0,0,0,1,1
GN101479,1.0,0.0,1.0,0.0,1.0,0,1,0,0,0,0,0,0,0
GN180681,1.0,0.0,1.0,0.0,1.0,1,1,0,0,0,0,1,1,0
GCA_022063785,1.0,0.0,1.0,0.0,1.0,1,0,0,0,0,1,0,1,1
GN100426,1.0,0.0,1.0,0.0,1.0,1,1,0,1,1,0,1,0,1
GN181681,1.0,0.0,1.0,0.0,1.0,0,0,0,0,0,0,0,0,0
GCF_001875045,1.0,0.0,1.0,0.0,1.0,1,1,0,0,0,0,1,1,0
GN192386,1.0,0.0,1.0,0.0,1.0,1,0,0,1,0,1,0,1,1
GCA_022062945,0.0,0.0,0.0,0.0,1.0,1,1,1,0,0,0,0,1,0
GN203358,0.0,0.0,0.0,0.0,1.0,1,1,0,0,0,0,1,1,0
GN132534,1.0,0.0,1.0,0.0,1.0,1,1,0,0,0,0,0,1,0
GN130520,0.0,0.0,0.0,0.0,1.0,1,0,0,0,1,0,0,1,1
GN201372,0.0,0.0,0.0,0.0,1.0,0,0,0,0,0,0,0,0,0
GN100142,0.0,0.0,0.0,0.0,1.0,1,1,0,1,1,0,0,0,1
GN120358,0.0,0.0,0.0,0.0,1.0,1,0,0,0,1,0,0,1,1
GN160965,0.0,0.0,0.0,0.0,1.0,0,0,0,0,0,0,0,0,0
GCA_022066805,1.0,0.0,1.0,0.0,1.0,1,1,0,0,0,0,1,1,0
GN173179,0.0,0.0,0.0,0.0,1.0,1,1,0,0,0,0,0,0,0
GN100670,1.0,0.0,1.0,0.0,1.0,1,1,0,1,0,0,1,1,0
GN142467,0.0,0.0,0.0,0.0,1.0,1,1,0,1,1,0,0,0,1
GN090899,0.0,0.0,0.0,0.0,1.0,1,1,0,1,0,0,0,1,0
GN183206,1.0,0.0,1.0,0.0,1.0,1,1,0,1,0,0,1,1,1
GN150533,0.0,0.0,0.0,0.0,1.0,0,0,0,1,0,0,0,0,0
GCA_022115135,0.0,0.0,1.0,0.0,1.0,1,1,0,1,0,0,1,1,0
GCA_022074245,1.0,0.0,1.0,0.0,1.0,1,1,1,0,0,0,1,0,0
GCA_022081535,1.0,1.0,1.0,1.0,0.0,0,0,0,0,0,0,0,0,0
GCA_022086635,1.0,0.0,1.0,0.0,1.0,1,1,0,0,0,0,0,0,0
GN132358,1.0,0.0,1.0,0.0,0.0,1,1,0,1,0,0,1,1,1
GN181108,0.0,0.0,0.0,0.0,1.0,1,0,0,1,0,0,0,0,0
GCA_022069525,0.0,0.0,0.0,0.0,1.0,1,1,0,0,1,0,1,1,1
GN122557,1.0,0.0,1.0,0.0,1.0,1,0,0,0,0,0,0,1,0
GCA_022076345,1.0,0.0,1.0,0.0,1.0,1,0,0,0,0,1,0,1,1
GCA_022082975,1.0,0.0,1.0,0.0,1.0,1,0,0,0,0,0,0,1,0
GCA_022079435,1.0,0.0,1.0,0.0,1.0,1,0,0,0,0,0,0,1,1
GN120664,0.0,0.0,0.0,0.0,1.0,0,0,0,0,0,0,0,0,0
GN203682,0.0,0.0,0.0,0.0,0.0,1,0,0,1,0,1,0,1,1
GN101093,0.0,0.0,0.0,0.0,1.0,0,0,0,0,0,0,0,0,0
GN141606,0.0,0.0,0.0,0.0,0.0,1,1,0,0,0,0,0,1,0
GN131799,0.0,0.0,0.0,0.0,0.0,0,0,0,0,0,0,0,0,0
GN190145,0.0,0.0,0.0,0.0,1.0,1,1,0,1,0,0,0,0,1
GN120461,1.0,0.0,1.0,0.0,1.0,1,1,0,0,0,0,0,0,1
GN192441,0.0,0.0,0.0,0.0,1.0,0,0,0,1,0,0,0,0,1
GCA_022078265,0.0,0.0,0.0,0.0,0.0,1,0,0,0,0,1,0,1,0
GN172844,0.0,0.0,0.0,0.0,1.0,1,1,0,1,0,0,0,0,1
GN173038,0.0,0.0,0.0,0.0,1.0,1,1,0,1,0,0,0,1,0
GN130593,1.0,0.0,1.0,0.0,1.0,1,0,0,0,0,0,1,1,0
GCA_000694395,1.0,0.0,1.0,0.0,1.0,1,1,0,0,0,1,1,1,1
GN090336,0.0,0.0,0.0,0.0,0.0,0,0,0,0,0,0,0,0,0
GN122659,1.0,0.0,1.0,0.0,1.0,1,1,0,0,0,0,1,1,0
GCA_022087225,1.0,0.0,1.0,0.0,1.0,1,1,1,1,0,0,0,0,1
GCA_022077385,1.0,0.0,1.0,0.0,1.0,1,0,0,0,0,1,0,1,1
GN201248,0.0,0.0,1.0,0.0,1.0,1,1,0,1,0,0,0,1,1
GN182423,0.0,0.0,0.0,0.0,1.0,1,1,0,1,0,0,0,1,0
GN091454,0.0,0.0,0.0,0.0,1.0,1,0,0,1,0,0,1,1,1
GCA_022089315,1.0,0.0,1.0,0.0,1.0,1,0,0,0,0,1,0,1,1
GN201286,1.0,0.0,1.0,0.0,1.0,0,0,0,1,0,0,0,0,0
GN183272,0.0,0.0,0.0,0.0,1.0,0,0,0,0,0,0,0,0,0
GN110852,0.0,0.0,0.0,0.0,1.0,0,0,0,0,0,0,0,0,0
GCA_002192315,0.0,0.0,0.0,0.0,1.0,1,1,0,0,0,0,0,1,0
GN121084,0.0,0.0,0.0,0.0,1.0,1,1,0,0,0,0,0,1,1
GCA_022081655,1.0,0.0,1.0,0.0,1.0,1,0,0,0,0,1,0,1,1
GCA_022074645,1.0,0.0,1.0,0.0,1.0,0,0,0,0,0,0,0,0,0
GN140827,0.0,0.0,0.0,0.0,0.0,0,0,0,0,0,0,0,0,0
GCA_022076525,1.0,0.0,1.0,0.0,1.0,0,0,0,0,0,0,0,0,0
GN120495,0.0,0.0,0.0,0.0,1.0,1,0,0,0,0,0,0,0,0
GCA_022074045,1.0,0.0,1.0,0.0,1.0,1,0,0,0,0,1,0,1,1
GCA_022068125,1.0,0.0,1.0,0.0,1.0,1,0,0,0,0,1,0,1,1
GCA_022084195,1.0,0.0,1.0,0.0,1.0,1,1,1,0,0,0,1,1,0
GCA_022085505,0.0,0.0,0.0,0.0,1.0,0,0,0,0,0,0,0,0,0
GN183223,1.0,0.0,1.0,0.0,1.0,1,1,0,1,0,0,1,1,0
GCA_022084855,1.0,0.0,1.0,0.0,1.0,0,1,0,0,0,0,0,0,0
GCA_022076285,1.0,0.0,1.0,0.0,1.0,1,0,0,0,0,0,0,1,1
GN120659,0.0,0.0,0.0,0.0,0.0,0,0,0,0,0,0,0,0,0
GCA_022084015,1.0,0.0,1.0,0.0,1.0,1,0,0,0,0,1,0,1,0
GN192418,1.0,0.0,1.0,0.0,1.0,1,1,0,0,1,0,0,1,1
GN202188,0.0,0.0,0.0,0.0,1.0,1,0,0,1,1,0,0,1,1
GCA_022078525,1.0,1.0,1.0,1.0,1.0,0,0,0,0,0,0,0,0,0
GN181672,0.0,0.0,1.0,0.0,1.0,1,1,0,1,0,0,1,1,0
GN202341,0.0,0.0,0.0,0.0,1.0,0,0,0,1,1,0,0,0,1
GCA_022088345,1.0,0.0,1.0,0.0,0.0,1,0,0,0,0,0,0,1,1
GN201000,1.0,0.0,1.0,0.0,1.0,1,0,0,1,0,1,0,1,1
GN100136,0.0,0.0,0.0,0.0,0.0,0,0,0,0,0,0,0,0,0
GN100942,0.0,0.0,0.0,0.0,0.0,0,0,0,0,0,0,0,0,0
GN081287,1.0,0.0,1.0,0.0,1.0,1,1,0,1,0,0,1,0,0
GCA_002197225,1.0,0.0,1.0,0.0,1.0,0,1,0,0,0,0,1,1,1
GCA_003194325,0.0,0.0,0.0,0.0,1.0,1,1,0,0,0,0,0,1,0
GN190806,0.0,0.0,0.0,0.0,1.0,1,1,0,0,0,0,1,1,1
GN110870,1.0,0.0,1.0,0.0,1.0,1,1,0,0,0,0,0,1,0
GN165027,0.0,0.0,0.0,0.0,1.0,0,0,0,0,0,0,0,0,0
GN091259,0.0,0.0,0.0,0.0,1.0,1,0,0,0,0,0,0,0,0
GN130934,1.0,0.0,1.0,0.0,1.0,1,1,0,1,0,0,1,1,0
GN203696,0.0,0.0,0.0,0.0,1.0,1,1,0,1,1,0,0,0,1
GN193570,0.0,0.0,0.0,0.0,1.0,1,1,0,0,0,0,0,0,0
GN203635,0.0,0.0,0.0,0.0,1.0,1,1,0,1,0,0,0,1,1
GCA_022080655,1.0,0.0,1.0,0.0,1.0,1,0,0,0,0,1,0,1,0
GN140237,0.0,0.0,0.0,0.0,1.0,1,1,0,1,1,0,0,0,1
GCA_022075685,0.0,0.0,0.0,0.0,0.0,0,0,0,0,0,0,0,0,0
GCA_022067905,1.0,0.0,1.0,0.0,1.0,1,0,0,0,0,0,0,0,0
GCA_022064325,0.0,0.0,1.0,0.0,1.0,1,1,1,0,0,0,1,1,0
GCA_022072345,1.0,0.0,1.0,0.0,1.0,0,0,0,0,0,0,0,0,0
GN121177,1.0,0.0,1.0,0.0,1.0,1,1,0,0,1,0,1,1,1
GN182152,0.0,0.0,0.0,0.0,1.0,1,1,0,1,1,0,0,0,0
GCF_001701835,1.0,0.0,1.0,0.0,1.0,1,1,0,1,0,1,1,1,1
GN183244,0.0,0.0,0.0,0.0,1.0,0,0,0,0,0,0,0,0,0
GCA_022058625,0.0,0.0,0.0,0.0,1.0,0,0,0,0,0,0,0,0,0
GCA_022069165,1.0,0.0,1.0,0.0,1.0,1,0,0,0,0,1,0,1,1
GCA_022084715,1.0,0.0,1.0,0.0,1.0,1,1,1,0,0,0,1,0,0
GN201609,1.0,0.0,1.0,0.0,1.0,0,0,0,1,0,0,0,0,0
GN200008,0.0,0.0,0.0,0.0,1.0,0,0,0,0,0,0,0,0,0
GCA_022078765,1.0,0.0,1.0,0.0,1.0,1,0,0,0,0,1,0,1,1
GN181488,1.0,0.0,1.0,0.0,1.0,1,1,1,1,0,0,0,0,0
GN191170,0.0,0.0,0.0,0.0,0.0,1,0,0,1,1,0,0,1,1
GN173170,0.0,0.0,0.0,0.0,1.0,1,1,0,1,1,0,0,0,1
GN090896,0.0,0.0,0.0,0.0,1.0,0,0,0,0,0,0,0,0,1
GN141320,1.0,0.0,1.0,0.0,1.0,1,1,0,0,0,0,1,1,0
GN191097,0.0,0.0,0.0,0.0,0.0,1,0,0,1,1,0,0,1,1
GN201584,1.0,0.0,1.0,0.0,1.0,1,1,0,0,0,0,1,1,0
GN141017,0.0,0.0,0.0,0.0,1.0,0,0,0,0,0,0,0,0,0
GN130363,0.0,0.0,0.0,0.0,0.0,1,0,0,0,0,0,0,0,0
GN191048,0.0,0.0,0.0,0.0,1.0,1,1,0,1,0,0,0,1,0
GN180771,1.0,0.0,1.0,0.0,1.0,1,0,0,1,0,0,0,1,0
GCA_022059365,1.0,0.0,1.0,0.0,1.0,1,1,0,0,0,0,1,1,0
GN201656,0.0,0.0,0.0,0.0,1.0,1,1,0,0,0,1,0,1,0
GCA_022063085,1.0,0.0,1.0,0.0,1.0,0,0,0,0,0,0,0,0,0
GN121596,0.0,0.0,0.0,0.0,0.0,0,0,0,0,0,0,0,0,0
GN165037,0.0,0.0,0.0,0.0,0.0,0,0,0,0,0,0,0,0,0
GN203630,1.0,0.0,1.0,0.0,1.0,1,1,0,1,0,0,0,1,1
GCA_022087685,0.0,0.0,0.0,0.0,1.0,1,0,0,0,0,1,0,1,1
GN080556,1.0,0.0,1.0,0.0,1.0,1,1,0,0,0,0,1,1,1
GCA_022073885,1.0,0.0,1.0,0.0,1.0,1,0,0,0,0,1,0,1,0
GN130953,0.0,0.0,0.0,0.0,1.0,0,0,0,0,0,0,0,0,0
GN122813,0.0,0.0,0.0,0.0,1.0,0,0,0,0,0,0,0,0,0
GN061543,0.0,0.0,0.0,0.0,1.0,1,0,0,0,0,0,0,0,0
GN110419,0.0,0.0,0.0,0.0,1.0,0,0,0,0,0,0,0,0,0
GCA_022089835,1.0,0.0,1.0,0.0,1.0,1,1,0,1,0,0,0,1,1
GCA_022064945,1.0,0.0,1.0,0.0,1.0,1,0,0,0,0,0,0,1,1
GN070180,1.0,0.0,1.0,0.0,1.0,1,0,0,0,0,0,0,1,0
GN121128,1.0,0.0,1.0,0.0,1.0,1,1,0,0,0,0,1,1,0
GN081210,1.0,0.0,1.0,0.0,1.0,0,1,0,0,0,0,0,0,0
GCA_022071605,1.0,0.0,1.0,0.0,1.0,1,0,0,0,0,0,1,1,0
GN163391,0.0,0.0,0.0,0.0,0.0,0,0,0,0,0,0,0,0,0
GN202186,0.0,0.0,0.0,0.0,1.0,0,1,0,0,0,0,0,1,0
GN070876,0.0,0.0,0.0,0.0,1.0,1,1,0,0,1,0,1,1,1
GN141417,0.0,0.0,0.0,0.0,1.0,0,0,0,1,0,0,0,0,0
GN172055,1.0,0.0,1.0,0.0,1.0,1,1,0,1,0,0,0,1,0
GCA_022067485,1.0,1.0,1.0,1.0,0.0,0,0,0,0,0,0,0,0,0
GN122280,0.0,0.0,0.0,0.0,1.0,1,0,0,1,0,0,0,0,0
GCA_022059715,1.0,0.0,1.0,0.0,1.0,1,0,0,0,0,1,0,1,1
GN090596,1.0,0.0,1.0,0.0,1.0,1,1,0,1,0,0,1,1,0
GN165023,0.0,0.0,0.0,0.0,1.0,0,0,0,0,0,0,0,0,0
GCA_022066645,0.0,0.0,0.0,0.0,1.0,0,0,0,0,1,0,0,1,0
GCA_022069065,1.0,0.0,1.0,0.0,1.0,1,0,0,0,0,0,0,1,0
GN142468,0.0,0.0,0.0,0.0,1.0,0,0,0,0,0,0,0,0,0
GCA_022062965,1.0,0.0,1.0,0.0,1.0,1,0,0,0,0,0,0,0,0
GN202408,0.0,0.0,0.0,0.0,1.0,0,0,0,0,0,0,0,0,0
GN101688,0.0,0.0,0.0,0.0,1.0,0,0,0,0,0,0,0,0,0
GN192105,1.0,0.0,1.0,0.0,1.0,1,1,1,1,0,0,0,0,0
GN140657,0.0,0.0,0.0,0.0,0.0,0,1,0,0,1,0,0,0,0
GN201324,1.0,0.0,1.0,0.0,1.0,1,1,0,0,0,0,0,0,0
GN130649,0.0,0.0,0.0,0.0,1.0,1,1,0,1,0,0,0,0,1
GN061050,1.0,0.0,1.0,0.0,1.0,1,1,0,1,0,0,0,1,1
GCA_022076265,1.0,0.0,1.0,0.0,1.0,0,0,0,0,0,1,0,1,0
GCA_022070745,1.0,0.0,1.0,0.0,1.0,1,0,0,0,0,0,0,1,1
GN132010,0.0,0.0,0.0,0.0,1.0,0,0,0,0,0,0,0,0,0
GN181365,0.0,0.0,0.0,0.0,0.0,0,0,0,0,0,0,0,0,0
GCA_022087985,1.0,1.0,1.0,1.0,1.0,1,0,0,0,0,0,0,0,1
GCA_022076905,1.0,0.0,1.0,0.0,1.0,1,1,1,0,0,0,1,0,0
GN165029,1.0,0.0,1.0,0.0,1.0,1,1,0,0,0,0,1,0,1
GN203745,0.0,0.0,0.0,0.0,1.0,1,0,0,1,1,0,0,0,1
GN121285,0.0,0.0,0.0,0.0,1.0,0,0,0,1,0,0,0,0,0
GCA_022085745,1.0,0.0,1.0,0.0,1.0,1,1,1,0,0,0,1,0,0
GN200795,0.0,0.0,0.0,0.0,0.0,0,0,0,0,0,0,0,0,0
GCA_022071565,1.0,1.0,1.0,1.0,1.0,0,0,0,0,0,0,0,0,0
GN090121,0.0,0.0,0.0,0.0,0.0,0,0,0,0,0,0,0,0,0
GN132101,1.0,0.0,1.0,0.0,1.0,1,1,0,0,0,0,0,1,0
GCA_022084055,0.0,0.0,1.0,0.0,1.0,1,1,0,0,0,0,1,1,0
GN200863,1.0,0.0,1.0,0.0,1.0,1,1,0,0,0,0,1,1,0
GN121373,0.0,0.0,0.0,0.0,1.0,1,1,0,1,0,0,0,0,1
GN201596,0.0,0.0,0.0,0.0,0.0,1,1,0,1,1,0,1,1,1
GN193526,0.0,0.0,0.0,0.0,1.0,0,0,0,0,0,0,0,0,0
GN192209,0.0,0.0,0.0,0.0,0.0,1,1,0,0,0,0,0,1,0
GN191104,0.0,0.0,0.0,0.0,1.0,1,1,0,1,0,0,0,1,1
GN132215,1.0,0.0,1.0,0.0,1.0,1,1,0,1,0,0,1,1,1
GN120336,0.0,0.0,0.0,0.0,0.0,1,1,0,1,1,0,0,0,0
GN200950,0.0,0.0,0.0,0.0,1.0,1,1,0,1,0,0,0,1,0
GN182101,1.0,0.0,1.0,0.0,1.0,1,1,0,0,0,1,0,1,0
GN172833,0.0,0.0,0.0,0.0,1.0,1,1,0,1,1,0,0,0,1
GN201829,0.0,0.0,0.0,0.0,1.0,1,1,0,1,0,0,0,1,0
GN191053,0.0,0.0,0.0,0.0,1.0,1,0,0,0,1,0,0,1,1
GN203463,1.0,0.0,0.0,0.0,1.0,1,1,0,1,0,0,0,1,0
GN183028,0.0,0.0,0.0,0.0,0.0,0,1,0,0,0,0,0,0,1
GN120345,1.0,0.0,1.0,0.0,1.0,1,1,0,1,0,0,0,1,0
GN122157,1.0,0.0,1.0,0.0,1.0,1,1,0,0,1,0,0,0,1
GCA_022065075,1.0,1.0,1.0,1.0,1.0,0,0,0,0,0,0,0,0,0
GN202656,1.0,0.0,1.0,0.0,1.0,0,0,0,0,0,0,0,0,0
GN131107,0.0,0.0,0.0,0.0,1.0,1,1,0,1,1,0,0,0,1
GN080265,0.0,0.0,0.0,0.0,1.0,1,0,0,0,1,0,0,1,1
GN183263,0.0,0.0,0.0,0.0,0.0,0,0,0,0,0,0,0,0,0
GN080360,0.0,0.0,0.0,0.0,1.0,1,1,0,0,0,0,0,0,0
GCA_022078665,1.0,0.0,1.0,0.0,1.0,1,1,1,1,0,0,1,1,0
GCA_022080835,1.0,0.0,1.0,0.0,1.0,1,0,1,0,0,0,1,0,0
GCA_022081875,0.0,0.0,0.0,0.0,0.0,0,0,0,0,0,0,0,0,0
GN080469,1.0,0.0,1.0,0.0,1.0,1,1,0,0,0,0,0,1,0
GN202154,0.0,0.0,0.0,0.0,1.0,0,1,0,1,0,0,1,1,1
GN071161,0.0,0.0,0.0,0.0,1.0,0,0,0,1,0,0,0,0,0
GN172563,0.0,0.0,0.0,0.0,1.0,1,0,0,1,1,0,0,1,1
GCA_022067205,0.0,0.0,0.0,0.0,1.0,1,0,0,1,1,0,0,1,1
GCA_022067825,1.0,0.0,1.0,0.0,1.0,1,0,0,0,0,0,0,0,0
GN180721,1.0,0.0,1.0,0.0,1.0,1,1,0,0,0,0,1,1,0
GCA_022076045,1.0,0.0,1.0,0.0,1.0,1,0,0,0,0,1,0,1,1
GCA_022060745,0.0,0.0,0.0,0.0,1.0,1,1,1,0,0,1,0,0,0
GCA_022079595,1.0,0.0,1.0,0.0,1.0,1,0,1,0,0,1,0,0,0
GCA_022076235,1.0,1.0,1.0,0.0,1.0,0,0,0,0,0,0,0,0,0
GN201602,0.0,0.0,0.0,0.0,0.0,0,0,0,0,0,0,0,0,0
GCA_022058525,0.0,0.0,0.0,0.0,1.0,1,0,0,0,0,1,0,1,1
GCA_022066405,1.0,1.0,1.0,1.0,1.0,0,0,0,0,0,0,0,0,0
GCA_022058975,0.0,0.0,0.0,0.0,1.0,0,0,0,0,0,0,0,0,0
GN121151,0.0,0.0,0.0,0.0,1.0,1,1,0,1,1,0,0,0,0
GN131558,1.0,0.0,1.0,0.0,1.0,0,0,0,1,0,0,0,0,0
GCA_000693595,1.0,0.0,1.0,0.0,1.0,1,1,0,0,0,0,1,1,0
GCA_022082515,0.0,0.0,0.0,0.0,1.0,1,1,1,0,0,0,0,1,0
GN181079,0.0,0.0,1.0,0.0,1.0,1,0,0,0,0,0,0,0,0
GN080965,0.0,0.0,0.0,0.0,1.0,1,0,0,0,1,0,0,1,1
GN172408,0.0,0.0,0.0,0.0,0.0,0,1,0,0,0,0,0,1,1
GN120832,1.0,0.0,1.0,0.0,1.0,1,1,0,1,0,0,0,1,1
GN111420,0.0,0.0,0.0,0.0,1.0,0,0,0,0,0,0,0,1,0
GCA_022073185,1.0,0.0,1.0,0.0,1.0,1,0,0,0,0,1,0,1,1
GN193449,1.0,0.0,1.0,0.0,1.0,0,0,0,1,1,0,0,0,1
GN081219,1.0,0.0,1.0,0.0,1.0,0,1,0,0,0,0,0,0,0
GN132328,0.0,0.0,0.0,0.0,0.0,1,1,0,0,1,1,0,1,1
GN150772,0.0,0.0,0.0,0.0,0.0,0,0,0,0,0,0,0,0,0
GN101711,0.0,0.0,0.0,0.0,1.0,0,0,0,0,0,0,0,0,0
GN165009,0.0,0.0,0.0,0.0,0.0,0,0,0,0,0,0,0,0,0
GN130851,0.0,0.0,0.0,0.0,0.0,1,1,0,1,0,0,0,1,0
GCA_022067605,1.0,0.0,1.0,0.0,1.0,1,1,1,0,0,0,1,0,0
GN132089,0.0,0.0,0.0,0.0,1.0,0,0,0,0,0,0,0,0,0
GCA_022064405,1.0,0.0,1.0,0.0,1.0,1,0,1,0,0,0,1,0,0
GN202183,0.0,0.0,0.0,0.0,1.0,1,1,0,1,0,0,1,1,1
GN132001,0.0,0.0,0.0,0.0,1.0,0,0,0,0,0,0,0,0,0
GN191815,0.0,0.0,0.0,0.0,0.0,1,0,0,1,1,0,0,1,1
GN110733,0.0,0.0,0.0,0.0,1.0,0,0,0,0,0,0,0,0,0
GCA_022067745,0.0,0.0,0.0,0.0,1.0,1,0,0,0,0,1,0,1,0
GN071212,0.0,0.0,0.0,0.0,1.0,0,1,0,1,0,0,0,1,1
GN201381,0.0,0.0,0.0,0.0,1.0,1,1,0,1,0,0,0,1,1
GN190933,0.0,0.0,0.0,0.0,1.0,0,0,0,0,0,0,0,0,0
GN193674,0.0,0.0,0.0,0.0,1.0,1,1,0,1,0,0,0,0,0
GCA_022060245,1.0,0.0,1.0,0.0,1.0,1,1,1,0,0,0,1,1,0
GN131711,0.0,0.0,0.0,0.0,0.0,1,1,0,1,0,0,0,1,1
GCA_022091175,1.0,0.0,1.0,0.0,1.0,1,0,0,0,0,1,0,1,1
GN132102,1.0,0.0,1.0,0.0,1.0,0,0,0,0,0,0,0,0,0
GN202916,1.0,0.0,1.0,0.0,1.0,1,0,0,1,1,0,0,0,1
GN182153,0.0,0.0,0.0,0.0,1.0,0,0,0,0,0,0,0,0,0
GN190599,0.0,0.0,0.0,0.0,0.0,0,0,0,0,0,0,0,0,0
GCF_001875105,1.0,0.0,1.0,0.0,1.0,1,1,0,1,0,0,0,1,0
GN181364,1.0,0.0,1.0,0.0,1.0,1,1,0,0,0,0,1,1,1
GN192251,0.0,0.0,0.0,0.0,1.0,1,1,0,1,1,0,0,1,1
GN203459,1.0,0.0,1.0,0.0,1.0,1,1,0,1,0,0,1,1,1
GCA_022063265,1.0,0.0,1.0,0.0,1.0,1,1,0,0,0,0,1,1,0
GN201832,1.0,0.0,1.0,0.0,1.0,1,1,0,0,0,0,0,1,0
GN201350,0.0,0.0,0.0,0.0,1.0,0,0,0,0,0,0,0,0,0
GCA_022069125,0.0,0.0,0.0,0.0,1.0,1,0,0,0,0,1,0,1,1
GN101490,0.0,0.0,0.0,0.0,1.0,0,0,0,0,0,0,0,0,0
GN203431,0.0,0.0,0.0,0.0,1.0,1,1,0,1,0,0,0,1,0
GN120987,0.0,0.0,0.0,0.0,1.0,0,0,0,0,0,0,0,0,0
GCA_022082575,1.0,0.0,1.0,0.0,1.0,1,0,0,0,0,1,0,1,1
GN131499,0.0,0.0,0.0,0.0,1.0,1,0,0,0,1,1,0,0,1
GN122378,1.0,0.0,1.0,0.0,1.0,1,1,0,1,0,0,1,1,0
GN141840,1.0,0.0,1.0,0.0,1.0,1,0,0,0,0,0,0,0,0
GN201369,0.0,0.0,0.0,0.0,1.0,0,0,0,0,0,0,0,0,0
GN110447,0.0,0.0,0.0,0.0,0.0,0,0,0,0,0,0,0,0,0
GN120970,0.0,0.0,0.0,0.0,1.0,1,1,0,1,1,0,0,0,1
GCA_022087805,1.0,0.0,1.0,0.0,1.0,1,1,0,0,0,1,0,0,0
GCA_022081555,1.0,1.0,1.0,0.0,1.0,1,1,0,0,0,0,1,1,0
GN130405,0.0,0.0,0.0,0.0,1.0,1,1,0,1,1,0,0,0,0
GN122505,0.0,0.0,0.0,0.0,1.0,1,1,0,0,0,0,1,1,1
GCA_022088405,1.0,0.0,1.0,0.0,1.0,1,1,1,0,0,0,1,1,0
GN080834,1.0,0.0,1.0,0.0,1.0,1,1,0,0,0,0,0,1,0
GN130386,0.0,0.0,0.0,0.0,1.0,0,1,0,1,0,0,0,1,1
GCA_022074025,1.0,1.0,1.0,1.0,1.0,0,0,0,0,0,0,0,0,0
GN131597,0.0,0.0,0.0,0.0,1.0,1,1,0,1,0,0,0,1,1
GN190611,0.0,0.0,0.0,0.0,0.0,0,0,0,0,0,0,0,0,0
GN131137,0.0,0.0,0.0,0.0,0.0,1,0,0,0,0,0,0,0,0
GCA_022080155,1.0,0.0,1.0,0.0,1.0,0,0,0,0,0,0,0,0,0
GCA_022068845,1.0,0.0,1.0,0.0,1.0,1,0,0,0,0,1,0,1,1
GCA_022087665,1.0,0.0,1.0,0.0,1.0,1,1,1,0,0,0,1,1,0
GN200765,0.0,0.0,0.0,0.0,1.0,1,0,0,0,1,0,0,1,0
GCA_022063845,1.0,0.0,1.0,0.0,1.0,1,0,0,0,0,1,0,1,1
GN201525,1.0,0.0,1.0,0.0,1.0,0,1,0,1,0,0,0,0,1
GN190430,0.0,0.0,0.0,0.0,0.0,1,1,0,1,1,0,0,0,0
GN192462,0.0,0.0,0.0,0.0,0.0,0,0,0,0,0,0,0,0,0
GN080724,1.0,0.0,1.0,0.0,1.0,1,1,0,1,0,0,1,1,1
GN142120,0.0,0.0,0.0,0.0,0.0,1,1,0,1,0,0,0,1,1
GN132283,0.0,0.0,0.0,0.0,1.0,1,0,0,0,1,1,0,0,1
GCA_022070905,1.0,0.0,1.0,0.0,1.0,1,0,0,0,0,0,0,1,0
GN121920,0.0,0.0,0.0,0.0,1.0,0,0,0,1,0,0,0,0,0
GCA_022082155,1.0,1.0,1.0,0.0,1.0,0,0,0,0,0,0,0,0,0
GN191191,0.0,0.0,0.0,0.0,0.0,0,0,0,0,0,0,0,0,0
GCA_022080895,1.0,0.0,1.0,0.0,1.0,1,0,0,0,0,1,0,1,1
GN061579,1.0,0.0,1.0,0.0,1.0,1,1,0,0,0,0,1,1,1
GN132297,0.0,0.0,0.0,0.0,1.0,1,1,0,1,1,0,0,0,1
GN141570,0.0,0.0,0.0,0.0,1.0,1,0,0,0,0,0,0,0,0
GCA_022072705,0.0,0.0,0.0,0.0,1.0,1,0,0,0,0,1,0,1,1
GN120940,1.0,0.0,1.0,0.0,1.0,1,1,0,1,0,0,1,1,1
GN111065,1.0,0.0,1.0,0.0,1.0,1,1,0,1,0,0,0,1,1
GN121497,1.0,0.0,0.0,0.0,1.0,1,1,0,0,0,0,1,1,0
GN140792,0.0,0.0,0.0,0.0,1.0,0,0,0,0,0,0,0,0,0
GN090497,0.0,0.0,0.0,0.0,0.0,0,0,0,0,0,0,0,0,0
GCA_022064085,1.0,0.0,1.0,0.0,1.0,1,0,0,0,0,0,0,1,1
GN100137,0.0,0.0,0.0,0.0,0.0,1,0,1,0,0,0,1,1,0
GN101492,0.0,0.0,0.0,0.0,1.0,0,1,0,0,0,0,0,1,0
GN091018,0.0,0.0,0.0,0.0,1.0,0,0,0,0,0,0,0,0,0
GN132246,0.0,0.0,0.0,0.0,0.0,0,0,0,0,0,0,0,0,0
GN071197,0.0,0.0,0.0,0.0,0.0,0,0,0,0,0,0,0,0,0
GN200979,0.0,0.0,0.0,0.0,1.0,1,1,0,1,0,0,0,1,0
GCA_022074965,1.0,0.0,1.0,0.0,1.0,1,1,0,0,0,0,1,1,0
GCA_022085155,1.0,0.0,1.0,0.0,1.0,1,1,1,0,0,0,1,0,0
GCA_000694115,1.0,0.0,1.0,0.0,1.0,1,1,0,0,0,1,0,0,1
GCF_001875125,1.0,0.0,1.0,0.0,1.0,1,1,0,1,0,0,0,0,1
GN132138,1.0,0.0,1.0,0.0,1.0,1,1,0,0,0,0,0,0,1
GN190398,0.0,0.0,0.0,0.0,0.0,0,0,0,0,0,0,0,0,0
GCA_022075625,1.0,0.0,1.0,0.0,1.0,0,1,1,0,0,0,0,0,0
GN081296,0.0,0.0,0.0,0.0,0.0,0,0,0,0,0,0,0,0,0
GN201008,1.0,0.0,1.0,0.0,1.0,1,1,0,1,1,0,1,0,1
GCA_022067185,0.0,0.0,0.0,0.0,1.0,0,0,0,0,0,0,0,0,0
GCA_003571525,0.0,0.0,0.0,0.0,1.0,1,1,0,0,0,0,1,1,0
GN181921,0.0,0.0,0.0,0.0,0.0,0,0,0,0,0,0,0,0,0
GCA_022064905,1.0,0.0,1.0,0.0,1.0,1,0,0,0,0,1,0,1,0
GN191956,0.0,0.0,0.0,0.0,1.0,1,0,0,1,1,0,0,1,1
GN192673,0.0,0.0,0.0,0.0,0.0,0,0,0,0,0,0,0,0,1
GN192698,1.0,0.0,1.0,0.0,1.0,1,1,0,0,0,0,1,1,0
GN121888,1.0,0.0,1.0,0.0,1.0,0,1,0,0,0,0,0,0,0
GCA_022061165,1.0,0.0,1.0,0.0,1.0,1,1,1,0,0,0,1,0,0
GN100424,0.0,0.0,0.0,0.0,0.0,0,0,0,0,0,0,0,0,0
GN192366,1.0,0.0,1.0,0.0,1.0,1,1,0,1,0,0,1,1,0
GCA_022066845,1.0,0.0,1.0,0.0,1.0,1,1,0,0,0,0,1,1,0
GN201292,1.0,0.0,1.0,0.0,1.0,1,0,0,1,0,0,0,1,1
GCA_022075025,0.0,0.0,1.0,0.0,1.0,1,1,0,0,0,0,1,1,0
GCA_022063005,1.0,0.0,1.0,0.0,1.0,1,1,0,0,0,0,1,1,0
GN070769,0.0,0.0,0.0,0.0,1.0,0,0,0,0,0,0,0,0,0
GN131318,1.0,0.0,1.0,0.0,1.0,1,1,0,0,0,0,1,1,1
GN122524,0.0,0.0,0.0,0.0,1.0,0,0,0,0,0,0,0,0,0
GN203493,0.0,0.0,0.0,0.0,1.0,1,1,0,1,1,0,0,0,0
GN141430,0.0,0.0,0.0,0.0,1.0,1,1,0,0,0,0,0,1,1
GN131230,0.0,0.0,0.0,0.0,1.0,1,0,0,0,0,0,0,0,0
GN101704,0.0,0.0,0.0,0.0,1.0,1,1,0,0,0,1,0,1,0
GN131687,0.0,0.0,0.0,0.0,0.0,1,0,0,0,0,0,0,0,0
GN202613,0.0,0.0,0.0,0.0,1.0,1,0,0,1,0,0,0,1,1
GCA_022074665,0.0,0.0,0.0,0.0,1.0,0,0,0,0,0,0,0,0,0
GN201576,0.0,0.0,0.0,0.0,0.0,1,1,0,1,1,0,0,0,0
GN131513,0.0,0.0,0.0,0.0,1.0,0,1,0,1,1,0,0,0,0
GN142472,1.0,0.0,1.0,0.0,1.0,1,1,0,1,0,0,1,1,0
GCA_022078555,1.0,0.0,1.0,0.0,1.0,1,0,0,0,0,0,0,1,1
GN130126,0.0,0.0,0.0,0.0,0.0,0,0,0,0,0,0,0,0,0
GN121975,1.0,0.0,1.0,0.0,1.0,1,1,0,0,0,0,1,1,1
GN201601,0.0,0.0,0.0,0.0,1.0,1,0,0,1,1,0,1,1,1
GN201378,0.0,0.0,0.0,0.0,1.0,1,1,0,1,0,0,0,1,0
GN122770,0.0,0.0,0.0,0.0,1.0,0,0,0,0,0,0,0,0,0
GN192115,1.0,0.0,1.0,0.0,1.0,1,1,0,0,1,0,0,1,1
GN120810,0.0,0.0,0.0,0.0,1.0,0,0,0,0,0,0,0,0,0
GN140184,0.0,0.0,0.0,0.0,1.0,1,1,0,1,1,0,0,0,1
GCA_022088885,1.0,0.0,1.0,0.0,1.0,1,0,0,0,0,1,0,1,1
GN201701,1.0,0.0,1.0,0.0,1.0,1,1,0,1,0,0,0,1,0
GN180712,1.0,0.0,1.0,0.0,1.0,1,1,0,1,1,0,1,1,0
GCA_022060825,1.0,0.0,1.0,0.0,1.0,0,0,0,0,0,0,0,0,1
GN090128,1.0,0.0,1.0,0.0,1.0,1,1,0,1,0,0,1,0,1
GCA_022078505,0.0,0.0,0.0,0.0,1.0,1,1,1,0,0,0,0,0,0
GN192679,0.0,0.0,0.0,0.0,0.0,1,1,0,0,0,0,0,1,1
GN142466,0.0,0.0,0.0,0.0,1.0,0,0,0,0,0,0,0,0,0
GCA_022074985,0.0,0.0,1.0,0.0,1.0,1,1,1,0,0,0,1,0,0
GN192228,1.0,0.0,1.0,0.0,1.0,1,1,0,1,0,0,1,1,1
GCA_022059635,1.0,1.0,1.0,1.0,0.0,0,0,0,0,0,0,0,0,0
GN201307,0.0,0.0,0.0,0.0,1.0,1,1,0,1,1,0,0,0,0
GN121835,0.0,0.0,0.0,0.0,0.0,0,0,0,0,0,0,0,0,0
GN193342,0.0,0.0,0.0,0.0,0.0,1,0,0,0,0,0,0,0,0
GCA_022082455,0.0,0.0,1.0,0.0,1.0,1,1,0,0,0,0,1,1,0
GN132154,1.0,0.0,1.0,0.0,1.0,1,1,0,0,0,0,0,0,1
GN100623,0.0,0.0,0.0,0.0,0.0,0,0,0,0,0,0,0,0,0
GN100678,0.0,0.0,0.0,0.0,0.0,0,0,0,0,0,0,0,0,0
GN203585,0.0,0.0,0.0,0.0,0.0,0,0,0,0,0,0,0,0,0
GCA_022071125,1.0,0.0,1.0,0.0,1.0,1,0,0,0,0,1,0,1,1
GN122047,1.0,0.0,1.0,0.0,1.0,1,1,0,1,0,0,1,1,0
GN080995,0.0,0.0,0.0,0.0,1.0,1,0,0,0,0,0,0,1,1
GCA_022064705,0.0,0.0,1.0,0.0,1.0,1,1,0,0,0,0,1,1,0
GN183233,1.0,0.0,1.0,0.0,1.0,1,1,0,1,0,0,1,1,0
GN122839,0.0,0.0,0.0,0.0,0.0,0,0,0,0,0,0,0,0,0
GCA_022060385,1.0,0.0,1.0,0.0,1.0,1,1,0,0,0,0,1,1,0
GN101361,0.0,0.0,0.0,0.0,0.0,1,1,0,0,0,0,1,1,0
GN201564,0.0,0.0,0.0,0.0,1.0,1,0,0,1,1,0,1,1,1
GN070137,0.0,0.0,0.0,0.0,1.0,0,0,0,0,0,0,0,0,0
GN201676,0.0,0.0,0.0,0.0,1.0,0,1,0,0,0,0,0,1,0
GN122670,0.0,0.0,0.0,0.0,1.0,1,1,0,1,1,0,0,0,1
GN172925,0.0,0.0,0.0,0.0,1.0,1,1,0,1,0,0,1,1,1
GN203756,0.0,0.0,0.0,0.0,1.0,1,0,0,0,0,0,0,0,0
GCA_022060665,1.0,0.0,1.0,0.0,1.0,1,0,0,0,0,1,0,1,1
GN111272,0.0,0.0,0.0,0.0,0.0,1,1,0,1,0,0,0,1,1
GN201607,0.0,0.0,0.0,0.0,1.0,1,0,0,1,0,1,0,1,1
GCA_022085945,0.0,0.0,0.0,0.0,1.0,1,0,0,0,0,1,0,1,1
GN131382,0.0,0.0,0.0,0.0,0.0,1,0,0,0,0,0,0,0,0
GN203311,1.0,0.0,1.0,0.0,1.0,0,0,0,0,0,0,0,0,0
GN151786,0.0,0.0,0.0,0.0,0.0,1,1,0,1,0,0,0,1,0
GN121220,1.0,0.0,0.0,0.0,1.0,1,1,0,1,0,0,0,1,1
GN101475,0.0,0.0,0.0,0.0,1.0,0,1,0,0,0,0,0,1,0
GN182092,0.0,0.0,0.0,0.0,1.0,0,0,0,0,0,1,0,0,0
GN132276,1.0,0.0,1.0,0.0,1.0,1,1,0,0,0,1,0,1,0
GN182356,0.0,0.0,0.0,0.0,0.0,0,0,0,0,0,0,0,0,0
GCA_022076825,1.0,0.0,1.0,0.0,1.0,1,1,0,0,0,0,1,1,0
GN142471,0.0,0.0,0.0,0.0,0.0,0,0,0,0,1,0,0,0,1
GN130106,1.0,0.0,1.0,0.0,1.0,1,1,0,1,0,0,1,0,0
GCA_022085605,1.0,0.0,1.0,0.0,1.0,1,0,0,0,0,0,0,1,1
GCA_022075945,1.0,0.0,1.0,0.0,1.0,0,0,0,0,0,0,0,0,0
GN172753,0.0,0.0,0.0,0.0,1.0,0,0,0,1,1,0,0,0,1
GCF_001701895,1.0,0.0,1.0,0.0,1.0,1,1,0,0,0,0,1,1,0
GN131065,0.0,0.0,0.0,0.0,0.0,0,0,0,0,0,0,0,0,0
GN190801,0.0,0.0,0.0,0.0,0.0,0,0,0,0,0,0,0,0,0
GCA_022066525,1.0,0.0,1.0,0.0,1.0,1,0,0,0,0,1,0,1,1
GN201545,0.0,0.0,0.0,0.0,1.0,1,0,0,1,1,0,1,1,1
GCA_022087485,1.0,0.0,1.0,0.0,1.0,1,1,1,0,0,0,1,0,0
GN090976,0.0,0.0,0.0,0.0,1.0,0,0,0,0,0,0,0,0,0
GCA_022089695,1.0,0.0,1.0,0.0,1.0,1,0,0,0,0,1,0,0,0
GN183270,1.0,0.0,1.0,0.0,1.0,1,1,0,0,0,0,0,1,0
GN193442,1.0,0.0,1.0,0.0,1.0,1,1,0,0,0,0,0,1,0
GCA_022079835,0.0,0.0,0.0,0.0,1.0,1,1,1,0,0,0,0,1,0
GN182154,0.0,0.0,0.0,0.0,1.0,0,0,0,0,0,0,0,0,0
GN101698,0.0,0.0,0.0,0.0,1.0,0,0,0,0,0,0,0,0,0
GCA_022061205,0.0,0.0,0.0,0.0,1.0,1,1,0,0,0,0,0,1,0
GN141415,0.0,0.0,0.0,0.0,0.0,0,0,0,1,0,0,0,0,0
GN122549,0.0,0.0,0.0,0.0,0.0,0,0,0,0,0,0,0,0,0
GCA_022061625,1.0,0.0,1.0,0.0,1.0,1,0,0,0,0,0,0,1,0
GN180762,1.0,0.0,1.0,0.0,1.0,1,1,0,0,0,0,0,0,0
GN132173,0.0,0.0,0.0,0.0,0.0,0,0,0,0,0,0,0,0,0
GCA_022073865,1.0,0.0,1.0,0.0,1.0,1,1,1,0,0,0,1,0,0
GN130625,0.0,0.0,0.0,0.0,0.0,0,0,0,0,0,0,0,0,0
GCA_022077805,1.0,0.0,1.0,0.0,1.0,1,0,0,0,0,1,0,1,1
GCA_022088965,1.0,0.0,1.0,0.0,1.0,1,1,1,0,0,0,1,1,0
GCA_022058965,1.0,0.0,1.0,0.0,1.0,0,0,0,0,0,0,0,0,0
GN090204,1.0,0.0,1.0,0.0,1.0,1,0,0,0,0,0,1,1,1
GN183029,0.0,0.0,0.0,0.0,1.0,0,0,0,0,0,0,0,0,0
GCA_022077905,1.0,1.0,1.0,1.0,1.0,0,0,0,0,0,0,0,0,0
GCA_022058405,1.0,1.0,1.0,1.0,1.0,1,0,1,0,0,0,0,0,0
GCA_022079455,1.0,0.0,1.0,0.0,1.0,1,0,0,0,0,1,0,1,1
GN180953,0.0,0.0,0.0,0.0,0.0,0,0,0,0,1,0,0,0,0
GN203922,0.0,0.0,0.0,0.0,0.0,1,1,0,1,0,0,1,1,1
GN172561,0.0,0.0,0.0,0.0,1.0,1,1,0,1,0,0,0,1,0
GN122852,0.0,0.0,0.0,0.0,1.0,0,0,0,0,0,0,0,0,0
GN183243,0.0,0.0,0.0,0.0,1.0,0,0,0,0,0,0,0,0,0
GN172859,1.0,0.0,1.0,0.0,1.0,1,1,0,1,0,0,0,0,0
GCA_022076845,0.0,0.0,1.0,0.0,1.0,1,1,0,1,0,0,1,1,0
GCA_022075005,1.0,1.0,1.0,1.0,1.0,0,0,0,0,0,0,0,0,0
GN122547,0.0,0.0,0.0,0.0,0.0,0,0,0,0,0,0,0,0,0
GN183603,0.0,0.0,0.0,0.0,0.0,0,0,0,0,0,0,0,0,0
GCA_022071765,1.0,1.0,1.0,1.0,1.0,0,0,0,0,0,0,0,0,0
GCA_000694015,1.0,0.0,1.0,0.0,1.0,1,1,0,0,0,1,0,0,1
GN171625,1.0,0.0,1.0,0.0,1.0,1,1,0,0,0,0,0,1,0
GCA_022089295,1.0,0.0,1.0,0.0,1.0,1,0,0,0,0,1,0,0,1
GN071057,1.0,0.0,1.0,0.0,1.0,1,0,1,0,0,0,0,1,0
GN121621,0.0,0.0,0.0,0.0,0.0,0,0,0,0,0,0,0,0,0
GCA_022077465,1.0,0.0,1.0,0.0,1.0,1,1,1,0,0,0,1,1,0
GCA_022087365,1.0,0.0,1.0,0.0,1.0,1,1,1,0,0,0,1,0,0
GCA_022089155,1.0,0.0,1.0,0.0,1.0,1,1,1,0,0,0,0,1,0
GCA_022086405,0.0,0.0,0.0,0.0,1.0,1,1,0,1,1,0,0,0,0
GN121045,1.0,0.0,1.0,0.0,1.0,1,1,0,0,0,0,0,1,0
GN120651,0.0,0.0,0.0,0.0,1.0,0,0,0,0,0,0,0,0,0
GN131988,0.0,0.0,0.0,0.0,1.0,0,0,0,0,0,0,0,0,0
GCA_022070015,1.0,0.0,1.0,0.0,1.0,1,0,0,0,0,1,0,1,1
GCA_022088225,0.0,0.0,0.0,0.0,1.0,0,0,0,0,0,0,0,0,0
GCA_022089555,1.0,0.0,1.0,0.0,1.0,1,0,0,0,0,1,0,1,0
GN150358,1.0,0.0,1.0,0.0,1.0,1,1,0,0,0,1,1,1,0
GN091590,1.0,0.0,1.0,0.0,1.0,0,1,0,1,0,0,0,1,1
GN193463,1.0,0.0,1.0,0.0,1.0,1,1,0,0,0,0,0,1,0
GN202933,0.0,0.0,1.0,0.0,1.0,1,1,0,1,0,0,0,1,1
GN165005,0.0,0.0,0.0,0.0,0.0,0,0,0,0,0,0,0,0,0
GN122162,0.0,0.0,0.0,0.0,1.0,1,1,0,1,0,0,0,1,1
GN181353,1.0,0.0,1.0,0.0,1.0,0,1,0,0,0,0,0,1,0
GN120295,0.0,0.0,0.0,0.0,1.0,1,1,0,1,1,0,0,0,1
GN122637,0.0,0.0,0.0,0.0,1.0,0,0,0,0,0,0,0,0,0
GN173194,0.0,0.0,0.0,0.0,1.0,0,0,0,1,1,0,0,0,0
GCA_022091415,1.0,0.0,1.0,0.0,1.0,0,0,0,0,0,0,0,1,0
GN121102,0.0,0.0,0.0,0.0,1.0,1,1,0,1,1,0,0,0,0
GN193726,1.0,0.0,1.0,0.0,1.0,1,1,0,0,0,0,0,0,0
GCA_022089355,1.0,0.0,1.0,0.0,1.0,1,1,1,0,0,0,1,0,0
GN172747,1.0,0.0,1.0,0.0,1.0,1,1,0,1,0,0,0,0,0
GCA_022082585,1.0,0.0,1.0,0.0,1.0,1,0,0,0,0,1,0,0,1
GN101701,0.0,0.0,0.0,0.0,0.0,1,1,0,0,0,0,0,1,0
GN110836,0.0,0.0,0.0,0.0,0.0,0,0,0,0,0,0,0,0,0
GN180782,0.0,0.0,0.0,0.0,1.0,0,0,0,1,1,0,0,0,1
GN121243,1.0,0.0,1.0,0.0,1.0,1,1,0,0,0,1,0,1,1
GN071078,0.0,0.0,0.0,0.0,1.0,1,1,0,1,1,0,0,0,1
GN180021,0.0,0.0,0.0,0.0,1.0,1,1,0,1,1,0,0,0,0
GN203611,0.0,0.0,0.0,0.0,0.0,0,0,0,0,0,0,0,0,0
GCA_022088305,0.0,0.0,0.0,0.0,1.0,1,0,0,1,0,1,0,1,1
GCA_022087885,1.0,0.0,1.0,0.0,1.0,1,1,0,0,0,0,0,0,0
GN120705,0.0,0.0,0.0,0.0,1.0,0,0,0,0,0,0,0,0,0
GCA_022078065,1.0,0.0,1.0,0.0,1.0,1,1,0,0,0,0,0,1,0
GCA_022058585,1.0,1.0,1.0,1.0,1.0,0,0,0,0,0,0,0,0,0
GCA_022061365,1.0,0.0,1.0,0.0,1.0,1,0,1,0,1,0,1,1,0
GN180720,1.0,0.0,1.0,0.0,1.0,1,1,0,0,0,0,0,1,0
GN202992,0.0,0.0,0.0,0.0,0.0,1,1,0,1,0,0,0,1,1
GN060952,0.0,0.0,0.0,0.0,1.0,1,1,0,0,0,0,0,0,1
GCA_022081375,1.0,0.0,1.0,0.0,1.0,1,1,1,0,0,0,1,0,0
GN110571,0.0,0.0,0.0,0.0,0.0,1,0,0,1,0,0,1,1,1
GCA_022069265,1.0,0.0,1.0,0.0,1.0,1,0,0,0,0,1,0,1,1
GN202555,1.0,0.0,1.0,0.0,1.0,0,0,0,0,0,0,0,0,0
GN163485,0.0,0.0,0.0,0.0,1.0,0,0,0,0,0,0,0,0,0
GCA_022081735,1.0,0.0,1.0,0.0,1.0,0,0,0,0,0,1,0,1,0
GN111302,0.0,0.0,0.0,0.0,1.0,1,1,0,1,0,0,0,1,0
GN132177,1.0,0.0,1.0,0.0,1.0,1,1,0,1,0,0,0,1,0
GN191704,0.0,0.0,0.0,0.0,1.0,1,1,0,1,0,0,0,1,0
GN121764,0.0,0.0,0.0,0.0,1.0,1,1,0,1,1,0,0,0,0
GN080436,0.0,0.0,0.0,0.0,1.0,0,0,0,0,0,0,0,0,0
GN121483,1.0,0.0,0.0,0.0,1.0,1,1,0,0,0,0,1,0,1
GN181349,0.0,0.0,0.0,0.0,0.0,0,0,0,0,0,0,0,0,0
GN192428,1.0,0.0,1.0,0.0,1.0,1,1,1,1,0,0,1,1,0
GCA_022059675,1.0,0.0,1.0,0.0,1.0,1,1,0,0,0,0,1,1,0
GN122493,0.0,0.0,0.0,0.0,0.0,1,0,0,0,0,0,0,0,0
GN200920,1.0,0.0,1.0,0.0,1.0,1,1,0,0,0,0,0,1,1
GCA_022058885,1.0,0.0,1.0,0.0,1.0,1,0,0,0,0,1,0,1,0
GN162043,0.0,0.0,0.0,0.0,0.0,0,0,0,0,0,0,0,0,0
GN122574,0.0,0.0,0.0,0.0,0.0,0,0,0,0,0,0,0,0,0
GN192408,1.0,0.0,1.0,0.0,1.0,1,1,0,1,0,0,1,1,0
GN080560,1.0,0.0,1.0,0.0,1.0,1,1,0,0,0,0,1,1,1
GN172605,0.0,0.0,0.0,0.0,1.0,1,1,0,1,0,0,0,1,0
GN120483,0.0,0.0,0.0,0.0,1.0,0,0,0,0,0,0,0,0,0
GN192368,1.0,0.0,1.0,0.0,1.0,1,0,0,1,0,0,0,1,1
GN140820,1.0,0.0,1.0,0.0,1.0,0,0,0,0,0,0,0,0,0
GCA_022087865,1.0,0.0,1.0,0.0,1.0,0,0,0,0,0,0,0,0,0
GN182889,1.0,0.0,1.0,0.0,1.0,1,1,0,1,0,0,1,1,0
GN121392,1.0,0.0,1.0,0.0,1.0,1,1,0,1,0,0,1,1,0
GN202528,0.0,0.0,0.0,0.0,1.0,1,1,0,1,0,0,0,1,0
GCA_022085095,0.0,0.0,0.0,0.0,0.0,1,0,0,0,0,1,0,1,1
GN131766,0.0,0.0,0.0,0.0,0.0,1,1,0,1,1,0,0,0,0
GN150967,0.0,0.0,0.0,0.0,1.0,0,0,0,0,0,0,0,0,0
GCA_022073105,1.0,0.0,1.0,0.0,1.0,1,1,1,0,0,0,1,0,0
GCA_022086205,0.0,0.0,1.0,0.0,1.0,1,1,0,0,0,0,1,1,0
GN131181,0.0,0.0,0.0,0.0,0.0,0,0,0,0,0,0,0,0,0
GCA_022086755,1.0,0.0,1.0,0.0,1.0,1,1,0,0,0,0,1,1,0
GN140799,1.0,0.0,1.0,0.0,1.0,0,0,0,0,0,0,0,0,0
GN121304,0.0,0.0,0.0,0.0,1.0,0,0,0,0,1,0,0,0,0
GCA_022087245,0.0,0.0,1.0,0.0,1.0,1,1,0,0,0,0,1,1,0
GN180948,0.0,0.0,0.0,0.0,1.0,0,0,0,0,0,0,0,0,0
GN121684,0.0,0.0,0.0,0.0,1.0,1,1,0,1,1,0,0,0,0
GN180523,1.0,0.0,1.0,0.0,1.0,1,0,0,0,0,0,0,0,0
GCA_022081475,1.0,0.0,1.0,0.0,1.0,1,1,1,0,0,0,1,1,0
GN130980,0.0,0.0,0.0,0.0,0.0,0,0,0,0,0,0,0,0,0
GN131958,0.0,0.0,0.0,0.0,1.0,0,0,0,0,0,0,0,0,0
GN180234,1.0,0.0,1.0,0.0,1.0,1,1,0,1,0,0,1,1,1
GN132236,0.0,0.0,0.0,0.0,0.0,0,0,0,0,0,0,0,0,0
GN131890,0.0,0.0,0.0,0.0,1.0,0,0,0,0,0,0,0,0,0
GN110022,0.0,0.0,0.0,0.0,0.0,0,0,0,0,0,0,0,0,0
GN172594,0.0,0.0,0.0,0.0,1.0,0,0,0,0,0,0,0,0,0
GN132312,0.0,0.0,0.0,0.0,1.0,0,0,0,0,0,0,0,0,0
GCA_022087205,1.0,0.0,1.0,0.0,1.0,1,1,0,0,0,0,1,1,0
GN130723,0.0,0.0,0.0,0.0,1.0,0,1,0,0,0,0,0,0,0
GN165024,1.0,0.0,1.0,0.0,1.0,1,1,0,0,0,0,0,1,0
GCA_022063625,1.0,0.0,1.0,0.0,1.0,1,0,0,0,0,1,0,1,0
GN120979,1.0,0.0,1.0,0.0,1.0,1,1,0,0,0,0,1,1,0
GCA_022087905,1.0,0.0,1.0,0.0,1.0,1,0,0,0,0,0,1,1,0
GN203593,0.0,0.0,0.0,0.0,1.0,1,1,0,1,1,0,1,1,1
GN151440,1.0,0.0,1.0,0.0,1.0,0,1,0,1,0,0,0,1,0
GN110339,0.0,0.0,0.0,0.0,0.0,1,0,0,0,0,0,0,0,0
GCA_022079535,0.0,0.0,0.0,0.0,1.0,1,0,0,0,0,1,0,1,1
GN122862,1.0,0.0,1.0,0.0,1.0,1,0,0,1,0,0,1,1,0
GN122744,0.0,0.0,0.0,0.0,1.0,0,0,0,0,0,0,0,0,0
GCF_001874725,1.0,0.0,1.0,0.0,1.0,1,1,0,0,0,0,1,1,0
GCA_000693455,1.0,0.0,1.0,0.0,1.0,0,0,0,1,0,0,0,0,0
GN172516,1.0,0.0,1.0,0.0,1.0,0,0,0,0,0,0,0,0,0
GN202551,0.0,0.0,0.0,0.0,1.0,1,0,0,0,0,0,0,0,0
GN191203,1.0,0.0,1.0,0.0,1.0,1,0,0,1,1,0,0,0,1
GCA_022068745,0.0,0.0,0.0,0.0,1.0,1,1,0,0,1,0,1,1,1
GCA_022068565,1.0,0.0,1.0,0.0,1.0,1,0,0,0,0,0,0,0,0
GCA_022068305,1.0,0.0,1.0,0.0,1.0,1,1,1,1,0,0,0,1,0
GCA_022084735,1.0,0.0,1.0,0.0,1.0,1,0,0,0,0,1,0,1,1
GN165003,0.0,0.0,0.0,0.0,0.0,1,0,0,0,0,0,0,0,0
GN101696,1.0,0.0,1.0,0.0,1.0,1,1,0,0,0,0,1,1,0
GN172061,0.0,0.0,0.0,0.0,1.0,1,0,0,1,1,0,0,1,0
GN090573,0.0,0.0,0.0,0.0,0.0,0,0,0,0,0,0,0,0,0
GN120670,1.0,0.0,1.0,0.0,1.0,1,0,0,1,0,1,0,1,1
GN172997,0.0,0.0,0.0,0.0,1.0,0,0,0,0,0,0,0,0,0
GN192715,1.0,0.0,1.0,0.0,1.0,1,1,0,0,0,0,0,1,1
GCA_022063585,1.0,0.0,1.0,0.0,1.0,0,0,0,0,0,0,0,0,0
GN122239,0.0,0.0,0.0,0.0,1.0,0,0,0,0,0,0,0,0,0
GCA_022083875,1.0,0.0,1.0,0.0,1.0,1,0,0,0,0,1,0,1,1
GN101702,0.0,0.0,0.0,0.0,1.0,0,0,0,0,0,0,0,0,0
GN131253,1.0,0.0,1.0,0.0,1.0,1,1,0,1,0,1,0,1,0
GN122293,0.0,0.0,0.0,0.0,0.0,0,0,0,0,0,0,0,0,0
GN172712,0.0,0.0,0.0,0.0,1.0,1,1,0,1,0,0,0,1,0
GN071501,0.0,0.0,0.0,0.0,1.0,0,0,0,1,0,0,0,0,0
GN101682,0.0,0.0,0.0,0.0,1.0,0,0,0,0,0,0,0,0,1
GN110695,0.0,0.0,0.0,0.0,1.0,0,0,0,0,0,0,0,0,0
GN121407,0.0,0.0,0.0,0.0,0.0,1,0,0,0,0,0,0,0,0
GN203587,0.0,0.0,0.0,0.0,0.0,1,0,0,0,0,0,0,0,0
GN121068,0.0,0.0,0.0,0.0,1.0,1,1,0,1,1,0,0,0,0
GN121164,0.0,0.0,0.0,0.0,0.0,0,0,0,0,0,0,0,0,0
GCA_022086505,1.0,0.0,1.0,0.0,1.0,1,0,0,0,0,1,0,1,1
GN110039,0.0,0.0,0.0,0.0,1.0,1,1,0,1,1,0,0,0,0
GN090710,1.0,0.0,1.0,0.0,1.0,1,1,0,1,0,0,1,1,1
GN130321,0.0,0.0,0.0,0.0,0.0,0,0,0,0,0,0,0,0,0
GCA_022077765,1.0,0.0,1.0,0.0,1.0,1,0,0,0,0,0,0,1,1
GN122160,0.0,0.0,0.0,0.0,1.0,1,1,0,1,0,0,0,0,0
GN070141,0.0,0.0,0.0,0.0,1.0,1,0,0,0,0,0,0,0,0
GN061012,0.0,0.0,0.0,0.0,1.0,0,0,0,0,0,0,0,0,0
GCA_022067565,1.0,0.0,1.0,0.0,1.0,1,0,1,0,0,0,1,0,0
GCA_022081695,0.0,0.0,0.0,0.0,1.0,1,0,0,0,0,1,0,1,1
GN201216,1.0,0.0,1.0,0.0,1.0,1,1,0,0,0,0,0,0,1
GN110299,0.0,0.0,0.0,0.0,1.0,1,1,0,1,1,0,0,0,1
GN202511,1.0,0.0,1.0,0.0,1.0,0,0,0,0,0,0,0,0,0
GCA_022089185,1.0,0.0,1.0,0.0,1.0,1,0,0,0,0,0,0,0,1
GN120663,0.0,0.0,0.0,0.0,1.0,0,0,0,0,0,0,0,0,0
GN201826,1.0,0.0,1.0,0.0,1.0,1,1,0,1,0,0,1,0,1
GN130897,0.0,0.0,0.0,0.0,1.0,1,1,0,1,0,0,0,1,0
GCA_022086815,0.0,0.0,1.0,0.0,1.0,0,0,0,0,0,0,0,0,0
GN090167,0.0,0.0,0.0,0.0,1.0,1,1,0,1,1,0,0,0,0
GN090882,0.0,0.0,0.0,0.0,1.0,0,0,0,0,0,0,0,0,0
GN081083,0.0,0.0,0.0,0.0,1.0,0,0,0,0,0,0,0,0,0
GN150685,0.0,0.0,0.0,0.0,1.0,0,0,0,0,0,0,0,0,0
GN193447,0.0,0.0,0.0,0.0,1.0,1,0,0,1,1,0,0,1,1
GN203653,1.0,0.0,1.0,0.0,1.0,1,0,0,0,0,0,0,0,0
GCA_022083435,1.0,0.0,1.0,0.0,1.0,1,0,0,0,0,1,0,1,0
GCA_000694075,1.0,0.0,1.0,0.0,1.0,1,0,0,0,0,1,0,0,1
GCA_022078025,1.0,0.0,1.0,0.0,1.0,1,1,0,0,0,0,1,1,0
GCA_022064445,1.0,0.0,1.0,0.0,1.0,1,0,0,0,0,1,0,1,1
GCA_022061405,1.0,0.0,1.0,0.0,1.0,1,1,0,0,0,0,1,1,0
GCA_022077025,0.0,0.0,0.0,0.0,1.0,1,1,0,1,1,0,0,0,1
GN122544,1.0,0.0,1.0,0.0,1.0,1,1,0,0,0,0,0,0,0
GCA_022076365,1.0,0.0,1.0,0.0,1.0,1,0,0,0,0,1,0,1,1
GCA_022088785,1.0,0.0,1.0,0.0,1.0,1,0,0,0,0,0,0,1,0
GN132539,0.0,0.0,0.0,0.0,1.0,1,0,0,0,1,0,0,1,0
GN201499,1.0,0.0,1.0,0.0,1.0,0,1,0,0,0,0,0,1,0
GN203937,1.0,0.0,1.0,0.0,1.0,1,1,0,0,0,0,0,0,1
GN173142,0.0,0.0,0.0,0.0,1.0,0,1,0,0,0,0,0,0,0
GN120427,0.0,0.0,0.0,0.0,1.0,1,0,0,0,1,0,0,1,1
GN080104,1.0,0.0,1.0,0.0,1.0,1,1,0,1,0,0,1,1,1
GN193714,0.0,0.0,0.0,0.0,1.0,0,0,0,0,0,0,0,0,0
GCA_022065065,0.0,0.0,0.0,0.0,1.0,1,0,0,1,0,0,0,0,1
GN100427,0.0,0.0,0.0,0.0,1.0,1,1,0,1,1,0,0,0,0
GN120657,0.0,0.0,0.0,0.0,0.0,0,0,0,0,0,0,0,0,0
GN121983,0.0,0.0,0.0,0.0,1.0,1,1,0,1,1,0,1,1,1
GCA_022064005,1.0,0.0,1.0,0.0,1.0,1,1,1,0,0,0,1,0,0
GN120117,0.0,0.0,0.0,0.0,0.0,1,0,0,0,0,0,0,0,0
GCA_022080055,1.0,0.0,1.0,0.0,1.0,1,1,1,0,0,0,1,0,0
GN181680,0.0,0.0,0.0,0.0,1.0,1,1,0,0,1,0,0,0,0
GN192376,1.0,0.0,1.0,0.0,1.0,1,1,0,1,0,0,1,1,0
GCA_022066925,1.0,0.0,1.0,0.0,1.0,1,0,0,0,0,0,0,1,1
GN190110,0.0,0.0,0.0,0.0,0.0,1,0,0,0,0,0,0,0,0
GN132040,0.0,0.0,0.0,0.0,0.0,1,1,0,1,1,0,0,1,1
GCA_022064885,1.0,0.0,1.0,0.0,1.0,1,0,1,0,0,1,0,0,0
GCA_000693855,1.0,0.0,1.0,0.0,1.0,1,1,0,0,0,0,0,0,1
GN121214,0.0,0.0,0.0,0.0,0.0,0,0,0,0,0,0,0,0,0
GN130646,0.0,0.0,0.0,0.0,0.0,0,0,0,0,0,0,0,0,0
GN180955,0.0,0.0,0.0,0.0,1.0,1,1,0,1,0,0,0,1,1
GN100643,1.0,0.0,1.0,0.0,1.0,1,1,0,1,0,0,0,1,0
GCA_022082355,1.0,0.0,1.0,0.0,1.0,1,0,0,0,0,1,0,1,0
GCA_022078785,1.0,0.0,1.0,0.0,1.0,1,0,0,0,0,1,0,1,1
GN120752,0.0,0.0,0.0,0.0,0.0,0,0,0,0,0,0,0,0,0
GCA_022073025,1.0,1.0,1.0,0.0,1.0,1,1,0,0,0,0,1,1,0
GCA_000693375,1.0,0.0,1.0,0.0,1.0,1,1,0,0,0,1,1,0,1
GN141425,0.0,0.0,0.0,0.0,0.0,0,0,0,0,0,0,0,0,0
GCA_022084275,1.0,0.0,1.0,0.0,1.0,1,0,0,0,0,1,0,1,0
GN080499,1.0,0.0,1.0,0.0,1.0,1,1,1,0,0,1,1,1,1
GN121319,1.0,0.0,1.0,0.0,1.0,1,1,0,1,0,0,0,0,1
GCA_022076745,0.0,0.0,0.0,0.0,1.0,1,0,0,0,0,1,0,1,1
GN172601,0.0,0.0,0.0,0.0,1.0,1,1,0,1,0,0,0,0,0
GCA_022091435,1.0,0.0,1.0,0.0,1.0,1,0,0,0,0,1,0,1,1
GN110632,0.0,0.0,0.0,0.0,1.0,0,0,0,0,0,0,0,0,0
GN180722,1.0,0.0,1.0,0.0,1.0,1,1,0,1,0,1,0,1,1
GCA_022062265,1.0,0.0,1.0,0.0,1.0,1,0,0,0,0,1,0,1,1
GCA_022084335,1.0,0.0,1.0,0.0,1.0,1,1,0,0,0,0,1,1,0
GN172840,0.0,0.0,0.0,0.0,1.0,1,1,0,1,0,0,0,1,0
GN122582,0.0,0.0,0.0,0.0,1.0,0,0,0,1,0,0,0,0,0
GN173050,0.0,0.0,0.0,0.0,1.0,1,1,0,1,0,0,0,1,0
GCA_022075185,1.0,1.0,1.0,1.0,1.0,0,0,0,0,0,0,0,0,0
GCA_022068485,1.0,0.0,1.0,0.0,1.0,1,1,1,1,0,0,0,1,0
GN090902,0.0,0.0,0.0,0.0,0.0,0,0,0,0,0,0,0,0,0
GN171465,0.0,0.0,0.0,0.0,1.0,1,1,0,1,1,0,0,0,0
GN173166,0.0,0.0,0.0,0.0,1.0,0,0,0,1,0,0,0,0,1
GN080451,0.0,0.0,0.0,0.0,1.0,0,0,0,0,0,0,0,0,0
GN130811,0.0,0.0,0.0,0.0,1.0,1,0,0,0,0,0,0,0,0
GN183042,0.0,0.0,0.0,0.0,1.0,1,1,0,1,1,0,0,0,0
GCA_022088245,0.0,0.0,0.0,0.0,1.0,0,0,0,0,0,0,0,0,0
GN122646,0.0,0.0,0.0,0.0,1.0,0,0,0,0,0,0,0,0,0
GCA_022084505,1.0,0.0,1.0,0.0,1.0,1,0,0,0,0,1,0,1,0
GCA_022085705,1.0,0.0,1.0,0.0,1.0,1,1,0,0,0,0,1,1,0
GN060780,0.0,0.0,0.0,0.0,1.0,1,1,0,0,0,0,0,0,1
GCA_022080875,1.0,0.0,1.0,0.0,1.0,1,0,0,0,0,0,0,1,0
GN200973,0.0,0.0,0.0,0.0,1.0,0,0,0,0,0,0,0,1,0
GCA_022060865,1.0,0.0,1.0,0.0,1.0,1,1,0,0,0,0,0,1,1
GCA_022078645,1.0,0.0,1.0,0.0,1.0,1,0,0,0,0,0,0,1,0
GCA_022061125,0.0,0.0,0.0,0.0,1.0,1,0,0,0,0,1,0,1,1
GN090479,0.0,0.0,0.0,0.0,1.0,0,1,0,1,1,0,0,0,1
GN122424,0.0,0.0,0.0,0.0,0.0,0,0,0,0,0,0,0,0,0
GCA_022082995,1.0,0.0,1.0,0.0,1.0,1,1,1,0,0,0,1,0,0
GN180864,0.0,0.0,0.0,0.0,1.0,1,0,0,0,1,0,0,1,0
GCA_022079315,1.0,0.0,1.0,0.0,1.0,1,1,1,0,0,0,1,0,0
GN172582,0.0,0.0,0.0,0.0,1.0,1,1,0,1,0,0,0,1,0
GN152662,0.0,0.0,0.0,0.0,1.0,1,1,0,1,1,0,0,0,1
GN183030,1.0,0.0,1.0,0.0,1.0,1,1,0,1,0,0,0,0,0
GCA_022091515,0.0,0.0,0.0,0.0,0.0,1,0,0,0,0,0,0,1,0
GN173143,1.0,0.0,1.0,0.0,1.0,1,1,0,1,0,0,1,1,0
GN122466,0.0,0.0,0.0,0.0,0.0,1,0,0,0,0,0,0,0,0
GN081020,1.0,0.0,1.0,0.0,1.0,1,1,0,1,0,0,1,0,1
GN180015,0.0,0.0,0.0,0.0,0.0,1,1,0,1,0,0,0,0,1
GCA_022083815,1.0,0.0,1.0,0.0,1.0,1,0,0,0,0,1,0,1,0
GCA_022071025,1.0,0.0,1.0,0.0,1.0,1,1,1,0,0,0,1,0,0
GN191655,0.0,0.0,0.0,0.0,1.0,1,1,0,0,0,0,0,1,1
GN181706,1.0,0.0,0.0,0.0,1.0,1,1,0,0,0,0,0,0,0
GCA_022071225,0.0,0.0,0.0,0.0,0.0,0,0,0,0,0,0,0,0,0
GN131908,0.0,0.0,0.0,0.0,1.0,1,1,0,1,1,0,1,0,1
GN101687,0.0,0.0,0.0,0.0,1.0,0,0,0,0,0,0,0,0,0
GN181692,1.0,0.0,1.0,0.0,1.0,1,0,0,1,0,0,0,1,1
GN070986,0.0,0.0,0.0,0.0,1.0,1,1,0,1,1,0,0,0,1
GN182534,0.0,0.0,0.0,0.0,1.0,0,0,0,0,0,0,0,0,0
GN191184,0.0,0.0,0.0,0.0,1.0,0,0,0,0,0,0,0,0,0
GN181354,0.0,0.0,0.0,0.0,1.0,1,0,0,1,1,0,1,1,1
GN101684,0.0,0.0,0.0,0.0,1.0,0,0,0,0,0,0,0,0,0
GCA_000693395,1.0,0.0,1.0,0.0,0.0,1,1,0,0,0,0,0,0,1
GN132287,0.0,0.0,0.0,0.0,1.0,0,0,0,0,0,0,0,0,0
GCA_022063405,1.0,0.0,1.0,0.0,1.0,1,0,0,0,0,1,0,1,0
GCA_022084635,1.0,0.0,1.0,0.0,1.0,1,0,0,0,0,0,0,1,0
GN183598,0.0,0.0,0.0,0.0,1.0,1,1,0,1,1,0,0,0,0
GN121163,1.0,0.0,1.0,0.0,1.0,0,0,0,0,0,0,0,0,0
GCA_022071085,1.0,0.0,1.0,0.0,1.0,1,0,0,0,0,1,0,1,1
GN130666,0.0,0.0,0.0,0.0,1.0,1,1,1,1,0,0,0,1,1
GN192689,1.0,0.0,1.0,0.0,1.0,1,1,0,1,0,0,0,1,0
GCA_022088165,1.0,0.0,1.0,0.0,1.0,1,0,1,0,0,0,1,0,0
GN201155,1.0,0.0,1.0,0.0,1.0,0,0,0,0,0,0,0,0,0
GCA_000567565,1.0,0.0,1.0,0.0,1.0,0,0,0,0,0,0,0,0,0
GCA_022075705,1.0,0.0,1.0,0.0,1.0,1,0,0,0,0,1,0,1,1
GN081280,1.0,0.0,1.0,0.0,1.0,1,1,0,1,0,0,1,0,0
GN201606,0.0,0.0,0.0,0.0,0.0,1,1,0,1,1,0,1,1,1
GCA_022058545,1.0,0.0,1.0,0.0,1.0,1,0,0,1,0,0,0,1,1
GN151764,0.0,0.0,0.0,0.0,0.0,1,1,0,0,0,0,0,1,0
GN201366,0.0,0.0,1.0,0.0,1.0,1,1,0,1,0,0,1,1,1
GCA_022064965,1.0,0.0,1.0,0.0,1.0,1,0,0,0,0,0,0,1,1
GN081133,0.0,0.0,0.0,0.0,1.0,1,1,0,1,0,0,1,1,0
GN120356,1.0,0.0,1.0,0.0,1.0,1,0,1,0,1,0,1,0,1
GCA_022085175,0.0,0.0,0.0,0.0,1.0,1,0,0,0,0,1,0,1,1
GN203795,1.0,0.0,1.0,0.0,1.0,1,1,0,1,0,0,1,1,1
GN101098,0.0,0.0,0.0,0.0,1.0,1,0,0,0,1,1,0,1,1
GN142475,0.0,0.0,0.0,0.0,1.0,0,0,0,0,0,0,0,0,0
GN201597,0.0,0.0,0.0,0.0,0.0,1,0,0,0,0,0,0,0,0
GCA_022084815,0.0,0.0,1.0,0.0,1.0,1,1,0,0,0,0,1,1,0
GCA_000693635,1.0,0.0,1.0,0.0,1.0,1,1,0,0,0,1,1,0,1
GN180558,1.0,0.0,1.0,0.0,1.0,1,0,0,0,0,0,0,1,0
GCA_022089815,0.0,0.0,0.0,0.0,1.0,1,1,0,1,1,0,0,0,1
GN122502,0.0,0.0,0.0,0.0,0.0,0,0,0,0,0,0,0,0,0
GN070139,0.0,0.0,0.0,0.0,1.0,0,0,0,0,0,0,0,0,0
GCA_022082955,1.0,0.0,1.0,0.0,1.0,1,1,1,1,0,0,0,0,1
GCA_022081515,1.0,0.0,1.0,0.0,1.0,1,0,0,0,0,1,1,0,1
GN122737,0.0,0.0,0.0,0.0,0.0,0,0,0,0,0,0,0,0,0
GCA_022067465,0.0,0.0,0.0,0.0,0.0,1,0,0,1,0,1,0,1,1
GN130988,0.0,0.0,0.0,0.0,1.0,1,1,0,1,0,0,0,1,0
GCA_022077045,1.0,0.0,1.0,0.0,1.0,1,0,0,0,0,0,0,1,0
GN130387,0.0,0.0,0.0,0.0,1.0,1,0,0,0,0,1,0,1,1
GCA_022115175,1.0,0.0,1.0,0.0,1.0,1,1,1,0,0,0,1,0,0
GCA_022083035,1.0,0.0,1.0,0.0,1.0,1,1,0,0,0,0,1,1,0
GN122866,1.0,0.0,1.0,0.0,1.0,1,0,0,0,0,0,0,0,0
GN173065,0.0,0.0,0.0,0.0,1.0,1,1,0,1,0,0,0,1,0
GCA_022060565,1.0,0.0,1.0,0.0,1.0,1,0,0,0,0,1,0,1,1
GN110337,0.0,0.0,0.0,0.0,1.0,1,1,0,1,1,0,0,0,1
GN110324,0.0,0.0,0.0,0.0,1.0,1,1,0,1,1,0,0,0,1
GN180946,1.0,0.0,1.0,0.0,1.0,0,0,0,1,1,0,0,0,0
GCA_022087745,0.0,0.0,0.0,0.0,1.0,1,0,0,0,0,1,0,1,1
GCA_022078965,1.0,0.0,1.0,0.0,1.0,1,0,0,0,0,0,0,1,1
GN132401,1.0,0.0,1.0,0.0,1.0,1,1,0,0,0,1,0,1,0
GN110771,0.0,0.0,0.0,0.0,0.0,1,1,0,0,0,0,0,1,1
GN100233,0.0,0.0,0.0,0.0,1.0,0,0,0,0,0,0,0,0,0
GN080431,0.0,0.0,0.0,0.0,0.0,1,1,0,0,0,0,0,0,0
GN122846,0.0,0.0,0.0,0.0,1.0,0,0,0,0,0,0,0,0,0
GCA_022060185,1.0,0.0,1.0,0.0,1.0,1,0,1,0,0,0,1,0,0
GN131678,0.0,0.0,0.0,0.0,1.0,1,1,0,1,0,0,0,1,1
GN120724,0.0,0.0,0.0,0.0,1.0,0,0,0,0,0,0,0,0,0
GCA_022073645,1.0,0.0,1.0,0.0,1.0,1,0,0,0,0,0,0,1,1
GCA_022074685,1.0,0.0,1.0,0.0,1.0,1,1,1,0,0,0,1,0,0
GCA_022070625,0.0,0.0,1.0,0.0,1.0,1,1,0,0,0,0,1,1,0
GN163583,0.0,0.0,0.0,0.0,0.0,0,0,0,0,0,0,0,0,0
GN111090,0.0,0.0,1.0,0.0,1.0,1,1,0,1,0,0,1,1,1
GCA_022087265,0.0,0.0,1.0,0.0,1.0,1,1,0,0,0,0,1,1,0
GN120750,0.0,0.0,0.0,0.0,0.0,0,0,0,0,0,0,0,0,0
GN172769,1.0,0.0,1.0,0.0,1.0,1,1,0,1,0,0,0,1,0
GN120949,0.0,0.0,0.0,0.0,0.0,0,0,0,0,0,0,0,0,0
GN081014,0.0,0.0,0.0,0.0,1.0,0,0,0,0,0,0,0,0,0
GCA_022061145,1.0,0.0,1.0,0.0,1.0,1,1,1,0,0,0,1,1,0
GN140708,0.0,0.0,0.0,0.0,1.0,1,1,0,1,1,0,0,0,1
GN183187,1.0,0.0,1.0,0.0,1.0,1,1,0,0,0,0,1,1,0
GN181445,1.0,0.0,1.0,0.0,1.0,1,1,0,0,0,0,0,1,0
GN204174,0.0,0.0,0.0,0.0,1.0,1,1,0,1,0,0,0,1,1
GN071403,0.0,0.0,0.0,0.0,0.0,0,0,0,0,0,0,0,0,0
GN191483,1.0,0.0,1.0,0.0,1.0,1,1,1,1,0,0,0,0,1
GCA_022066985,1.0,0.0,1.0,0.0,1.0,0,0,0,0,0,1,0,1,0
GN173040,0.0,0.0,0.0,0.0,0.0,1,1,0,0,0,0,0,1,1
GN152607,1.0,0.0,1.0,0.0,1.0,0,0,0,0,0,0,0,0,0
GN131016,0.0,0.0,0.0,0.0,0.0,0,0,0,0,0,0,0,0,0
GN061179,0.0,0.0,0.0,0.0,1.0,0,0,0,0,0,0,0,0,0
GN100449,0.0,0.0,0.0,0.0,1.0,0,0,0,0,0,0,0,0,0
GN120816,0.0,0.0,0.0,0.0,0.0,1,1,0,1,1,0,0,0,1
GN201121,0.0,0.0,0.0,0.0,1.0,0,0,0,0,0,0,0,0,0
GN192436,1.0,0.0,1.0,0.0,1.0,1,0,0,0,0,0,0,0,0
GCA_022083095,1.0,0.0,1.0,0.0,1.0,0,0,0,0,0,0,0,0,0
GCA_022088625,1.0,0.0,1.0,0.0,1.0,1,1,0,0,0,0,1,1,0
GN190796,0.0,0.0,0.0,0.0,1.0,1,0,0,1,1,0,0,1,1
GCA_003186535,0.0,0.0,0.0,0.0,0.0,1,0,0,1,0,1,0,1,1
GN202622,0.0,0.0,0.0,0.0,1.0,0,1,0,0,1,0,0,0,1
GN200999,1.0,0.0,1.0,0.0,1.0,1,0,0,0,1,0,0,1,0
GN192723,0.0,0.0,0.0,0.0,0.0,1,1,1,0,0,0,0,1,1
GN122154,0.0,0.0,0.0,0.0,0.0,1,0,0,0,0,0,0,0,0
GN203429,1.0,0.0,1.0,0.0,1.0,1,1,0,0,0,0,0,1,0
GN122514,0.0,0.0,0.0,0.0,1.0,0,0,0,0,0,0,0,0,0
GCA_022063125,0.0,0.0,0.0,0.0,1.0,1,1,1,0,0,1,0,0,0
GN100143,0.0,0.0,0.0,0.0,1.0,1,1,0,1,1,0,0,0,0
GN173161,0.0,0.0,0.0,0.0,1.0,0,0,0,0,1,0,0,0,0
GN071268,0.0,0.0,0.0,0.0,1.0,1,0,0,1,1,0,0,0,1
GN202525,0.0,0.0,0.0,0.0,1.0,0,1,0,1,1,0,0,0,1
GN132097,0.0,0.0,0.0,0.0,1.0,1,1,0,1,1,0,0,1,0
GCA_022085765,1.0,0.0,1.0,0.0,1.0,0,1,0,0,0,0,0,0,0
GN071056,0.0,0.0,0.0,0.0,1.0,0,0,0,0,0,0,0,0,0
GN101705,1.0,0.0,1.0,0.0,1.0,1,1,0,0,0,0,1,1,0
GCA_000693775,1.0,0.0,1.0,0.0,1.0,1,1,0,0,0,0,0,0,1
GN131962,0.0,0.0,0.0,0.0,0.0,0,0,0,0,0,0,0,0,0
GCA_022063425,1.0,0.0,1.0,0.0,1.0,1,1,1,0,0,1,0,0,0
GCA_022086185,1.0,0.0,1.0,0.0,1.0,1,0,1,0,0,1,0,0,0
GN070752,0.0,0.0,0.0,0.0,0.0,0,0,0,0,0,0,0,0,0
GN182148,0.0,0.0,0.0,0.0,1.0,1,1,0,1,1,0,0,0,1
GN122338,0.0,0.0,0.0,0.0,1.0,0,0,0,0,0,0,0,0,0
GN101489,0.0,0.0,0.0,0.0,1.0,0,0,0,0,0,0,0,0,0
GN192364,0.0,0.0,0.0,0.0,1.0,1,1,0,1,1,0,0,0,0
GCA_022087285,1.0,0.0,1.0,0.0,1.0,1,0,0,0,0,1,0,1,1
GN152597,0.0,0.0,0.0,0.0,1.0,1,0,0,0,0,0,0,0,0
GN122553,0.0,0.0,0.0,0.0,1.0,0,0,0,0,0,0,0,0,0
GCA_003069525,1.0,0.0,0.0,0.0,1.0,1,1,0,0,0,1,1,1,1
GN110306,0.0,0.0,0.0,0.0,1.0,1,1,0,0,0,0,1,0,1
GN120438,0.0,0.0,0.0,0.0,1.0,1,1,0,1,1,0,0,0,1
GN100939,0.0,0.0,0.0,0.0,0.0,1,0,0,0,0,0,0,0,0
GCA_022068985,1.0,0.0,1.0,0.0,1.0,1,0,0,0,0,1,0,1,0
GN081158,0.0,0.0,0.0,0.0,0.0,0,0,0,0,0,0,0,0,0
GCA_022081275,0.0,0.0,0.0,0.0,1.0,1,0,0,0,0,1,0,1,1
GN140245,0.0,0.0,0.0,0.0,1.0,0,0,0,0,0,0,0,0,0
GN071257,1.0,0.0,1.0,0.0,1.0,1,1,0,0,0,0,1,1,0
GN201139,1.0,0.0,1.0,0.0,1.0,1,1,0,1,0,0,0,1,0
GN183273,1.0,0.0,1.0,0.0,1.0,0,1,0,1,1,0,0,0,0
GN172853,0.0,0.0,0.0,0.0,1.0,1,1,0,1,1,0,0,0,1
GCA_022087085,1.0,0.0,1.0,0.0,1.0,1,1,0,0,0,0,1,1,0
GN162911,0.0,0.0,0.0,0.0,0.0,0,0,0,0,0,0,0,0,0
GCA_022077125,1.0,0.0,1.0,0.0,1.0,1,0,0,0,0,0,0,1,1
GCA_022075905,1.0,0.0,1.0,0.0,1.0,1,1,1,0,0,0,1,0,0
GCA_022074565,1.0,1.0,1.0,1.0,1.0,0,0,0,0,0,0,0,0,0
GN180518,1.0,0.0,1.0,0.0,1.0,0,0,0,0,0,0,0,0,0
GCA_022075245,1.0,0.0,1.0,0.0,1.0,1,1,1,0,0,0,1,0,0
GN081316,0.0,0.0,0.0,0.0,1.0,1,0,0,0,0,1,0,1,0
GN191725,0.0,0.0,0.0,0.0,1.0,1,1,0,1,1,0,0,0,1
GN111125,0.0,0.0,0.0,0.0,1.0,0,0,0,0,0,0,0,0,0
GCA_022087145,1.0,0.0,1.0,0.0,1.0,1,1,1,0,0,0,0,1,0
GCA_022082655,1.0,0.0,1.0,0.0,1.0,1,0,0,0,0,0,0,1,1
GN081148,0.0,0.0,0.0,0.0,1.0,0,0,0,0,0,0,0,0,0
GN180468,0.0,0.0,0.0,0.0,0.0,1,0,0,0,0,0,0,0,0
GCA_022084475,1.0,0.0,1.0,0.0,1.0,1,1,1,0,0,0,0,0,0
GN172998,0.0,0.0,0.0,0.0,0.0,0,1,0,1,0,0,0,1,1
GN151091,0.0,0.0,0.0,0.0,0.0,0,0,0,0,0,0,0,0,0
GCA_022061285,1.0,0.0,1.0,0.0,1.0,1,0,1,0,0,0,1,1,0
GN120319,0.0,0.0,0.0,0.0,0.0,0,0,0,0,1,0,0,0,1
GCA_022067305,0.0,0.0,1.0,0.0,1.0,1,1,0,0,0,0,1,1,0
GN101689,0.0,0.0,0.0,0.0,1.0,1,0,0,0,0,0,0,0,0
GN110847,1.0,0.0,1.0,0.0,1.0,0,0,0,0,0,0,0,0,0
GN165034,0.0,0.0,0.0,0.0,0.0,0,0,0,0,0,0,0,0,0
GN183210,0.0,0.0,0.0,0.0,1.0,1,1,0,0,0,0,1,1,0
GN110307,0.0,0.0,0.0,0.0,1.0,1,1,0,1,1,0,0,0,1
GN181483,0.0,0.0,0.0,0.0,0.0,0,0,0,0,0,0,0,0,0
GN181927,0.0,0.0,0.0,0.0,1.0,0,0,0,0,0,0,0,0,0
GN091235,1.0,0.0,1.0,0.0,1.0,1,1,0,1,1,0,1,1,1
GN070771,1.0,0.0,1.0,0.0,1.0,1,1,0,1,0,0,1,1,1
GN200806,0.0,0.0,0.0,0.0,0.0,0,0,0,0,0,0,0,0,0
GN151902,0.0,0.0,0.0,0.0,0.0,1,1,1,1,0,0,0,1,0
GN182542,1.0,0.0,1.0,0.0,1.0,1,1,0,0,0,0,1,0,0
GCA_022058555,1.0,0.0,1.0,0.0,1.0,1,0,1,0,0,0,1,0,0
GN110452,0.0,0.0,0.0,0.0,1.0,0,0,0,0,0,0,0,0,0
GN070479,1.0,0.0,1.0,0.0,1.0,1,0,0,0,0,0,1,1,1
GN110092,0.0,0.0,0.0,0.0,1.0,0,0,0,0,1,0,0,0,0
GN151626,0.0,0.0,0.0,0.0,0.0,0,0,0,0,0,0,0,0,0
GCA_022063905,1.0,0.0,1.0,0.0,1.0,1,1,1,0,0,0,1,0,0
GN121006,1.0,0.0,1.0,0.0,1.0,1,1,0,1,0,0,1,1,0
GN121786,0.0,0.0,0.0,0.0,0.0,0,0,0,0,0,0,0,0,0
GCA_022088465,1.0,0.0,1.0,0.0,1.0,1,1,1,0,0,0,1,1,0
GN120840,0.0,0.0,0.0,0.0,1.0,0,1,0,0,0,0,0,0,0
GCA_022063985,0.0,0.0,1.0,0.0,1.0,1,1,1,0,0,0,1,1,0
GN120733,0.0,0.0,0.0,0.0,1.0,0,0,0,0,0,0,0,0,0
GN132098,1.0,0.0,1.0,0.0,1.0,1,1,0,0,0,0,0,0,1
GN110292,0.0,0.0,0.0,0.0,1.0,1,0,0,0,0,0,0,0,0
GN165028,1.0,0.0,1.0,0.0,1.0,1,1,0,0,0,0,1,1,0
GN182212,0.0,0.0,0.0,0.0,0.0,1,1,0,1,1,0,0,0,0
GCA_022062225,1.0,1.0,1.0,1.0,1.0,1,1,0,0,0,0,1,1,0
GN091070,1.0,0.0,1.0,0.0,1.0,1,1,0,1,0,0,1,1,1
GCA_022064585,1.0,0.0,1.0,0.0,1.0,1,0,0,0,0,1,0,1,1
GN090197,1.0,0.0,1.0,0.0,1.0,1,1,0,1,0,0,1,1,0
GN070538,1.0,0.0,1.0,0.0,1.0,1,0,0,1,0,0,1,0,1
GN203610,0.0,0.0,0.0,0.0,1.0,0,0,0,0,0,0,0,0,0
GN110353,0.0,0.0,0.0,0.0,1.0,1,0,0,0,1,1,0,1,1
GCA_022085135,1.0,0.0,1.0,0.0,1.0,1,0,0,0,0,0,0,1,0
GCA_022083795,1.0,1.0,1.0,1.0,1.0,0,0,0,0,0,1,0,0,0
GCA_022087625,1.0,0.0,1.0,0.0,1.0,1,0,0,0,0,1,0,1,1
GN132137,1.0,0.0,1.0,0.0,1.0,1,1,0,1,0,0,1,1,1
GN171441,0.0,0.0,0.0,0.0,0.0,0,0,0,0,0,0,0,0,0
GN100673,0.0,0.0,0.0,0.0,1.0,0,0,0,0,0,0,0,0,0
GCA_022077745,1.0,0.0,1.0,0.0,1.0,1,0,0,0,0,1,0,1,1
GN141322,0.0,0.0,0.0,0.0,0.0,1,0,0,0,0,0,0,0,0
GCA_022061425,0.0,0.0,0.0,0.0,1.0,0,0,0,0,0,0,0,0,0
GCA_022086615,1.0,0.0,1.0,0.0,1.0,1,0,0,0,0,1,0,1,1
GN081060,1.0,0.0,1.0,0.0,1.0,1,0,0,1,0,0,1,1,0
GN191155,1.0,0.0,1.0,0.0,1.0,1,1,0,1,0,0,0,0,0
GCA_022089335,1.0,0.0,1.0,0.0,1.0,1,0,0,0,0,1,0,1,1
GCA_022077565,1.0,0.0,1.0,0.0,1.0,1,0,0,0,0,0,0,1,1
GCA_022075165,0.0,0.0,1.0,0.0,1.0,1,1,0,0,0,0,1,1,0
GN201456,1.0,0.0,1.0,0.0,1.0,0,1,0,0,0,0,0,1,0
GN060284,0.0,0.0,0.0,0.0,1.0,1,1,0,1,1,0,0,0,1
GN090499,1.0,0.0,1.0,0.0,1.0,1,1,0,0,0,0,0,1,1
GN131879,1.0,0.0,1.0,0.0,1.0,1,0,0,1,0,1,0,1,1
GN070813,0.0,0.0,0.0,0.0,0.0,0,0,0,0,0,0,0,0,0
GCA_022072485,1.0,0.0,1.0,0.0,1.0,1,0,0,0,0,1,0,1,1
GCA_022086775,1.0,0.0,1.0,0.0,1.0,1,0,0,0,0,1,0,1,1
GN193480,0.0,0.0,0.0,0.0,1.0,1,1,0,1,0,0,0,0,0
GCA_022074865,1.0,0.0,1.0,0.0,1.0,1,0,0,0,0,1,0,1,1
GN110548,0.0,0.0,0.0,0.0,1.0,1,1,0,1,1,0,0,0,1
GN182873,1.0,0.0,1.0,0.0,1.0,1,1,0,0,0,0,0,1,1
GN165022,0.0,0.0,0.0,0.0,0.0,0,0,0,0,0,0,0,0,0
GN091248,0.0,0.0,0.0,0.0,1.0,0,0,0,0,0,0,0,1,0
GN191229,0.0,0.0,0.0,0.0,1.0,0,0,0,0,0,0,0,0,0
GCA_022077925,1.0,0.0,1.0,0.0,1.0,1,0,0,0,0,0,0,1,1
GN180520,0.0,0.0,0.0,0.0,1.0,1,1,0,1,1,0,0,0,0
GN090122,0.0,0.0,0.0,0.0,0.0,0,0,0,0,0,0,0,0,0
GCA_022077525,1.0,0.0,1.0,0.0,1.0,1,0,0,0,0,0,0,1,1
GN181694,0.0,0.0,0.0,0.0,1.0,1,1,0,1,0,0,1,1,1
GN081281,0.0,0.0,0.0,0.0,1.0,1,0,0,0,0,0,0,0,0
GN183054,0.0,0.0,0.0,0.0,1.0,1,1,0,1,1,0,0,0,1
GN121338,0.0,0.0,0.0,0.0,1.0,1,1,0,0,0,1,0,1,1
GN191081,1.0,0.0,1.0,0.0,1.0,1,1,0,1,0,0,0,1,1
GN122430,1.0,0.0,0.0,0.0,0.0,1,1,0,0,0,0,1,1,1
GN140465,0.0,0.0,0.0,0.0,1.0,1,1,0,1,0,0,0,1,0
GN121655,0.0,0.0,0.0,0.0,0.0,0,0,0,0,0,0,0,0,0
GCA_000633775,1.0,0.0,1.0,0.0,1.0,1,0,0,0,0,0,0,0,1
GN132213,0.0,0.0,0.0,0.0,0.0,1,1,0,0,0,1,0,1,1
GN180378,0.0,0.0,0.0,0.0,1.0,1,0,0,1,1,0,0,0,1
GCA_022067445,1.0,1.0,1.0,1.0,0.0,0,0,0,0,0,0,0,0,0
GN060609,0.0,0.0,0.0,0.0,1.0,1,0,0,0,0,0,0,0,0
GCA_022082555,1.0,0.0,1.0,0.0,1.0,1,1,1,0,0,0,1,0,0
GN183047,1.0,0.0,1.0,0.0,1.0,1,1,0,1,0,1,1,1,1
GN191620,1.0,0.0,1.0,0.0,1.0,1,1,0,0,0,0,1,1,0
GN110854,0.0,0.0,0.0,0.0,1.0,1,1,0,0,0,0,0,1,0
GN191228,1.0,0.0,1.0,0.0,1.0,1,0,0,1,1,0,0,1,1
GCA_022064825,1.0,0.0,1.0,0.0,1.0,1,0,0,0,0,0,0,1,1
GN130806,0.0,0.0,0.0,0.0,1.0,0,0,0,0,0,0,0,0,0
GCA_022060705,1.0,0.0,1.0,0.0,1.0,1,0,0,0,0,1,0,1,1
GCA_022063065,1.0,0.0,1.0,0.0,1.0,0,0,0,0,0,0,0,0,0
GCA_022084935,1.0,1.0,1.0,1.0,1.0,0,0,0,0,0,0,0,0,0
GN122845,0.0,0.0,0.0,0.0,1.0,1,1,0,0,0,0,1,1,0
GN165012,0.0,0.0,0.0,0.0,1.0,0,0,0,0,0,0,0,0,0
GN111124,0.0,0.0,0.0,0.0,1.0,1,0,0,0,0,0,0,1,1
GN193770,0.0,0.0,0.0,0.0,1.0,0,0,0,0,0,0,0,0,0
GN122671,0.0,0.0,0.0,0.0,0.0,1,0,0,0,0,0,0,0,0
GN080032,0.0,0.0,0.0,0.0,1.0,1,0,0,0,0,0,0,0,0
GCA_022069985,1.0,0.0,1.0,0.0,1.0,0,0,0,0,0,0,0,0,0
GN140463,0.0,0.0,0.0,0.0,1.0,0,0,0,0,0,0,0,0,0
GN193440,0.0,0.0,0.0,0.0,1.0,1,1,0,1,0,0,0,1,1
GN192725,0.0,0.0,0.0,0.0,1.0,1,0,0,0,0,0,0,0,0
GCA_022064625,0.0,0.0,1.0,0.0,1.0,1,1,1,0,0,0,1,0,0
GCA_022075525,0.0,0.0,1.0,0.0,1.0,1,1,0,0,0,0,1,1,0
GCA_022075045,1.0,0.0,1.0,0.0,1.0,1,1,1,0,0,0,1,0,0
GN131309,0.0,0.0,0.0,0.0,1.0,1,1,0,1,1,0,0,0,1
GN203500,0.0,0.0,0.0,0.0,1.0,1,1,0,1,0,0,0,1,0
GN131534,0.0,0.0,0.0,0.0,1.0,1,1,0,1,1,0,0,0,1
GN181930,1.0,0.0,1.0,0.0,1.0,0,1,0,0,0,0,0,0,0
GCF_001874715,0.0,0.0,1.0,0.0,0.0,0,0,0,0,0,0,0,0,0
GN122315,0.0,0.0,0.0,0.0,1.0,1,1,0,1,1,0,0,0,0
GN060831,0.0,0.0,0.0,0.0,0.0,0,0,0,0,1,0,0,0,0
GN182898,0.0,0.0,0.0,0.0,1.0,0,0,0,0,0,0,0,0,0
GN091572,0.0,0.0,0.0,0.0,0.0,0,0,0,0,0,0,0,0,0
GN070764,0.0,0.0,0.0,0.0,1.0,0,0,0,0,0,0,0,0,0
GN202984,0.0,0.0,0.0,0.0,1.0,1,1,0,1,1,0,0,0,0
GN120450,0.0,0.0,0.0,0.0,0.0,0,0,0,0,0,0,0,0,0
GCA_022076785,1.0,0.0,1.0,0.0,1.0,1,0,0,0,0,1,0,1,0
GN120730,1.0,0.0,1.0,0.0,1.0,1,0,0,1,0,0,0,1,1
GCA_022077265,1.0,1.0,1.0,1.0,0.0,0,0,0,0,0,0,0,0,0
GCA_022086165,0.0,0.0,0.0,0.0,1.0,1,0,1,0,0,0,0,1,0
GCA_022079875,1.0,1.0,1.0,1.0,1.0,1,1,1,0,0,0,0,0,1
GN131259,1.0,0.0,0.0,0.0,1.0,1,1,0,1,0,0,0,1,0
GN180768,1.0,0.0,1.0,0.0,1.0,1,1,0,0,0,0,0,1,0
GN101088,0.0,0.0,0.0,0.0,0.0,1,0,0,0,0,0,0,0,1
GN191552,1.0,0.0,1.0,0.0,1.0,1,1,0,0,0,0,0,1,0
GN121532,1.0,0.0,1.0,0.0,1.0,1,1,0,0,0,0,0,0,1
GN081061,0.0,0.0,0.0,0.0,1.0,0,0,0,0,0,0,0,0,0
GN201007,0.0,0.0,0.0,0.0,0.0,0,0,0,0,0,0,0,0,1
GCA_022059775,1.0,0.0,1.0,0.0,1.0,1,0,0,0,0,1,0,1,1
GN181683,0.0,0.0,0.0,0.0,0.0,1,0,0,1,0,0,0,1,0
GCA_022070585,1.0,1.0,1.0,1.0,1.0,0,0,0,0,0,0,0,0,0
GN165036,1.0,0.0,1.0,0.0,1.0,1,1,0,1,0,0,0,1,0
GN091233,1.0,0.0,1.0,0.0,1.0,1,1,0,1,0,0,0,1,0
GCA_022074765,1.0,0.0,1.0,0.0,1.0,1,0,0,0,0,0,0,1,1
GN120280,0.0,0.0,0.0,0.0,1.0,1,0,0,0,0,0,0,0,0
GCF_001701975,1.0,0.0,1.0,0.0,1.0,1,1,0,0,0,0,1,1,0
GCA_022072985,1.0,0.0,1.0,0.0,1.0,1,0,0,0,0,0,0,0,0
GCA_022075285,1.0,0.0,1.0,0.0,1.0,1,1,1,1,0,0,0,0,1
GN192430,1.0,0.0,1.0,0.0,1.0,1,1,0,0,0,0,0,1,0
GN121804,0.0,0.0,0.0,0.0,0.0,0,0,0,0,0,0,0,0,0
GN120973,0.0,0.0,0.0,0.0,0.0,0,0,0,0,0,0,0,0,0
GN120485,0.0,0.0,0.0,0.0,1.0,1,1,0,0,0,0,1,1,0
GN120989,0.0,0.0,0.0,0.0,1.0,1,1,0,1,0,0,0,1,1
GN110722,0.0,0.0,0.0,0.0,1.0,0,0,0,0,0,0,0,0,0
GN165030,0.0,0.0,0.0,0.0,1.0,1,1,0,1,0,0,0,1,1
GCA_022064765,1.0,1.0,1.0,1.0,0.0,0,0,0,0,0,0,0,0,0
GN132325,0.0,0.0,0.0,0.0,0.0,1,1,0,0,1,0,0,1,1
GN130858,0.0,0.0,0.0,0.0,1.0,0,0,0,0,0,0,0,0,0
GN121300,0.0,0.0,0.0,0.0,0.0,0,0,0,0,0,0,0,0,0
GCA_022085015,1.0,0.0,1.0,0.0,1.0,1,1,1,0,0,0,1,0,0
GN132424,0.0,0.0,0.0,0.0,0.0,1,0,0,0,0,1,0,0,0
GN132039,0.0,0.0,1.0,0.0,1.0,0,0,0,0,0,0,0,0,0
GCA_022070805,1.0,0.0,1.0,0.0,1.0,1,0,0,0,0,1,0,1,1
GCA_022058945,0.0,0.0,0.0,0.0,1.0,1,0,1,0,0,1,0,0,0
GN141987,0.0,0.0,0.0,0.0,1.0,0,0,0,0,0,0,0,0,0
GN140181,0.0,0.0,0.0,0.0,1.0,1,1,0,0,0,0,1,1,0
GCA_022065025,1.0,0.0,1.0,0.0,1.0,1,0,0,0,0,1,0,1,1
GN180020,1.0,0.0,1.0,0.0,1.0,1,1,0,1,0,0,0,1,1
GN071024,0.0,0.0,0.0,0.0,0.0,0,0,0,0,0,0,0,0,0
GCA_022060525,1.0,0.0,1.0,0.0,1.0,1,0,0,1,0,0,0,0,1
GCA_022073065,1.0,0.0,1.0,0.0,1.0,0,0,0,0,0,1,0,1,0
GN120418,1.0,0.0,1.0,0.0,1.0,1,1,0,0,0,1,1,0,0
GCA_022058925,0.0,0.0,0.0,0.0,0.0,1,0,0,0,0,0,0,1,1
GN070784,0.0,0.0,0.0,0.0,1.0,1,1,0,1,1,0,0,0,0
GCA_022066745,0.0,0.0,0.0,0.0,1.0,1,0,0,0,0,1,0,1,1
GCA_022088845,1.0,0.0,1.0,0.0,1.0,0,0,0,0,0,0,0,0,0
GCA_022076965,1.0,0.0,1.0,0.0,1.0,1,0,0,0,0,0,0,1,0
GN190582,1.0,0.0,1.0,0.0,1.0,1,0,0,1,1,0,0,1,1
GN151447,1.0,0.0,1.0,0.0,1.0,1,1,0,1,0,0,1,1,0
GCA_022086905,1.0,0.0,1.0,0.0,1.0,1,1,1,0,0,0,1,0,0
GCA_000693235,1.0,0.0,1.0,0.0,1.0,1,1,0,0,0,0,0,0,1
GN200945,0.0,0.0,0.0,0.0,0.0,0,0,0,0,0,0,0,0,0
GN191240,0.0,0.0,0.0,0.0,0.0,0,0,0,0,0,0,0,0,0
GCA_022078865,1.0,0.0,1.0,0.0,1.0,0,0,0,0,0,0,0,1,0
GCA_022086305,1.0,0.0,1.0,0.0,1.0,1,0,0,0,0,1,0,1,1
GCA_022090895,1.0,0.0,1.0,0.0,1.0,1,0,0,0,0,1,0,1,1
GN121042,0.0,0.0,0.0,0.0,1.0,0,0,0,0,0,0,0,0,0
GCA_022063705,1.0,0.0,1.0,0.0,1.0,1,1,0,0,0,0,1,1,0
GN122793,1.0,0.0,1.0,0.0,1.0,1,1,0,0,0,0,0,0,0
GN090897,0.0,0.0,0.0,0.0,1.0,0,0,0,0,0,0,0,0,0
GCA_022074825,1.0,0.0,1.0,0.0,1.0,1,0,0,0,0,0,0,1,0
GCA_022075585,1.0,0.0,1.0,0.0,1.0,1,0,0,0,0,0,0,1,1
GN201667,0.0,0.0,0.0,0.0,0.0,0,0,0,0,0,0,0,0,0
GN191058,0.0,0.0,0.0,0.0,1.0,1,1,0,1,0,0,0,1,0
GN130601,0.0,0.0,0.0,0.0,0.0,0,0,0,0,0,0,0,0,0
GN172074,0.0,0.0,0.0,0.0,1.0,1,1,0,1,0,0,0,1,1
GCA_022067325,1.0,0.0,1.0,0.0,1.0,1,0,0,0,0,0,0,1,1
GN090667,0.0,0.0,0.0,0.0,1.0,1,0,0,0,0,0,0,0,0
GN181708,0.0,0.0,0.0,0.0,0.0,1,1,0,0,0,0,0,0,0
GN192584,0.0,0.0,0.0,0.0,0.0,1,1,0,1,0,0,0,1,0
GN132498,0.0,0.0,0.0,0.0,1.0,0,0,0,0,0,1,0,0,0
GCA_022081855,1.0,0.0,1.0,0.0,1.0,0,0,0,0,0,0,0,0,0
GN071187,1.0,0.0,1.0,0.0,1.0,1,0,0,1,0,0,0,1,1
GCA_022079735,0.0,0.0,0.0,0.0,1.0,0,0,0,0,0,0,0,0,0
GN080716,0.0,0.0,0.0,0.0,1.0,0,1,0,0,0,0,0,1,0
GN181343,0.0,0.0,0.0,0.0,1.0,1,0,0,0,1,0,1,0,1
GN122419,0.0,0.0,0.0,0.0,0.0,1,0,0,0,0,0,0,0,0
GN110806,0.0,0.0,0.0,0.0,0.0,1,1,0,1,0,0,0,0,1
GCA_022074145,1.0,0.0,1.0,0.0,1.0,1,0,0,0,0,1,0,1,1
GN140712,0.0,0.0,0.0,0.0,1.0,1,1,0,1,1,0,0,0,1
GN121344,1.0,0.0,1.0,0.0,1.0,0,0,0,0,0,0,0,0,0
GN061037,0.0,0.0,0.0,0.0,1.0,0,0,0,0,0,0,0,0,0
GN204013,1.0,0.0,1.0,0.0,1.0,1,0,0,1,1,0,0,0,1
GN200796,0.0,0.0,0.0,0.0,1.0,0,0,0,0,0,0,0,0,0
GN090810,0.0,0.0,0.0,0.0,0.0,0,0,0,0,0,0,0,0,0
GN192371,0.0,0.0,0.0,0.0,1.0,1,1,0,1,0,0,0,1,0
GCA_022078845,1.0,0.0,1.0,0.0,1.0,1,0,0,0,0,1,0,1,1
GN203409,0.0,0.0,0.0,0.0,1.0,1,0,0,1,0,0,0,0,0
GCA_002180075,1.0,0.0,1.0,0.0,1.0,1,1,0,0,0,0,1,1,0
GCA_022063725,1.0,0.0,1.0,0.0,1.0,1,1,0,0,0,0,1,1,0
GN090658,0.0,0.0,0.0,0.0,1.0,1,1,0,1,1,0,0,0,1
GN150538,1.0,0.0,1.0,0.0,1.0,1,1,0,1,0,0,1,1,0
GN140434,1.0,0.0,1.0,0.0,1.0,0,1,0,0,0,0,0,0,1
GN070675,1.0,0.0,1.0,0.0,1.0,1,0,1,0,0,0,0,0,1
GN200960,0.0,0.0,0.0,0.0,1.0,0,0,0,0,0,0,0,0,0
GN081212,1.0,0.0,1.0,0.0,1.0,1,1,0,0,0,0,0,0,0
GCA_022082815,1.0,0.0,1.0,0.0,1.0,1,0,0,0,0,1,0,1,1
GN100655,0.0,0.0,0.0,0.0,1.0,1,1,0,1,0,0,0,0,0
GCA_022079165,1.0,0.0,1.0,0.0,1.0,1,0,0,0,0,0,0,1,1
GN162070,0.0,0.0,0.0,0.0,0.0,0,0,0,0,0,0,0,0,0
GN203571,0.0,0.0,0.0,0.0,1.0,1,0,1,1,0,0,0,0,0
GN182354,0.0,0.0,0.0,0.0,1.0,1,1,0,1,0,0,0,1,1
GCA_022068925,1.0,0.0,1.0,0.0,1.0,1,0,0,0,0,1,0,1,1
GN162020,0.0,0.0,0.0,0.0,0.0,0,1,0,1,1,0,0,0,0
GN111180,0.0,0.0,0.0,0.0,1.0,1,1,0,0,0,0,1,1,1
GN110785,0.0,0.0,0.0,0.0,1.0,0,0,0,0,0,0,0,0,0
GCA_022071345,0.0,0.0,0.0,0.0,1.0,1,1,1,0,0,0,0,1,0
GN180470,1.0,0.0,1.0,0.0,1.0,1,1,0,0,0,1,1,1,1
GN132021,1.0,0.0,1.0,0.0,1.0,1,0,0,1,1,0,0,0,1
GN200926,1.0,0.0,1.0,0.0,1.0,1,0,0,1,0,1,0,1,1
GN172060,1.0,0.0,1.0,0.0,1.0,1,1,0,1,0,0,1,1,1
GN160979,0.0,0.0,0.0,0.0,0.0,1,1,0,1,1,0,0,0,0
GN203448,0.0,0.0,1.0,0.0,1.0,1,1,0,1,1,0,0,0,0
GN151983,0.0,0.0,0.0,0.0,1.0,0,0,0,0,0,0,0,0,0
GN183185,1.0,0.0,1.0,0.0,1.0,1,1,0,1,0,0,1,1,0
GN132291,0.0,0.0,0.0,0.0,1.0,1,1,0,0,0,0,1,1,0
GN120628,0.0,0.0,0.0,0.0,0.0,1,1,0,1,1,0,0,0,0
GN090123,1.0,0.0,1.0,0.0,1.0,1,0,0,1,0,0,1,0,1
GCA_022080355,0.0,0.0,0.0,0.0,1.0,1,0,0,0,0,1,0,1,1
GN141992,0.0,0.0,0.0,0.0,0.0,1,1,0,1,0,0,0,1,1
GCA_022087585,1.0,0.0,1.0,0.0,1.0,1,0,0,0,0,0,0,1,0
GN192306,0.0,0.0,0.0,0.0,0.0,1,0,0,0,0,0,0,0,0
GCA_003010735,0.0,0.0,1.0,0.0,0.0,1,1,0,0,0,0,1,1,1
GN201552,0.0,0.0,0.0,0.0,0.0,1,1,0,0,1,0,1,1,1
GN101706,0.0,0.0,0.0,0.0,1.0,1,1,0,0,0,1,0,0,1
GN110710,0.0,0.0,0.0,0.0,0.0,1,0,0,0,0,0,0,0,0
GCA_022073005,0.0,0.0,0.0,0.0,1.0,1,0,0,0,0,1,0,1,1
GN080992,1.0,0.0,1.0,0.0,1.0,1,1,0,1,0,0,0,0,0
GN091044,1.0,0.0,1.0,0.0,1.0,1,1,0,1,0,0,1,1,1
GN090802,0.0,0.0,0.0,0.0,0.0,0,1,0,0,0,0,0,1,0
GN132262,0.0,0.0,0.0,0.0,1.0,0,0,0,0,0,0,0,0,0
GN203597,0.0,0.0,0.0,0.0,0.0,1,0,0,0,0,0,0,0,0
GN201356,0.0,0.0,0.0,0.0,1.0,1,1,0,1,0,0,1,1,1
GN132002,1.0,0.0,1.0,0.0,1.0,1,1,0,1,0,0,0,1,1
GCA_022069045,0.0,0.0,0.0,0.0,1.0,0,0,0,0,0,0,0,0,0
GN091011,1.0,0.0,1.0,0.0,1.0,1,1,0,0,0,0,1,1,1
GCA_022069305,1.0,0.0,1.0,0.0,1.0,1,1,1,0,0,0,1,0,0
GCA_002751905,0.0,0.0,0.0,0.0,1.0,1,1,0,1,1,0,1,1,1
GN160317,0.0,0.0,0.0,0.0,1.0,0,0,0,0,0,0,0,0,0
GN172811,0.0,0.0,0.0,0.0,0.0,1,0,0,0,0,0,0,0,0
GN122135,0.0,0.0,0.0,0.0,1.0,1,0,0,1,1,0,0,0,1
GCA_000693875,1.0,0.0,1.0,0.0,1.0,1,1,0,0,0,1,0,0,1
GN203580,0.0,0.0,0.0,0.0,0.0,0,0,0,0,0,0,0,0,0
GCA_022070865,0.0,0.0,0.0,0.0,1.0,1,0,0,0,0,1,0,1,1
GN171443,0.0,0.0,0.0,0.0,1.0,0,0,0,0,0,0,0,0,0
GN122743,0.0,0.0,0.0,0.0,1.0,1,1,0,1,0,0,0,1,1
GCA_022065125,0.0,0.0,1.0,0.0,1.0,1,0,1,0,0,0,1,1,0
GCA_022065165,0.0,0.0,0.0,0.0,0.0,1,0,1,0,0,1,0,0,0
GCF_001874695,1.0,0.0,1.0,0.0,1.0,1,1,0,0,1,0,0,1,1
GCA_022060165,1.0,0.0,1.0,0.0,1.0,0,0,0,0,0,1,0,1,1
GN141576,0.0,0.0,0.0,0.0,0.0,0,0,0,0,0,0,0,0,0
GCA_022080455,1.0,0.0,1.0,0.0,1.0,1,0,0,0,0,1,0,1,0
GCA_022062005,1.0,1.0,1.0,1.0,1.0,0,0,0,0,0,0,0,0,0
GN183262,1.0,0.0,0.0,0.0,1.0,1,0,0,1,0,0,0,1,1
GN142470,0.0,0.0,0.0,0.0,1.0,1,1,0,1,0,0,0,1,1
GN090395,0.0,0.0,0.0,0.0,1.0,1,1,0,0,1,0,1,0,1
GN201586,1.0,0.0,1.0,0.0,1.0,1,1,0,0,0,0,0,0,0
GN111169,0.0,0.0,0.0,0.0,0.0,0,0,0,0,0,0,0,0,0
GCA_022085625,1.0,0.0,1.0,0.0,1.0,0,0,0,0,0,1,0,1,0
GN140478,0.0,0.0,0.0,0.0,1.0,0,0,0,0,0,0,0,0,0
GCA_000633735,1.0,0.0,1.0,0.0,1.0,1,0,1,0,0,0,0,0,1
GN122233,1.0,0.0,1.0,0.0,1.0,1,1,0,0,0,1,0,1,1
GCA_022075085,0.0,0.0,1.0,0.0,1.0,1,1,0,0,0,0,1,1,0
GN121354,0.0,0.0,0.0,0.0,1.0,1,1,0,1,1,0,0,1,1
GN171854,0.0,0.0,0.0,0.0,1.0,1,0,0,1,0,0,0,1,0
GN131320,1.0,0.0,1.0,0.0,1.0,0,0,0,0,0,0,0,0,0
GN070465,0.0,0.0,0.0,0.0,1.0,1,1,0,1,0,0,1,0,1
GCA_000693275,1.0,0.0,1.0,0.0,1.0,1,1,0,0,0,0,0,0,1
GN091554,0.0,0.0,0.0,0.0,1.0,1,1,0,1,1,0,0,0,1
GCA_022075125,1.0,0.0,1.0,0.0,1.0,1,0,0,0,0,1,0,1,1
GN172566,0.0,0.0,0.0,0.0,0.0,0,0,0,0,0,0,0,0,0
GN090509,0.0,0.0,0.0,0.0,0.0,1,0,0,0,0,0,0,0,0
GN201817,1.0,0.0,1.0,0.0,1.0,1,1,0,0,0,0,0,1,0
GN132454,1.0,0.0,1.0,0.0,1.0,1,1,0,1,0,0,0,0,1
GCA_022078825,1.0,0.0,1.0,0.0,1.0,1,1,0,0,0,0,1,1,0
GN110525,0.0,0.0,0.0,0.0,1.0,1,1,0,1,1,0,0,0,1
GN150082,0.0,0.0,0.0,0.0,0.0,0,0,0,0,0,0,0,0,0
GCA_022081335,1.0,0.0,1.0,0.0,1.0,1,1,0,0,0,0,1,1,0
GN122354,1.0,0.0,1.0,0.0,1.0,1,0,0,0,0,1,0,0,1
GN141613,1.0,0.0,1.0,0.0,1.0,1,0,0,1,0,0,1,1,1
GN190790,0.0,0.0,0.0,0.0,1.0,1,1,0,1,0,0,0,1,0
GN122715,1.0,0.0,1.0,0.0,1.0,1,0,0,0,0,0,0,0,0
GCA_022091095,1.0,0.0,1.0,0.0,1.0,1,0,0,0,0,0,0,1,0
GN201457,0.0,0.0,0.0,0.0,0.0,0,0,0,0,0,0,0,0,0
GN190090,0.0,0.0,0.0,0.0,1.0,1,0,0,0,0,0,0,1,1
GN172749,0.0,0.0,0.0,0.0,1.0,1,0,0,1,1,0,0,1,1
GN122824,0.0,0.0,0.0,0.0,1.0,1,0,0,0,0,0,0,0,0
GN100658,0.0,0.0,0.0,0.0,0.0,0,0,0,0,0,0,0,0,0
GN111436,0.0,0.0,0.0,0.0,0.0,0,0,0,0,0,0,0,0,0
GCA_022088945,1.0,0.0,1.0,0.0,1.0,1,0,0,0,0,1,0,1,1
GN192706,1.0,0.0,1.0,0.0,1.0,1,1,0,0,0,1,0,1,0
GN201605,1.0,0.0,1.0,0.0,1.0,0,1,0,1,0,0,0,1,1
GCA_022076405,1.0,0.0,1.0,0.0,1.0,1,0,0,0,0,0,0,1,1
GN1650025,0.0,0.0,0.0,0.0,1.0,0,0,0,0,0,0,0,0,0
GCA_022075375,1.0,0.0,1.0,0.0,1.0,1,1,1,0,0,0,1,0,0
GN091090,0.0,0.0,0.0,0.0,0.0,0,0,0,0,0,0,0,0,0
GN180517,0.0,0.0,0.0,0.0,1.0,1,1,0,1,0,0,0,1,0
GN110314,0.0,0.0,0.0,0.0,1.0,1,1,0,1,1,0,0,0,1
GN201881,1.0,0.0,1.0,0.0,0.0,1,1,0,1,0,0,1,1,0
GN061413,0.0,0.0,0.0,0.0,1.0,1,1,0,1,1,0,0,0,1
GN110280,1.0,0.0,1.0,0.0,1.0,1,1,1,0,0,1,0,0,0
GN122838,0.0,0.0,0.0,0.0,1.0,1,1,0,1,1,0,0,1,1
GN190810,0.0,0.0,0.0,0.0,0.0,0,0,0,0,0,0,0,0,0
GN172573,0.0,0.0,0.0,0.0,0.0,0,0,0,0,0,0,0,0,0
GCA_022058465,1.0,0.0,1.0,0.0,1.0,1,0,0,0,0,1,0,1,0
GN183274,1.0,0.0,1.0,0.0,1.0,0,1,0,1,0,0,0,1,0
GN140404,0.0,0.0,1.0,0.0,0.0,1,0,0,0,0,0,0,0,0
GN200906,1.0,0.0,1.0,0.0,1.0,1,1,0,1,0,0,0,1,0
GCA_022083935,1.0,0.0,1.0,0.0,1.0,1,0,0,0,0,1,0,1,1
GN120629,0.0,0.0,0.0,0.0,1.0,1,0,0,1,0,0,0,0,0
GN201541,0.0,0.0,0.0,0.0,1.0,1,0,0,1,1,0,1,1,1
GN090662,0.0,0.0,0.0,0.0,1.0,1,1,0,0,0,0,0,1,0
GN140485,0.0,0.0,0.0,0.0,1.0,0,0,0,0,0,0,0,0,0
GN180521,1.0,0.0,1.0,0.0,1.0,1,1,0,1,0,0,1,1,1
GN165016,0.0,0.0,0.0,0.0,1.0,0,0,0,0,0,0,0,0,0
GN080764,0.0,0.0,0.0,0.0,0.0,0,1,0,0,0,0,0,1,0
GN163500,0.0,0.0,0.0,0.0,0.0,0,0,0,0,0,0,0,0,0
GCA_022089125,0.0,0.0,1.0,0.0,1.0,1,1,0,0,0,0,1,1,0
GN171852,0.0,0.0,0.0,0.0,1.0,1,1,0,1,0,0,0,1,0
GN191778,0.0,0.0,0.0,0.0,0.0,1,1,0,1,0,0,0,0,0
GN202960,1.0,0.0,1.0,0.0,1.0,0,1,0,1,1,0,0,1,0
GCA_022085215,0.0,0.0,0.0,0.0,1.0,1,0,0,0,0,0,0,1,1
GCA_022059555,1.0,1.0,1.0,1.0,0.0,0,0,0,0,0,0,0,0,0
GN100451,0.0,0.0,0.0,0.0,0.0,1,1,0,0,0,0,0,1,0
GN171217,0.0,0.0,0.0,0.0,1.0,1,1,0,1,0,0,0,1,0
GN122428,1.0,0.0,1.0,0.0,1.0,1,1,0,1,0,0,1,0,1
GN165041,0.0,0.0,0.0,0.0,1.0,0,0,0,0,0,0,0,0,0
GN131133,0.0,0.0,0.0,0.0,1.0,1,1,0,1,1,0,0,0,0
GCA_022069185,1.0,0.0,1.0,0.0,1.0,1,1,1,0,0,0,1,0,0
GN130957,0.0,0.0,0.0,0.0,1.0,1,0,0,1,0,0,0,0,1
GN180374,1.0,0.0,1.0,0.0,1.0,1,1,0,0,0,0,0,1,0
GN122492,0.0,0.0,0.0,0.0,1.0,1,1,0,0,0,1,0,1,1
GN193416,0.0,0.0,0.0,0.0,0.0,1,0,0,1,1,0,0,1,0
GN110478,0.0,0.0,0.0,0.0,1.0,1,1,0,1,1,0,0,0,0
GN182425,1.0,0.0,1.0,0.0,1.0,1,1,0,1,0,0,0,1,0
GN201386,0.0,0.0,0.0,0.0,0.0,1,0,0,0,0,0,0,0,0
GCA_022087405,1.0,0.0,1.0,0.0,1.0,1,1,1,0,0,0,1,0,0
GN101670,0.0,0.0,0.0,0.0,1.0,1,1,0,1,1,0,0,0,0
GN091257,0.0,0.0,0.0,0.0,1.0,0,1,0,0,0,0,0,1,0
GN101096,1.0,0.0,1.0,0.0,1.0,1,1,0,0,0,0,0,1,1
GN132281,1.0,0.0,1.0,0.0,1.0,1,1,0,0,0,1,0,1,0
GN120662,0.0,0.0,0.0,0.0,1.0,0,0,0,0,0,0,0,0,0
GCA_022076325,1.0,0.0,1.0,0.0,1.0,1,0,0,0,0,1,0,1,1
GN110322,0.0,0.0,0.0,0.0,1.0,0,0,0,0,0,0,0,0,0
GN203591,0.0,0.0,0.0,0.0,1.0,1,0,0,0,0,0,0,0,0
GCA_022088105,1.0,0.0,1.0,0.0,1.0,1,1,1,0,0,0,0,0,0
GCA_022083595,1.0,1.0,1.0,1.0,0.0,0,0,0,0,0,0,0,0,0
GN172558,0.0,0.0,0.0,0.0,1.0,1,1,0,1,0,0,0,0,0
GN131601,1.0,0.0,1.0,0.0,1.0,1,1,0,1,0,1,0,0,0
GN061183,0.0,0.0,0.0,0.0,0.0,0,0,0,0,0,0,0,0,0
GN120571,1.0,0.0,1.0,0.0,1.0,1,1,0,1,1,0,1,0,1
GCA_022074485,1.0,0.0,1.0,0.0,1.0,1,1,0,0,0,0,1,1,0
GN121225,0.0,0.0,0.0,0.0,1.0,1,1,0,0,0,0,0,1,1
GN121570,0.0,0.0,0.0,0.0,0.0,0,0,0,0,0,0,0,0,0
GCA_022062425,1.0,0.0,1.0,0.0,1.0,1,0,0,0,0,1,0,1,1
GCA_022070345,1.0,0.0,1.0,0.0,1.0,1,1,1,0,0,0,1,0,0
GN131110,0.0,0.0,0.0,0.0,1.0,1,1,0,0,0,0,0,1,0
GN122835,0.0,0.0,0.0,0.0,1.0,0,0,0,0,0,0,0,0,0
GCA_022078925,1.0,0.0,1.0,0.0,1.0,1,0,0,0,0,0,0,1,1
GCA_022084035,1.0,0.0,1.0,0.0,1.0,1,0,0,0,0,1,0,1,0
GN101681,0.0,0.0,0.0,0.0,0.0,1,0,0,0,0,0,0,0,0
GN081321,1.0,0.0,1.0,0.0,1.0,1,1,0,1,0,0,0,0,0
GN110707,0.0,0.0,0.0,0.0,1.0,1,1,0,1,0,0,0,1,0
GCA_022070385,1.0,0.0,1.0,0.0,1.0,1,1,0,0,0,0,1,1,0
GN191065,0.0,0.0,0.0,0.0,0.0,1,0,0,0,0,0,0,0,0
GN060059,0.0,0.0,0.0,0.0,1.0,1,0,0,0,0,0,0,0,0
GCA_022066425,1.0,0.0,1.0,0.0,1.0,0,0,0,0,0,0,0,0,0
GN202690,1.0,0.0,1.0,0.0,1.0,0,1,0,0,0,0,0,0,0
GN191034,1.0,0.0,1.0,0.0,1.0,1,1,0,1,0,0,1,1,1
GN122841,1.0,0.0,1.0,0.0,1.0,1,1,0,1,0,0,1,0,0
GN070645,1.0,0.0,1.0,0.0,1.0,1,1,0,0,0,0,1,1,1
GN191788,0.0,0.0,0.0,0.0,1.0,1,1,0,1,0,0,0,1,0
GCA_022076485,1.0,0.0,1.0,0.0,1.0,1,0,0,0,0,0,0,1,1
GN140464,0.0,0.0,0.0,0.0,0.0,0,0,0,0,0,0,0,0,0
GCA_022068165,0.0,0.0,0.0,0.0,1.0,1,0,0,0,0,1,0,1,1
GN160567,0.0,0.0,0.0,0.0,0.0,0,0,0,0,0,0,0,0,0
GN132111,1.0,0.0,1.0,0.0,1.0,0,0,0,0,0,0,0,0,0
GCA_022071285,0.0,0.0,1.0,0.0,1.0,0,0,0,0,0,0,0,0,0
GCA_022087605,0.0,0.0,0.0,0.0,1.0,1,0,0,0,0,1,0,0,1
GN122843,0.0,0.0,0.0,0.0,0.0,0,0,0,0,0,0,0,0,0
GN091054,0.0,0.0,0.0,0.0,0.0,1,0,0,0,0,0,0,0,0
GN131893,0.0,0.0,0.0,0.0,1.0,1,1,0,1,1,0,1,0,1
GN190552,0.0,0.0,0.0,0.0,0.0,0,0,0,0,1,0,0,1,0
GN131043,0.0,0.0,0.0,0.0,1.0,0,0,0,0,0,0,0,0,0
GN192423,0.0,0.0,0.0,0.0,0.0,0,0,0,0,0,0,0,0,0
GN120956,0.0,0.0,0.0,0.0,1.0,1,1,0,1,1,0,0,0,1
GCA_022088445,1.0,1.0,1.0,1.0,1.0,0,0,0,0,0,0,0,0,0
GN070754,1.0,0.0,1.0,0.0,1.0,1,1,0,1,0,0,1,1,1
GN191992,0.0,0.0,0.0,0.0,1.0,1,1,0,1,0,0,0,1,0
GN190808,1.0,0.0,1.0,0.0,1.0,0,0,0,0,0,0,0,0,0
GCA_022087005,1.0,0.0,1.0,0.0,1.0,1,1,1,0,0,0,1,1,0
GN203723,1.0,0.0,1.0,0.0,1.0,1,0,0,1,0,1,0,1,1
GN183255,0.0,0.0,0.0,0.0,1.0,0,0,0,0,0,0,0,0,0
GN192425,0.0,0.0,0.0,0.0,0.0,0,0,0,0,0,0,0,0,0
GN120335,1.0,0.0,1.0,0.0,1.0,1,1,0,1,1,1,1,1,1
GN142119,1.0,0.0,1.0,0.0,1.0,1,1,0,1,0,1,0,1,1
GCA_022086105,1.0,0.0,1.0,0.0,1.0,1,0,0,0,0,0,0,1,0
GCA_003204175,0.0,0.0,1.0,0.0,1.0,0,0,0,1,0,0,0,0,0
GCA_022063235,1.0,0.0,1.0,0.0,1.0,1,1,0,0,0,0,1,1,0
GN140798,0.0,0.0,0.0,0.0,0.0,0,0,0,0,0,0,0,0,0
GN140145,1.0,0.0,1.0,0.0,1.0,1,1,0,1,0,0,0,1,1
GN142465,0.0,0.0,0.0,0.0,1.0,1,1,0,0,0,0,0,1,1
GCA_022082035,0.0,0.0,0.0,0.0,1.0,0,0,0,0,0,0,0,0,0
GN090860,0.0,0.0,0.0,0.0,0.0,0,1,0,0,0,0,0,0,0
GN202121,0.0,0.0,0.0,0.0,0.0,0,1,0,1,0,0,0,0,1
GCA_022087325,0.0,0.0,0.0,0.0,1.0,1,0,0,0,0,1,0,1,1
GCA_022083415,1.0,0.0,1.0,0.0,1.0,1,0,0,0,0,1,0,1,1
GCA_022070765,1.0,0.0,1.0,0.0,1.0,0,0,0,0,0,0,0,0,0
GCA_022064525,1.0,0.0,1.0,0.0,1.0,1,1,0,0,0,0,1,1,0
GN180535,1.0,0.0,1.0,0.0,1.0,0,0,0,0,0,0,0,0,0
GN200101,0.0,0.0,0.0,0.0,0.0,1,1,0,1,1,0,0,0,0
GCA_022069245,1.0,0.0,1.0,0.0,1.0,1,0,0,1,0,0,0,0,1
GN122355,0.0,0.0,0.0,0.0,1.0,1,0,0,0,0,0,0,0,0
GCA_022083655,0.0,0.0,1.0,0.0,1.0,1,1,0,0,0,0,1,1,0
GN121066,0.0,0.0,0.0,0.0,1.0,1,1,0,1,1,0,0,0,1
GCA_022074105,0.0,0.0,1.0,0.0,1.0,1,1,0,0,0,0,1,1,0
GN110072,1.0,0.0,1.0,0.0,1.0,1,1,0,0,0,0,0,1,0
GN060971,0.0,0.0,0.0,0.0,1.0,0,0,0,0,0,0,0,0,0
GN122435,0.0,0.0,0.0,0.0,0.0,0,0,0,0,0,0,0,0,0
GCA_022085075,0.0,0.0,0.0,0.0,1.0,1,0,0,0,0,1,0,1,1
GCA_022087825,1.0,0.0,1.0,0.0,1.0,0,0,0,0,0,0,0,0,0
GN171918,0.0,0.0,0.0,0.0,1.0,1,1,1,1,0,0,0,1,1
GN111079,0.0,0.0,0.0,0.0,1.0,0,0,0,0,0,0,0,0,0
GN180567,0.0,0.0,0.0,0.0,1.0,1,1,0,1,1,0,0,0,0
GCA_022061085,1.0,0.0,1.0,0.0,1.0,1,0,0,0,0,1,0,1,0
GN202402,1.0,0.0,1.0,0.0,1.0,1,1,1,0,0,0,0,1,1
GN201506,0.0,0.0,0.0,0.0,0.0,1,0,0,0,0,0,0,0,0
GN183221,0.0,0.0,0.0,0.0,1.0,0,0,0,0,0,0,0,0,0
GN122844,0.0,0.0,0.0,0.0,1.0,1,1,0,1,0,0,1,1,0
GN162167,0.0,0.0,0.0,0.0,0.0,1,0,0,1,0,0,0,0,0
GN071400,0.0,0.0,0.0,0.0,0.0,0,0,0,0,0,1,0,0,0
GN172071,0.0,0.0,0.0,0.0,1.0,1,1,0,1,0,0,0,1,1
GN100552,0.0,0.0,0.0,0.0,1.0,0,0,0,0,0,0,0,0,0
GN202698,1.0,0.0,1.0,0.0,1.0,0,1,0,1,0,0,0,0,1
GCA_003288375,1.0,0.0,1.0,0.0,1.0,1,1,0,0,0,0,1,1,0
GCA_022090935,1.0,0.0,0.0,0.0,1.0,1,1,1,1,0,0,1,0,0
GCA_004924315,0.0,0.0,0.0,0.0,0.0,0,0,0,0,0,0,0,0,0
GN182424,1.0,0.0,1.0,0.0,1.0,1,1,0,0,0,0,0,1,0
GN121805,0.0,0.0,0.0,0.0,0.0,0,0,0,0,0,0,0,0,0
GN080409,0.0,0.0,0.0,0.0,0.0,0,0,0,0,0,0,0,0,0
GCA_022070945,1.0,0.0,1.0,0.0,1.0,1,1,0,0,0,0,0,1,1
GN091262,0.0,0.0,0.0,0.0,1.0,1,1,0,1,1,0,0,0,1
GN131312,0.0,0.0,0.0,0.0,1.0,1,1,0,1,1,0,0,0,0
GN080924,0.0,0.0,0.0,0.0,1.0,1,1,0,0,0,0,0,1,0
GN110892,0.0,0.0,0.0,0.0,1.0,0,1,0,0,0,0,0,0,0
GN131347,0.0,0.0,0.0,0.0,1.0,0,0,0,0,1,0,0,0,0
GCA_022064385,1.0,0.0,1.0,0.0,1.0,1,1,1,0,0,0,1,0,0
GN201658,0.0,0.0,0.0,0.0,1.0,0,0,0,0,1,0,0,0,0
GCA_022060305,1.0,0.0,1.0,0.0,1.0,1,1,1,0,0,0,1,0,0
GCA_022086225,1.0,0.0,1.0,0.0,1.0,1,0,0,0,0,1,0,1,0
GN141491,0.0,0.0,0.0,0.0,1.0,1,0,0,0,0,0,1,1,1
GN060554,0.0,0.0,0.0,0.0,1.0,0,1,0,1,0,0,0,1,0
GN141350,0.0,0.0,0.0,0.0,0.0,0,0,0,0,0,0,0,0,0
GN120403,0.0,0.0,0.0,0.0,1.0,1,1,0,1,1,0,0,0,0
GN121010,0.0,0.0,0.0,0.0,0.0,0,0,0,0,0,0,0,0,0
GN130995,0.0,0.0,0.0,0.0,0.0,0,0,0,0,0,0,0,0,0
GCA_022059225,0.0,0.0,0.0,0.0,1.0,0,0,0,0,0,0,0,0,0
GN192415,0.0,0.0,0.0,0.0,1.0,0,1,0,0,0,0,0,1,0
GN110341,0.0,0.0,0.0,0.0,0.0,0,0,0,0,0,0,0,0,0
GN200964,1.0,0.0,1.0,0.0,1.0,1,1,0,1,0,0,0,0,1
GN081137,0.0,0.0,0.0,0.0,1.0,1,0,1,0,0,0,0,1,1
GN201404,0.0,0.0,0.0,0.0,0.0,1,0,0,0,0,0,0,0,0
GCA_022073925,1.0,0.0,1.0,0.0,1.0,1,0,0,0,0,0,0,1,1
GCA_022083575,1.0,0.0,1.0,0.0,1.0,1,1,0,0,0,0,1,1,0
GN163460,0.0,0.0,0.0,0.0,1.0,0,0,0,0,0,0,0,0,0
GN193500,1.0,0.0,1.0,0.0,1.0,1,0,0,1,0,1,0,1,1
GN190447,1.0,0.0,1.0,0.0,1.0,0,0,0,0,0,0,0,0,0
GCA_022062285,0.0,0.0,1.0,0.0,1.0,1,1,0,0,0,0,1,1,0
GN121944,0.0,0.0,0.0,0.0,0.0,0,0,0,0,0,0,0,0,0
GN120782,0.0,0.0,0.0,0.0,1.0,1,1,0,0,1,0,0,1,1
GN061104,0.0,0.0,0.0,0.0,1.0,1,0,0,0,1,0,0,1,0
GN182421,0.0,0.0,0.0,0.0,1.0,1,1,0,0,0,0,0,0,0
GN060174,0.0,0.0,0.0,0.0,1.0,0,0,0,0,0,0,0,0,0
GN181717,0.0,0.0,0.0,0.0,1.0,1,0,0,0,0,0,0,0,0
GN180028,0.0,0.0,0.0,0.0,1.0,1,0,0,1,0,0,0,1,1
GCA_022075405,0.0,0.0,0.0,0.0,1.0,0,0,0,0,0,0,0,0,0
GN110567,0.0,0.0,0.0,0.0,0.0,1,0,0,0,0,0,0,0,0
GN165006,0.0,0.0,0.0,0.0,0.0,0,0,0,0,0,0,0,0,0
GN203728,0.0,0.0,0.0,0.0,1.0,1,1,0,1,1,0,0,0,1
GCA_022082115,1.0,0.0,1.0,0.0,1.0,0,0,0,0,0,0,0,0,0
GN132252,0.0,0.0,0.0,0.0,1.0,1,0,0,1,0,1,0,0,1
GCA_022089025,0.0,0.0,1.0,0.0,1.0,1,1,0,0,0,0,1,1,0
GN150956,0.0,0.0,0.0,0.0,1.0,0,0,0,0,0,0,0,0,0
GN203572,0.0,0.0,0.0,0.0,1.0,1,0,0,1,1,0,0,0,1
GCA_022080275,1.0,0.0,1.0,0.0,1.0,1,0,0,0,0,1,0,1,1
GN191478,1.0,0.0,1.0,0.0,0.0,0,1,0,0,0,0,0,0,0
GN080784,0.0,0.0,0.0,0.0,1.0,0,0,0,0,0,0,0,0,0
GCA_022083915,1.0,0.0,1.0,0.0,1.0,1,1,0,0,0,0,1,1,0
GCA_022088665,1.0,0.0,1.0,0.0,1.0,1,1,1,0,0,0,1,0,0
GN121001,0.0,0.0,0.0,0.0,0.0,0,0,0,0,0,0,0,0,0
GN120622,0.0,0.0,0.0,0.0,0.0,0,0,0,0,0,0,0,0,0
GN171900,0.0,0.0,0.0,0.0,1.0,1,1,1,1,0,0,0,1,1
GN122863,0.0,0.0,0.0,0.0,1.0,0,0,0,1,0,0,0,0,0
GN191126,0.0,0.0,0.0,0.0,0.0,1,0,0,0,0,0,0,0,0
GCA_022062865,1.0,0.0,1.0,0.0,1.0,0,0,0,0,0,0,0,0,0
GN122141,0.0,0.0,0.0,0.0,1.0,0,0,0,0,0,0,0,0,1
GN101680,0.0,0.0,0.0,0.0,1.0,1,1,0,1,1,0,0,0,1
GN141635,1.0,0.0,1.0,0.0,1.0,1,1,0,1,0,0,1,1,0
GN191911,1.0,0.0,1.0,0.0,1.0,1,1,0,0,0,0,0,1,0
GCA_022083855,0.0,0.0,0.0,0.0,1.0,0,0,0,0,0,0,0,0,0
GCA_022080515,1.0,0.0,1.0,0.0,1.0,1,1,0,0,0,0,1,1,0
GCF_001875135,1.0,0.0,1.0,0.0,1.0,1,0,0,0,0,0,0,1,1
GCA_022080315,0.0,0.0,0.0,0.0,0.0,0,0,0,0,1,0,0,1,0
GN200977,1.0,0.0,1.0,0.0,1.0,1,1,0,1,0,0,0,1,1
GN201375,0.0,0.0,0.0,0.0,1.0,1,0,0,1,1,0,0,0,1
GCA_022070725,1.0,0.0,1.0,0.0,1.0,1,1,0,0,0,0,1,1,0
GCA_022086795,1.0,0.0,1.0,0.0,1.0,1,1,1,0,0,1,0,1,0
GN203883,0.0,0.0,0.0,0.0,1.0,1,1,0,1,1,0,0,0,1
GN100624,0.0,0.0,0.0,0.0,0.0,0,0,0,0,0,0,0,0,0
GCA_022079575,1.0,1.0,1.0,1.0,1.0,0,0,0,0,0,0,0,0,0
GN080432,0.0,0.0,0.0,0.0,1.0,0,0,0,0,0,0,0,0,0
GN122433,1.0,0.0,1.0,0.0,1.0,1,1,0,0,0,0,1,0,0
GN130749,0.0,0.0,0.0,0.0,1.0,1,1,0,1,0,0,0,1,1
GN181095,0.0,0.0,0.0,0.0,1.0,1,1,0,1,0,0,0,0,0
GN120637,0.0,0.0,0.0,0.0,1.0,0,0,0,0,0,0,0,0,0
GN121503,0.0,0.0,0.0,0.0,0.0,1,1,0,1,1,0,0,0,0
GN200043,1.0,0.0,1.0,0.0,0.0,1,0,0,1,1,0,0,0,1
GN182707,1.0,0.0,1.0,0.0,1.0,1,1,0,1,0,0,0,1,0
GCA_022062665,1.0,0.0,1.0,0.0,1.0,0,0,0,0,0,1,0,1,0
GN151044,0.0,0.0,0.0,0.0,1.0,1,1,0,1,1,0,0,0,0
GN141408,0.0,0.0,0.0,0.0,1.0,0,0,0,0,0,0,0,0,0
GN191661,0.0,0.0,0.0,0.0,0.0,1,1,0,0,0,0,0,0,0
GCA_022079995,1.0,0.0,1.0,0.0,1.0,1,0,0,0,0,0,0,1,1
GN081270,0.0,0.0,0.0,0.0,0.0,1,1,0,0,1,0,0,0,1
GN192339,0.0,0.0,0.0,0.0,1.0,1,1,0,1,1,0,0,0,0
GCA_022070325,1.0,0.0,1.0,0.0,1.0,1,1,0,0,0,0,1,1,0
GCA_022070245,0.0,0.0,0.0,0.0,1.0,1,0,0,0,0,1,0,1,1
GCA_022073665,1.0,0.0,1.0,0.0,1.0,1,1,0,0,0,0,1,1,0
GCA_022062405,1.0,0.0,1.0,0.0,1.0,0,0,0,0,0,0,0,0,0
GN101087,0.0,0.0,0.0,0.0,1.0,0,0,0,0,0,0,0,0,0
GN181120,0.0,0.0,0.0,0.0,1.0,1,1,0,1,1,0,0,0,0
GN183249,0.0,0.0,0.0,0.0,0.0,1,1,0,1,0,0,0,1,1
GN202496,1.0,0.0,1.0,0.0,1.0,0,0,0,0,0,0,0,0,0
GN121440,1.0,0.0,1.0,0.0,1.0,1,0,1,1,0,1,0,1,1
GCA_022074495,1.0,0.0,1.0,0.0,1.0,1,1,0,0,0,0,1,1,0
GN121446,1.0,0.0,1.0,0.0,1.0,1,1,0,1,0,0,1,1,0
GCA_022078725,1.0,0.0,1.0,0.0,1.0,0,0,0,0,0,0,0,0,0
GN193461,0.0,0.0,0.0,0.0,1.0,0,0,0,0,0,0,0,0,0
GN165017,0.0,0.0,0.0,0.0,1.0,0,0,0,0,0,0,0,0,0
GN131068,0.0,0.0,0.0,0.0,1.0,1,1,0,0,0,0,0,1,0
GN122009,0.0,0.0,0.0,0.0,1.0,0,0,0,0,0,0,0,0,0
GN100373,0.0,0.0,0.0,0.0,0.0,0,0,0,0,0,0,0,0,0
GN121394,0.0,0.0,0.0,0.0,1.0,0,1,0,0,0,0,0,1,0
GN165043,0.0,0.0,0.0,0.0,1.0,1,1,0,1,0,0,0,1,1
GCA_022064685,0.0,0.0,0.0,0.0,1.0,0,1,0,0,0,0,0,0,0
GCA_000694155,1.0,0.0,1.0,0.0,1.0,1,1,0,0,0,0,0,0,1
GN201181,1.0,0.0,1.0,0.0,1.0,0,1,0,0,0,0,0,1,0
GN121208,0.0,0.0,0.0,0.0,1.0,0,1,0,0,0,0,0,1,0
GN100933,0.0,0.0,0.0,0.0,0.0,1,0,0,0,0,1,0,1,0
